Workbook

Sheet Инструкция
A1: Учёт предварительных и периодических медицинских осмотров
A2: ООО «Авиационные интерьеры-СН»
A3: Составлено на основании Приказа №43 от 03.04.2026 «Об утверждении перечня должностей и профессий в ООО «Авиационные интерьеры-СН», подлежащих предварительному (периодическому) медицинскому осмотру» и штатного расписания (по состоянию на 05.10.2026; ранее — 04.09.2026).
A5: Лист «Перечень должностей»
A6: Перечень должностей и профессий из Приложения №1 к Приказу №43, пункты приказов №988н/1420н от 31.12.2020 и №29н от 28.01.2021. Столбец «Периодичность периодического осмотра, мес.» проверен по таблице периодичности из приложения к Порядку (Приказ №29н) и подтверждён на уровне 12 месяцев для всех 45 должностей; столбец «Обоснование периодичности» показывает, какой пункт это определяет. Поле остаётся редактируемым (выделено жёлтым) на случай изменения перечня факторов после специальной оценки условий труда.
A8: Лист «Учёт медосмотров»
A9: Построчно по каждому сотруднику: должность, пункты приказа, дата предварительного осмотра (жёлтым, вносится фактическая дата), дата последнего фактически пройденного периодического осмотра (жёлтым, заполняется по мере прохождения) и расчётная дата очередного периодического осмотра. Далее - подлежит ли должность психиатрическому освидетельствованию по Приказу №342н, дата его фактического прохождения (жёлтым) и внутренняя контрольная дата повторного освидетельствования (+5 лет; законом не требуется — см. п.6 ниже). Столбцы с расчётными датами окрашиваются автоматически: красный - срок уже прошёл, жёлтый - наступает в течение 30 дней, зелёный - срок ещё не подошёл. Пустая дата предварительного осмотра также подсвечивается красным. Последний столбец отмечает «ДА», если дата предварительного осмотра позже даты приёма на работу (возможное нарушение).
A11: Лист «Дашборд»
A12: Сводные показатели по компании и по площадкам: у скольких указаны даты предварительного, периодического и психиатрического освидетельствования, у скольких просрочена плановая дата, сколько случаев требуют проверки на нарушение сроков.
A14: Лист «Соответствие»
A15: Служебная таблица для формул ИНДЕКС и ПОИСКПОЗ: сопоставление названия должности пункту Перечня. Лист скрыт, редактировать не нужно.
A17: Источники данных:
... A37: Дата формирования файла: 10.09.2026. Последнее обновление: 13.10.2026 (сверка со штатным расписанием от 05.10.2026).

Sheet Сверка 05.10.2026
A1: Сверка учёта медосмотров со штатным расписанием от 05.10.2026 и Приказом №43 от 03.04.2026
A2: Дата сверки: 13.10.2026. Источник: «Штатка плоская» (выгрузка 1С, 737 строк, 129 подразделений).
A4: 1. Итоги
A5: Показатель | B5: Кол-во
A6: Было в учёте (до сверки) | B6: 365
A7: Исключено: нет в штатном расписании (уволены) — перенесены на лист «Выбывшие» | B7: 6
A8: Добавлено: должность входит в Перечень, сотрудника не было в учёте | B8: 12
A9: Стало в учёте | B9: =COUNTA('Учёт медосмотров'!$C$2:$C$372) -> 371
A10: Изменения должности/подразделения у сотрудников в учёте (см. ниже) | B10: 104
A11: Из них: должность после переименования отсутствует в Приказе №43 | B11: 33
A13: 2. Добавлены в учёт
A14: № | B14: ФИО | C14: Должность | D14: Подразделение | E14: Площадка | F14: Дата приёма | G14: Примечание
A15: 1 | B15: Картузов Павел Борисович | C15: Сборщик стеклопластиковых изделий 3 разряда | D15: Мебельный участок МШ | E15: Машково | F15: 46286 | G15: ДОБАВЛЕН 13.10.2026 по штатному расписанию от 05.10.2026 (принят 21.09.2026)
A16: 2 | B16: Кляцкин Антон Борисович | C16: Техник-сборщик 3 разряда | D16: Мебельный участок МШ | E16: Машково | F16: 46163 | G16: ДОБАВЛЕН 13.10.2026 по штатному расписанию от 05.10.2026 (принят 21.05.2026). Должности «Техник-сборщик 3 разряда» нет в Приказе №43 — пункты временно по п.21 Перечня (аналогичная профессия подразделения), требуется изменение Приказа №43
A17: 3 | B17: Каретников Роман Григорьевич | C17: Техник 3 разряда | D17: Участок декоративной отделки МШ | E17: Машково | F17: 46267 | G17: ДОБАВЛЕН 13.10.2026 по штатному расписанию от 05.10.2026 (принят 02.09.2026). Должности «Техник 3 разряда» нет в Приказе №43 — пункты временно по п.36 Перечня (аналогичная профессия подразделения), требуется изменение Приказа №43
A18: 4 | B18: Дубинкин Александр Сергеевич | C18: Мастер участка | D18: Механический участок МШ | E18: Машково | F18: 46290 | G18: ДОБАВЛЕН 13.10.2026 по штатному расписанию от 05.10.2026 (принят 25.09.2026)
A19: 5 | B19: Иванов Юрий Сергеевич | C19: Оператор станков с ЧПУ 4 разряда | D19: Механический участок МШ | E19: Машково | F19: 46286 | G19: ДОБАВЛЕН 13.10.2026 по штатному расписанию от 05.10.2026 (принят 21.09.2026). Написание должности отличается от Приказа №43 («Оператор станка с ЧПУ», п.30). Площадка в штатке не указана — проставлена по подразделению «МШ», уточнить
A20: 6 | B20: Серебреников Артем Андреевич | C20: Оператор станков с ЧПУ 3 разряда | D20: Механический участок МШ | E20: Машково | F20: 46296 | G20: ДОБАВЛЕН 13.10.2026 по штатному расписанию от 05.10.2026 (принят 01.10.2026). Написание должности отличается от Приказа №43 («Оператор станка с ЧПУ», п.30)
A21: 7 | B21: Тверитин Сергей Алексеевич | C21: Инженер-механик | D21: Служба главного инженера Р | E21: Руднево | F21: 46296 | G21: ДОБАВЛЕН 13.10.2026 по штатному расписанию от 05.10.2026 (принят 01.10.2026)
A22: 8 | B22: Коровин Сергей Юрьевич | C22: Кладовщик | D22: Склад Р | E22: Руднево | F22: 46297 | G22: ДОБАВЛЕН 13.10.2026 по штатному расписанию от 05.10.2026 (принят 02.10.2026)
A23: 9 | B23: Власова Ольга Вячеславовна | C23: Электромонтажник 3 разряда | D23: Участок РЭО В | E23: Воронеж | F23: 46293 | G23: ДОБАВЛЕН 13.10.2026 по штатному расписанию от 05.10.2026 (принят 28.09.2026)
A24: 10 | B24: Ефременко Роман Вадимович | C24: Слесарь-сборщик 5 разряда | D24: Участок сборки В | E24: Воронеж | F24: 46296 | G24: ДОБАВЛЕН 13.10.2026 по штатному расписанию от 05.10.2026 (принят 01.10.2026)
A25: 11 | B25: Проглядов Евгений Александрович | C25: Слесарь-сборщик 5 разряда | D25: Участок сборки В | E25: Воронеж | F25: 46286 | G25: ДОБАВЛЕН 13.10.2026 по штатному расписанию от 05.10.2026 (принят 21.09.2026)
A26: 12 | B26: Канавец Михаил Сергеевич | C26: Кладовщик | D26: Склад В | E26: Воронеж | F26: 46269 | G26: ДОБАВЛЕН 13.10.2026 по штатному расписанию от 05.10.2026 (принят 04.09.2026)
A28: 3. Исключены (нет в штатном расписании)
A29: № | B29: ФИО | C29: Должность | D29: Подразделение | E29: Площадка | F29: Дата приёма | G29: Примечание
A30: 52 | B30: Макарцова Инна Михайловна | C30: Кладовщик | D30: Производственное подразделение №6 | E30: Воронеж | F30: 45770 | G30: Перенесён на лист «Выбывшие»; дата предварительного осмотра в учёте отсутствовала
A31: 98 | B31: Бакланов Виктор Георгиевич | C31: Ведущий диспетчер | D31: Планово-диспетчерский отдел | E31: Машково | F31: 46139 | G31: Перенесён на лист «Выбывшие»
A32: 302 | B32: Федотов Кирилл Сергеевич | C32: Оператор станка с ЧПУ 4 разряда | D32: Механический участок | E32: Руднево | F32: 46140 | G32: Перенесён на лист «Выбывшие»
A33: 304 | B33: Щербинин Вадим Сергеевич | C33: Мастер участка | D33: Механический участок | E33: Руднево | F33: 46036 | G33: Перенесён на лист «Выбывшие»; дата предварительного осмотра в учёте отсутствовала
A34: 318 | B34: Лотоненко Александр Юрьевич | C34: Слесарь-сборщик 5 разряда | D34: Механический участок | E34: Руднево | F34: 45950 | G34: Перенесён на лист «Выбывшие»
A35: 322 | B35: Пилюта Артём Михайлович | C35: Слесарь механосборочных работ 2 разряда | D35: Механический участок | E35: Руднево | F35: 46156 | G35: Перенесён на лист «Выбывшие»
A37: 4. КРИТИЧНО: переименования/переводы, влияющие на применение Приказа №43
A38: № (стар.) | B38: ФИО | C38: Изменение
A39: 132 | B39: Богданов Александр Викторович | C39: Перевод: было «Монтажник электрооборудования летательных аппаратов 5 разряда» (п.37) → «Электромонтажник 5 разряда» (п.20). Пункты вредности изменились — проверить по карте СОУТ фактические факторы
A40: 133 | B40: Озорнов Игорь Валерьевич | C40: Перевод: было «Монтажник электрооборудования летательных аппаратов 5 разряда» (п.37) → «Электромонтажник 5 разряда» (п.20). Пункты вредности изменились — проверить по карте СОУТ фактические факторы
A41: 134 | B41: Романов Дмитрий Евгеньевич | C41: Перевод: было «Монтажник электрооборудования летательных аппаратов 5 разряда» (п.37) → «Электромонтажник 5 разряда» (п.20). Пункты вредности изменились — проверить по карте СОУТ фактические факторы
A42: 135 | B42: Шабалин Александр Сергеевич | C42: Перевод: было «Монтажник электрооборудования летательных аппаратов 5 разряда» (п.37) → «Электромонтажник 5 разряда» (п.20). Пункты вредности изменились — проверить по карте СОУТ фактические факторы
A43: 136 | B43: Бабенко Олег Анатольевич | C43: Переименование: было «Столяр 6 разряда» → «Техник-сборщик 5 разряда». Должности нет в Приказе №43 — пункты применены временно по прежней профессии (п.21 Перечня), требуется изменение Приказа №43
A44: 137 | B44: Макарский Станислав Иванович | C44: Переименование: было «Столяр 6 разряда» → «Техник-сборщик 5 разряда». Должности нет в Приказе №43 — пункты применены временно по прежней профессии (п.21 Перечня), требуется изменение Приказа №43
A45: 138 | B45: Мураев Вадим Викторович | C45: Переименование: было «Столяр 6 разряда» → «Техник-сборщик 5 разряда». Должности нет в Приказе №43 — пункты применены временно по прежней профессии (п.21 Перечня), требуется изменение Приказа №43
A46: 139 | B46: Алманов Вячеслав Михайлович | C46: Переименование: было «Столяр 4 разряда» → «Техник-сборщик 3 разряда». Должности нет в Приказе №43 — пункты применены временно по прежней профессии (п.21 Перечня), требуется изменение Приказа №43
A47: 141 | B47: Семенов Александр Александрович | C47: Переименование: было «Столяр 4 разряда» → «Техник-сборщик 3 разряда». Должности нет в Приказе №43 — пункты применены временно по прежней профессии (п.21 Перечня), требуется изменение Приказа №43
A48: 146 | B48: Анненков Олег Викторович | C48: Переименование: было «Столяр - краснодеревщик» → «Техник-сборщик 6 разряда». Должности нет в Приказе №43 — пункты применены временно по прежней профессии (п.21 Перечня), требуется изменение Приказа №43
A49: 147 | B49: Захаров Юрий Викторович | C49: Переименование: было «Столяр - краснодеревщик» → «Техник-сборщик 6 разряда». Должности нет в Приказе №43 — пункты применены временно по прежней профессии (п.21 Перечня), требуется изменение Приказа №43
A50: 148 | B50: Малышкин Сергей Константинович | C50: Переименование: было «Столяр - краснодеревщик» → «Техник-сборщик 6 разряда». Должности нет в Приказе №43 — пункты применены временно по прежней профессии (п.21 Перечня), требуется изменение Приказа №43
... A85: 321 | B85: Козлов Алексей Викторович | C85: Перевод: было «Оператор термопластавтомата 5 разряда» (п.43) → «Слесарь механосборочных работ 6 разряда» (п.32). Пункты вредности изменились — проверить по карте СОУТ фактические факторы
A87: 5. Прочие изменения (подразделение / написание должности) — пункты Перечня не меняются
A88: 57 записей: в основном новые названия подразделений с суффиксом площадки (М, МШ, Р, В, н/д) и разделение Производственного подразделения №6 (Воронеж) на участки. Детально — столбец R листа «Учёт медосмотров».
A90: 6. Должности штатного расписания вне Приказа №43, требующие оценки (производственные подразделения и склады)
A91: № | B91: ФИО | C91: Должность | D91: Подразделение | E91: Площадка | F91: Дата приёма | G91: Рекомендация
A92: 1 | B92: Хромов Антон Павлович | C92: Начальник участка | D92: Мебельный участок (МШ н/д) | E92: Машково | F92: 44258 | G92: В Приказе №43 нет. Работа в производственном подразделении/на складе — оценить по карте СОУТ; при наличии вредных факторов включить в Приказ.
A93: 2 | B93: Семанин Артем Владимирович | C93: Инженер-программист станков с ЧПУ 3 категории | D93: Мебельный участок (МШ н/д) | E93: Машково | F93: 40210 | G93: В Приказе №43 нет. Работа в производственном подразделении/на складе — оценить по карте СОУТ; при наличии вредных факторов включить в Приказ.
A94: 3 | B94: Корянов Олег Владимирович | C94: Начальник участка | D94: Участок декоративной отделки (МШ н/д) | E94: Машково | F94: 40878 | G94: В Приказе №43 нет. Работа в производственном подразделении/на складе — оценить по карте СОУТ; при наличии вредных факторов включить в Приказ.
A95: 4 | B95: Максимов Юрий Анатольевич | C95: Инженер-программист станков с ЧПУ 2 категории | D95: Мебельный участок МШ | E95: Машково | F95: 41061 | G95: В Приказе №43 нет. Работа в производственном подразделении/на складе — оценить по карте СОУТ; при наличии вредных факторов включить в Приказ. Ранее в учёте как «Оператор-наладчик станков с ЧПУ».
A96: 5 | B96: Ерошин Владимир Григорьевич | C96: Начальник участка | D96: Слесарный участок МШ | E96: Машково | F96: 46286 | G96: В Приказе №43 нет. Работа в производственном подразделении/на складе — оценить по карте СОУТ; при наличии вредных факторов включить в Приказ.
A97: 6 | B97: Коровина Марина Андреевна | C97: Заместитель заведующего складом | D97: Склад МШ | E97: Машково | F97: 45180 | G97: В Приказе №43 нет. Работа в производственном подразделении/на складе — оценить по карте СОУТ; при наличии вредных факторов включить в Приказ.
A98: 7 | B98: Романова Марина Викторовна | C98: Заместитель заведующего складом | D98: Склад МШ | E98: Машково | F98: 40030 | G98: В Приказе №43 нет. Работа в производственном подразделении/на складе — оценить по карте СОУТ; при наличии вредных факторов включить в Приказ.
A99: 8 | B99: Бунина Екатерина Владимировна | C99: Заведующий складом | D99: Склад МШ | E99: Машково | F99: 42461 | G99: В Приказе №43 нет. Работа в производственном подразделении/на складе — оценить по карте СОУТ; при наличии вредных факторов включить в Приказ.
A100: 9 | B100: Куликова Юлия Борисовна | C100: Руководитель производственного цеха | D100: Производственный цех Руднево | E100: Руднево | F100: 46237 | G100: В Приказе №43 нет. Работа в производственном подразделении/на складе — оценить по карте СОУТ; при наличии вредных факторов включить в Приказ.
A101: 10 | B101: Евсеев Дмитрий Андреевич | C101: Заместитель руководителя производственного цеха | D101: Производственный цех Руднево | E101: Руднево | F101: 46286 | G101: В Приказе №43 нет. Работа в производственном подразделении/на складе — оценить по карте СОУТ; при наличии вредных факторов включить в Приказ.
A102: 11 | B102: Пушкин Сергей Олегович | C102: Начальник участка | D102: Участок сборки Р | E102: Руднево | F102: 45028 | G102: В Приказе №43 нет. Работа в производственном подразделении/на складе — оценить по карте СОУТ; при наличии вредных факторов включить в Приказ.
A104: 7. Проверка требований: Приказ №43 и законодательство
A105: № | B105: Требование / объект | C105: Факт | D105: Вывод
A106: 7.1 | B106: Пункты 988н/1420н/29н на листе «Перечень должностей» ↔ Приложение №1 к Приказу №43 | C106: Сверено построчно по скану приказа (45 позиций). Пункты совпадают во всех 45 строках. | D106: Соответствует
A107: 7.2 | B107: Наименования позиций №2 и №45 на листе «Перечень» | C107: В лист добавлены «инженер-электрик» (№2) и «старший охраны объекта» (№45) — в тексте Приказа №43 их НЕТ (внутреннее решение от 10.09.2026). Жусев А.А., Рукин Д.И. в штате. | D107: Требуется изменение Приказа №43
A108: 7.3 | B108: Переименования в штатном расписании (Машково) | C108: Столяр/Столяр-краснодеревщик → Техник-сборщик (22 чел.); Маляр → Техник (12 чел.); Оператор станка с ЧПУ → Оператор станков с ЧПУ (4 чел.); Оператор-наладчик станков с ЧПУ → Инженер-программист станков с ЧПУ; Монтажник электрооборудования ЛА → Электромонтажник (4 чел.). Переименование не устраняет вредные факторы. Новых наименований в Приказе №43 нет. | D108: Требуется изменение Приказа №43 (п.3.2 приказа; ст. 214, 220 ТК РФ)
A109: 7.4 | B109: Монтажник электрооборудования ЛА → Электромонтажник (Богданов, Озорнов, Романов, Шабалин) | C109: По п.37 были хим. факторы (п.1.8.4, 1.12, 1.15, 1.25, 1.27, 1.44 — пайка, компаунды). По п.20 «Электромонтажник» их нет. Если работа прежняя — осмотр по п.20 будет неполным. | D109: Проверить по карте СОУТ
A110: 7.5 | B110: Периодичность периодического осмотра 12 мес. | C110: Сверено по тексту 29н (ред. 327н от 29.04.2026), приложение к Порядку. Все 45 позиций: минимальный интервал 1 раз в год, столбец «Обоснование» совпадает полностью. №45 (сторожа) — ежегодно по п.5.1 «Тяжесть трудового процесса» (1 раз в год). | D110: Соответствует (подтверждено по первоисточнику)
A111: 7.6 | B111: Работники моложе 21 года | C111: Анисимов Игорь Владимирович (род. 28.11.2005) — ежегодный осмотр обязателен независимо от факторов. Уже обеспечено (12 мес.). | D111: Соответствует
A112: 7.7 | B112: Психиатрическое освидетельствование, «1 раз в 5 лет» | C112: Текст 342н (ред. 392н): периодичности нет. Освидетельствование — при приёме на вид деятельности из Прил.№2 (п.1), по признакам психического расстройства по итогам периодического осмотра (п.4(1)). Повторно не требуется, если работник ранее (не позднее 2 лет) проходил его по тому же виду деятельности и признан пригодным (п.5). «Не более пяти лет» (п.4(2), ст.6 Закона №3185-1) — срок временной непригодности. Столбец P — внутренняя мера. | D112: Исправлено
A113: 7.8 | B113: Изменения 342н с 01.03.2026 (Приказ №392н от 02.07.2025) | C113: Текст 342н в ред. 392н: нумерация Приложения №2 сохранена (п.10 утратил силу с 01.03.2026). п.1 — транспорт (ПП №2349), п.11 — электроэнергетика, п.12 — теплоснабжение, п.13 — оборудование под давлением, учтённое в Ростехнадзоре, п.6 — краны, учтённые в Ростехнадзоре, п.4 — оборот оружия. | D113: Ссылки на листе «Перечень» корректны
A114: 7.9 | B114: Срок действия 988н/1420н и 29н | C114: Оба приказа действуют до 01.04.2027. Новых приказов на замену в открытых источниках не найдено. | D114: Контроль: переутвердить Приказ №43 после выхода новых НПА
A115: 7.10 | B115: Внешние совместители | C115: 3 внешних совместителя в должностях Перечня (Крючкова М.И., Тимофеева Г.П., Лебедева В.М.) — в учёте есть. Медосмотр обязателен и по совместительству. | D115: Соответствует
A116: 7.11 | B116: Позиция №12 «Специалист» | C116: Включена только должность «Специалист» (бухгалтерия, делопроизводство и др. — офисные). «Ведущий/главный специалист» тех же отделов (22 чел.) не включены. Факторы п.4.4 (шум) для офисных работников нетипичны. | D116: Пересмотреть позицию по картам СОУТ
... A126: 7.21 | B126: Условия по 342н для «Нет» / «-» | C126: Главный механик, сборщик стеклопластиковых изделий — «Да», если непосредственно обслуживают оборудование под давлением >0,07 МПа, учтённое в Ростехнадзоре (п.13). Кладовщики — если управляют кранами, учтёнными в Ростехнадзоре (п.6). Сторожа — если работают с оружием (п.4). | D126: Подтвердить по фактическим работам

Sheet Перечень должностей
A1: № п/п | B1: Наименование должности, профессии | C1: Пункты приказа №988н/1420н от 31.12.2020; №29н от 28.01.2021 | D1: Периодичность периодического осмотра, мес. | E1: Обоснование периодичности (пункты с периодичностью 1 раз в год по Приложению к Порядку, Приказ №29н) | F1: Психиатрическое освидетельствование (Приказ №342н) | G1: Основание / примечание к психиатрическому освидетельствованию | H1: Численность по учёту (чел.)
A2: 1 | B2: Рабочий по комплексному обслуживанию и ремонту зданий | C2: п.4.3.1, п.4.4, п.4.7, п.4.8, п.5.1, п.6.1 | D2: 12 | E2: п.4.4, п.5.1, п.6.1 | F2: - | H2: =COUNTIF('Учёт медосмотров'!$H$2:$H$372,A2) -> 3
A3: 2 | B3: Электромонтер по ремонту и обслуживанию электрооборудования, инженер-электрик | C3: п.4.2.3, п.4.3.1, п.4.3.2, п.4.4, п.5.1, п.5.2, п.6.2, п.9 | D3: 12 | E3: п.4.4, п.5.1, п.6.2 | F3: Да | G3: п.11 Приложения №2 (сфера электроэнергетики: монтаж, наладка, техобслуживание, ремонт, управление режимом работы электроустановок). Применимо при обслуживании электроустановок предприятия (электротехнический персонал) | H3: =COUNTIF('Учёт медосмотров'!$H$2:$H$372,A3) -> 5
A4: 3 | B4: Механик | C4: п.1.50, п.4.3.2, п.4.4, п.4.7, п.4.8, п.5.1, п.5.2, п.6.2, п.15 | D4: 12 | E4: п.4.4, п.5.1, п.6.2 | F4: - | H4: =COUNTIF('Учёт медосмотров'!$H$2:$H$372,A4) -> 1
A5: 4 | B5: Инженер по эксплуатации зданий и сооружений | C5: п.4.3.1, п.4.4, п.5.1, п.5.2, п.6.2 | D5: 12 | E5: п.4.4, п.5.1, п.6.2 | F5: - | H5: =COUNTIF('Учёт медосмотров'!$H$2:$H$372,A5) -> 1
A6: 5 | B6: Главный энергетик | C6: п.4.4, п.5.2, п.6.2 | D6: 12 | E6: п.4.4, п.6.2 | F6: Да | G6: п.11-12 Приложения №2 (электроустановки и объекты теплоснабжения в ведении главного энергетика) | H6: =COUNTIF('Учёт медосмотров'!$H$2:$H$372,A6) -> 1
A7: 6 | B7: Главный механик | C7: п.4.4, п.5.2, п.6.2 | D7: 12 | E7: п.4.4, п.6.2 | F7: Нет | G7: уточнено специалистом по охране труда: главный механик психиатрическое освидетельствование не проходит. Условие: при непосредственном обслуживании оборудования под давлением >0,07 МПа, учтённого в Ростехнадзоре, — п.13 Прил.№2, тогда «Да» | H7: =COUNTIF('Учёт медосмотров'!$H$2:$H$372,A7) -> 1
A8: 7 | B8: Разнорабочий | C8: п.4.3.1, п.4.4, п.4.7, п.4.8, п.5.1, п.6.1 | D8: 12 | E8: п.4.4, п.5.1, п.6.1 | F8: - | H8: =COUNTIF('Учёт медосмотров'!$H$2:$H$372,A8) -> 3
A9: 8 | B9: Слесарь-ремонтник | C9: п.4.3.1, п.4.4, п.5.1, п.6.2, п.15 | D9: 12 | E9: п.4.4, п.5.1, п.6.2 | F9: - | H9: =COUNTIF('Учёт медосмотров'!$H$2:$H$372,A9) -> 1
A10: 9 | B10: Ведущий специалист по реставрации, реставратор | C10: п.4.3.1, п.4.4, п.5.1, п.5.2, п.15 | D10: 12 | E10: п.4.4, п.5.1 | F10: - | H10: =COUNTIF('Учёт медосмотров'!$H$2:$H$372,A10) -> 2
A11: 10 | B11: Уборщик производственных и служебных помещений, уборщик служебных помещений, старший технический работник, технический работник | C11: п.1.48, п.4.3.1, п.4.4, п.5.1 | D11: 12 | E11: п.4.4, п.5.1 | F11: - | H11: =COUNTIF('Учёт медосмотров'!$H$2:$H$372,A11) -> 16
A12: 11 | B12: Инженер-механик, механик-наладчик | C12: п.4.3.1, п.4.3.2, п.4.4, п.4.6, п.5.1, п.6.2 | D12: 12 | E12: п.4.4, п.4.6, п.5.1, п.6.2 | F12: - | H12: =COUNTIF('Учёт медосмотров'!$H$2:$H$372,A12) -> 2
A13: 12 | B13: Специалист | C13: п.4.4, п.5.1, п.5.2 | D13: 12 | E13: п.4.4, п.5.1 | F13: - | H13: =COUNTIF('Учёт медосмотров'!$H$2:$H$372,A13) -> 7
A14: 13 | B14: Инженер ОТК, контролер ОТК | C14: п.4.4, п.5.1, п.5.2 | D14: 12 | E14: п.4.4, п.5.1 | F14: - | H14: =COUNTIF('Учёт медосмотров'!$H$2:$H$372,A14) -> 14
A15: 14 | B15: Старший кладовщик, кладовщик, кладовщик-комплектовщик | C15: п.4.4, п.5.1, п.6.2 | D15: 12 | E15: п.4.4, п.5.1, п.6.2 | F15: - | G15: Условие: при управлении кранами, учтёнными в Ростехнадзоре, — п.6 Прил.№2, тогда «Да» | H15: =COUNTIF('Учёт медосмотров'!$H$2:$H$372,A15) -> 27
A16: 15 | B16: Лаборант | C16: п.1.49.2, п.1.49.14, п.1.50, п.4.3.1, п.4.4, п.6.2 | D16: 12 | E16: п.4.4, п.6.2 | F16: - | H16: =COUNTIF('Учёт медосмотров'!$H$2:$H$372,A16) -> 1
A17: 16 | B17: Оператор склада | C17: п.4.3.1, п.4.3.2, п.4.4, п.5.1, п.6.2, п.18.1 | D17: 12 | E17: п.4.4, п.5.1, п.6.2 | F17: - | H17: =COUNTIF('Учёт медосмотров'!$H$2:$H$372,A17) -> 3
A18: 17 | B18: Инженер по эксплуатации | C18: п.4.3.1, п.4.4, п.5.1, п.6.2 | D18: 12 | E18: п.4.4, п.5.1, п.6.2 | F18: - | H18: =COUNTIF('Учёт медосмотров'!$H$2:$H$372,A18) -> 0
A19: 18 | B19: Мастер участка, бригадир | C19: п.4.4, п.5.1, п.5.2 | D19: 12 | E19: п.4.4, п.5.1 | F19: - | H19: =COUNTIF('Учёт медосмотров'!$H$2:$H$372,A19) -> 14
A20: 19 | B20: Слесарь-сборщик, слесарь-сборщик (бригадир) | C20: п.4.3.1, п.4.3.2, п.4.4, п.5.1, п.6.2, п.15 | D20: 12 | E20: п.4.4, п.5.1, п.6.2 | F20: - | H20: =COUNTIF('Учёт медосмотров'!$H$2:$H$372,A20) -> 67
A21: 20 | B21: Электромонтажник | C21: п.4.3.1, п.4.3.2, п.4.4, п.4.9, п.5.1, п.5.2, п.6.2, п.9 | D21: 12 | E21: п.4.4, п.5.1, п.6.2 | F21: Проверить | G21: ПРОВЕРИТЬ (13.10.2026). п.11 Прил.№2 342н: «деятельность в сфере электроэнергетики, связанная с... монтажом, наладкой, техобслуживанием, ремонтом, управлением режимом работы ЭЛЕКТРОУСТАНОВОК»; сноска — ст.3 35-ФЗ и ГОСТ 12.1.009-2017. Официального разъяснения Минздрава нет. Распространённая экспертная позиция: критерий — работа именно с электроустановками (по ГОСТ 12.1.009-2017), а не статус организации. Монтаж бортового ЭО изделия в обесточенном состоянии — спорно; работы под напряжением (испытания, проверка цепей) — довод за «Да». Решение работодателя с письменным обоснованием; при сомнении — запрос в Минздрав или следовать консервативному варианту «Да». | H21: =COUNTIF('Учёт медосмотров'!$H$2:$H$372,A21) -> 32
A22: 21 | B22: Столяр | C22: п.1.49.2, п.1.49.14, п.4.3.1, п.4.3.2, п.4.4, п.5.1, п.15 | D22: 12 | E22: п.4.4, п.5.1 | F22: - | H22: =COUNTIF('Учёт медосмотров'!$H$2:$H$372,A22) -> 23
A23: 22 | B23: Менеджер-комплектовщик | C23: п.4.4, п.5.1, п.6.2 | D23: 12 | E23: п.4.4, п.5.1, п.6.2 | F23: - | H23: =COUNTIF('Учёт медосмотров'!$H$2:$H$372,A23) -> 1
A24: 23 | B24: Облицовщик деталей мебели | C24: п.1.49.2, п.1.49.14, п.4.3.1, п.4.3.2, п.4.4, п.5.1, п.15 | D24: 12 | E24: п.4.4, п.5.1 | F24: - | H24: =COUNTIF('Учёт медосмотров'!$H$2:$H$372,A24) -> 6
A25: 24 | B25: Столяр-краснодеревщик | C25: п.1.49.2, п.1.49.14, п.4.3.1, п.4.3.2, п.4.4, п.5.1, п.15 | D25: 12 | E25: п.4.4, п.5.1 | F25: - | H25: =COUNTIF('Учёт медосмотров'!$H$2:$H$372,A25) -> 0
A26: 25 | B26: Оператор-наладчик станков с ЧПУ | C26: п.4.3.1, п.4.3.2, п.4.4, п.5.1, п.5.2, п.15 | D26: 12 | E26: п.4.4, п.5.1 | F26: - | H26: =COUNTIF('Учёт медосмотров'!$H$2:$H$372,A26) -> 7
A27: 26 | B27: Сборщик стеклопластиковых изделий | C27: п.1.37.1, п.3.1.8.3, п.4.3.1, п.4.4, п.5.1, п.15 | D27: 12 | E27: п.1.37.1, п.4.4, п.5.1 | F27: Нет | G27: уточнено специалистом по охране труда: сборщик стеклопластиковых изделий психиатрическое освидетельствование не проходит. Условие: если сборщик непосредственно обслуживает автоклав (>0,07 МПа), учтённый в Ростехнадзоре, — п.13 Прил.№2, тогда «Да» | H27: =COUNTIF('Учёт медосмотров'!$H$2:$H$372,A27) -> 9
A28: 27 | B28: Ведущий специалист по учёту ПДО, ведущий инженер ПДО, инженер ПДО | C28: п.4.4, п.5.1, п.5.2 | D28: 12 | E28: п.4.4, п.5.1 | F28: - | H28: =COUNTIF('Учёт медосмотров'!$H$2:$H$372,A28) -> 5
A29: 28 | B29: Ведущий диспетчер ПДО, диспетчер ПДО | C29: п.4.4, п.5.1, п.5.2 | D29: 12 | E29: п.4.4, п.5.1 | F29: - | H29: =COUNTIF('Учёт медосмотров'!$H$2:$H$372,A29) -> 18
A30: 29 | B30: Мастер электромонтажного участка, мастер участка электромонтажных работ | C30: п.4.3.1, п.4.3.2, п.4.4, п.4.9, п.5.1, п.5.2, п.6.2, п.9 | D30: 12 | E30: п.4.4, п.5.1, п.6.2 | F30: Проверить | G30: ПРОВЕРИТЬ (13.10.2026). п.11 Прил.№2 342н: «деятельность в сфере электроэнергетики, связанная с... монтажом, наладкой, техобслуживанием, ремонтом, управлением режимом работы ЭЛЕКТРОУСТАНОВОК»; сноска — ст.3 35-ФЗ и ГОСТ 12.1.009-2017. Официального разъяснения Минздрава нет. Распространённая экспертная позиция: критерий — работа именно с электроустановками (по ГОСТ 12.1.009-2017), а не статус организации. Монтаж бортового ЭО изделия в обесточенном состоянии — спорно; работы под напряжением (испытания, проверка цепей) — довод за «Да». Решение работодателя с письменным обоснованием; при сомнении — запрос в Минздрав или следовать консервативному варианту «Да». | H30: =COUNTIF('Учёт медосмотров'!$H$2:$H$372,A30) -> 2
A31: 30 | B31: Оператор станка с ЧПУ | C31: п.4.3.1, п.4.3.2, п.4.4, п.5.1, п.5.2, п.15 | D31: 12 | E31: п.4.4, п.5.1 | F31: - | H31: =COUNTIF('Учёт медосмотров'!$H$2:$H$372,A31) -> 14
A32: 31 | B32: Оператор лазерных установок | C32: п.4.2.1, п.4.3.1, п.4.3.2, п.4.4, п.5.1, п.5.2, п.15 | D32: 12 | E32: п.4.4, п.5.1 | F32: - | H32: =COUNTIF('Учёт медосмотров'!$H$2:$H$372,A32) -> 1
A33: 32 | B33: Слесарь механосборочных работ | C33: п.4.3.1, п.4.3.2, п.4.4, п.5.1, п.15 | D33: 12 | E33: п.4.4, п.5.1 | F33: - | H33: =COUNTIF('Учёт медосмотров'!$H$2:$H$372,A33) -> 16
A34: 33 | B34: Фрезеровщик | C34: п.4.3.1, п.4.3.2, п.4.4, п.5.1, п.5.2, п.15 | D34: 12 | E34: п.4.4, п.5.1 | F34: - | H34: =COUNTIF('Учёт медосмотров'!$H$2:$H$372,A34) -> 2
A35: 34 | B35: Токарь | C35: п.4.3.1, п.4.3.2, п.4.4, п.5.1, п.5.2, п.15 | D35: 12 | E35: п.4.4, п.5.1 | F35: - | H35: =COUNTIF('Учёт медосмотров'!$H$2:$H$372,A35) -> 8
A36: 35 | B36: Оператор листогибочного оборудования | C36: п.4.3.1, п.4.3.2, п.4.4, п.5.1, п.5.2, п.15 | D36: 12 | E36: п.4.4, п.5.1 | F36: - | H36: =COUNTIF('Учёт медосмотров'!$H$2:$H$372,A36) -> 2
A37: 36 | B37: Маляр | C37: п.1.14.2, п.1.36, п.1.37.1, п.1.45.1, п.1.45.2, п.1.50, п.4.3.1, п.4.4, п.5.1, п.17 | D37: 12 | E37: п.1.14.2, п.1.36, п.1.37.1, п.1.45.1, п.1.45.2, п.4.4, п.5.1 | F37: - | H37: =COUNTIF('Учёт медосмотров'!$H$2:$H$372,A37) -> 15
A38: 37 | B38: Монтажник электрооборудования летательных аппаратов | C38: п.1.8.4, п.1.12, п.1.15, п.1.25, п.1.27, п.1.44, п.4.3.1, п.4.4, п.4.6, п.5.1, п.5.2, п.6.2 | D38: 12 | E38: п.1.8.4, п.1.12, п.1.15, п.1.27, п.1.44, п.4.4, п.4.6, п.5.1, п.6.2 | F38: - | H38: =COUNTIF('Учёт медосмотров'!$H$2:$H$372,A38) -> 0
A39: 38 | B39: Водитель автомобиля-экспедитор | C39: п.4.3.1, п.4.3.2, п.4.4, п.5.1, п.5.2, п.18 | D39: 12 | E39: п.4.4, п.5.1 | F39: Да | G39: п.1 Приложения №2 (управление транспортными средствами, Постановление Правительства №2349) | H39: =COUNTIF('Учёт медосмотров'!$H$2:$H$372,A39) -> 9
A40: 39 | B40: Водитель автомобиля (персональный 2 категории) | C40: п.4.3.1, п.4.3.2, п.4.4, п.5.1, п.5.2, п.18.1 | D40: 12 | E40: п.4.4, п.5.1 | F40: Да | G40: п.1 Приложения №2 (управление транспортными средствами, Постановление Правительства №2349) | H40: =COUNTIF('Учёт медосмотров'!$H$2:$H$372,A40) -> 1
A41: 40 | B41: Инженер по авиационному и радиоэлектронному оборудованию | C41: п.4.4, п.4.6, п.5.1, п.6.2 | D41: 12 | E41: п.4.4, п.4.6, п.5.1, п.6.2 | F41: - | H41: =COUNTIF('Учёт медосмотров'!$H$2:$H$372,A41) -> 1
A42: 41 | B42: Слесарь-клепальщик | C42: п.4.3.1, п.4.3.2, п.4.4, п.5.1, п.5.2, п.15 | D42: 12 | E42: п.4.4, п.5.1 | F42: - | H42: =COUNTIF('Учёт медосмотров'!$H$2:$H$372,A42) -> 1
A43: 42 | B43: Заместитель директора департамента - Начальник производственного подразделения № 5 | C43: п.4.3.2, п.4.4, п.5.1, п.5.2, п.6.2 | D43: 12 | E43: п.4.4, п.5.1, п.6.2 | F43: - | H43: =COUNTIF('Учёт медосмотров'!$H$2:$H$372,A43) -> 1
A44: 43 | B44: Оператор термопластавтомата | C44: п.4.3.1, п.4.3.2, п.4.4, п.4.8, п.5.1, п.5.2, п.15 | D44: 12 | E44: п.4.4, п.5.1 | F44: - | H44: =COUNTIF('Учёт медосмотров'!$H$2:$H$372,A44) -> 0
A45: 44 | B45: Старший специалист по пошиву, специалист по пошиву | C45: п.4.3.1, п.4.3.2, п.4.4, п.5.1, п.5.2, п.15 | D45: 12 | E45: п.4.4, п.5.1 | F45: - | H45: =COUNTIF('Учёт медосмотров'!$H$2:$H$372,A45) -> 14
A46: 45 | B46: Старший сторож, сторож, старший оперативный дежурный, оперативный дежурный, старший охраны объекта | C46: п.4.7, п.4.8, п.5.1, п.5.2 | D46: 12 | E46: п.5.1 | F46: Нет | G46: уточнено специалистом по охране труда: сторожа и оперативные дежурные психиатрическое освидетельствование не проходят | H46: =COUNTIF('Учёт медосмотров'!$H$2:$H$372,A46) -> 13
A48: ПРОВЕРЕНО 13.10.2026 по тексту Приказа Минздрава №29н (КонсультантПлюс, ред. 44н, 509н, 327н от 29.04.2026), приложение к Порядку: для всех 45 позиций минимальный интервал = 1 раз в год; столбец «Обоснование» совпадает с таблицей полностью. Ежегодные пункты: 4.4 «Шум», 4.6 «Инфразвук», 5.1 «Тяжесть трудового процесса», 6 «Работы на высоте» (в т.ч. 6.1, 6.2), 1.8.4, 1.12, 1.14.2, 1.15, 1.27, 1.36, 1.37.1, 1.44, 1.45.x. Раз в 2 года: 1.25, 1.48, 1.49.x, 1.50, 3.1.8.3, 4.2.x, 4.3.x, 4.7, 4.8, 4.9, 5.2, 9, 15, 17, 18.1. Правило п.18 Порядка: осмотры не реже сроков приложения; работники до 21 года — ежегодно. Замечание к Приказу №43: позиция №38 указывает «п.18» без подпункта — периодичность задана только для подпунктов (18.1 — кат. A, B, BE; 18.2 — C, C1, CE, D1, D1E); нужно указать подпункт по категории ТС.
A49: Столбец «Психиатрическое освидетельствование (Приказ №342н)» заполнен по Приложению №2 к Приказу Минздрава №342н от 20.05.2022 (виды деятельности, при которых проводится обязательное психиатрическое освидетельствование). «Да» — должность соответствует виду деятельности (управление транспортными средствами; работы в электроустановках). Главный механик, Сборщик стеклопластиковых изделий, сторожа/оперативные дежурные — «Нет» по уточнению специалиста по охране труда (08.09.2026). ИСПРАВЛЕНО 13.10.2026: периодичность освидетельствования действующим законодательством НЕ установлена — Приказ №342н кратность не определяет (письмо Минздрава №30-0/3066769); «пять лет» в ч.1 ст.6 Закона РФ №3185-1 (ред. 465-ФЗ от 04.08.2023) — это максимальный срок признания работника временно непригодным, а не интервал освидетельствований. Освидетельствование проводится при приёме (переводе) на вид деятельности из Приложения №2 и по направлению по итогам медосмотра. С 01.03.2026 действуют изменения Приложений №1 и №2 (Приказ №392н от 02.07.2025) — номера пунктов Приложения №2 сверить с действующей редакцией.

Sheet Учёт медосмотров
A1: № | B1: Площадка / офис | C1: ФИО | D1: Должность | E1: Подразделение | F1: Дата приёма | G1: Ключ (служ.) | H1: № п/п по Перечню | I1: Пункты приказа | J1: Периодичность, мес. | K1: Дата предварительного мед. осмотра | L1: Факт. дата последнего пройденного периодического осмотра | M1: Дата очередного (планового) периодического осмотра | N1: Подлежит психиатр. освидетельствованию (342н) | O1: Дата прохождения психиатр. освидетельствования | P1: Контрольная дата повторного психиатр. освидетельствования (5 лет — внутренняя мера; Приказ №342н кратность не устанавливает) | Q1: Нарушение: осмотр после приёма | R1: Примечание сверки со штатным расписанием от 05.10.2026
A2: 1 | B2: Ульяновск | C2: Юдакова Регина Юрьевна | D2: Инженер 3 категории | E2: Отдел технического контроля М | F2: 45874 | G2: =IF(TRIM(SUBSTITUTE(SUBSTITUTE(SUBSTITUTE(SUBSTITUTE(SUBSTITUTE(SUBSTITUTE(SUBSTITUTE(SUBSTITUTE(SUBSTITUTE(SUBSTITUTE(SUBSTITUTE(LOWER(TRIM(D2)),"ё","е")," -","-"),"- ","-")," 2 разряда","")," 3 разряда","")," 4 разряда","")," 5 разряда","")," 6 разряда","")," 1 категории","")," 2 категории","")," 3 категории",""))="инженер",IF(AND(ISNUMBER(SEARCH("техническ",E2)),ISNUMBER(SEARCH("контрол",E2))),"инженер отк",IF(ISNUMBER(SEARCH("диспетч",E2)),"инженер пдо",TRIM(SUBSTITUTE(SUBSTITUTE(SUBSTITUTE(SUBSTITUTE(SUBSTITUTE(SUBSTITUTE(SUBSTITUTE(SUBSTITUTE(SUBSTITUTE(SUBSTITUTE(SUBSTITUTE(LOWER(TRIM(D2)),"ё","е")," -","-"),"- ","-")," 2 разряда","")," 3 разряда","")," 4 разряда","")," 5 разряда","")," 6 разряда","")," 1 категории","")," 2 категории","")," 3 категории","")))),IF(TRIM(SUBSTITUTE(SUBSTITUTE(SUBSTITUTE(SUBSTITUTE(SUBSTITUTE(SUBSTITUTE(SUBSTITUTE(SUBSTITUTE(SUBSTITUTE(SUBSTITUTE(SUBSTITUTE(LOWER(TRIM(D2)),"ё","е")," -","-"),"- ","-")," 2 разряда","")," 3 разряда","")," 4 разряда","")," 5 разряда","")," 6 разряда","")," 1 категории","")," 2 категории","")," 3 категории",""))="ведущий инженер",IF(ISNUMBER(SEARCH("диспетч",E2)),"ведущий инженер пдо",TRIM(SUBSTITUTE(SUBSTITUTE(SUBSTITUTE(SUBSTITUTE(SUBSTITUTE(SUBSTITUTE(SUBSTITUTE(SUBSTITUTE(SUBSTITUTE(SUBSTITUTE(SUBSTITUTE(LOWER(TRIM(D2)),"ё","е")," -","-"),"- ","-")," 2 разряда","")," 3 разряда","")," 4 разряда","")," 5 разряда","")," 6 разряда","")," 1 категории","")," 2 категории","")," 3 категории",""))),IF(TRIM(SUBSTITUTE(SUBSTITUTE(SUBSTITUTE(SUBSTITUTE(SUBSTITUTE(SUBSTITUTE(SUBSTITUTE(SUBSTITUTE(SUBSTITUTE(SUBSTITUTE(SUBSTITUTE(LOWER(TRIM(D2)),"ё","е")," -","-"),"- ","-")," 2 разряда","")," 3 разряда","")," 4 разряда","")," 5 разряда","")," 6 разряда","")," 1 категории","")," 2 категории","")," 3 категории",""))="контролер","контролер отк",TRIM(SUBSTITUTE(SUBSTITUTE(SUBSTITUTE(SUBSTITUTE(SUBSTITUTE(SUBSTITUTE(SUBSTITUTE(SUBSTITUTE(SUBSTITUTE(SUBSTITUTE(SUBSTITUTE(LOWER(TRIM(D2)),"ё","е")," -","-"),"- ","-")," 2 разряда","")," 3 разряда","")," 4 разряда","")," 5 разряда","")," 6 разряда","")," 1 категории","")," 2 категории","")," 3 категории",""))))) -> инженер отк | H2: =IFERROR(INDEX(Соответствие!$B$2:$B$76,MATCH(G2,Соответствие!$A$2:$A$76,0)),"?") -> 13 | I2: =IFERROR(INDEX('Перечень должностей'!$C$2:$C$46,MATCH(H2,'Перечень должностей'!$A$2:$A$46,0)),"") -> п.4.4, п.5.1, п.5.2 | J2: =IFERROR(INDEX('Перечень должностей'!$D$2:$D$46,MATCH(H2,'Перечень должностей'!$A$2:$A$46,0)),12) -> 12 | M2: =IF(K2="","",EDATE(IF(L2<>"",L2,K2),J2)) | N2: =IFERROR(INDEX('Перечень должностей'!$F$2:$F$46,MATCH(H2,'Перечень должностей'!$A$2:$A$46,0)),"") -> - | P2: =IF(O2="","",EDATE(O2,60)) | Q2: =IF(AND(K2<>"",F2<>"",K2>F2),"ДА","")
A3: 2 | B3: Казань | C3: Петрунина Людмила Александровна | D3: Инженер 1 категории | E3: Отдел технического контроля М | F3: 45870 | G3: =IF(TRIM(SUBSTITUTE(SUBSTITUTE(SUBSTITUTE(SUBSTITUTE(SUBSTITUTE(SUBSTITUTE(SUBSTITUTE(SUBSTITUTE(SUBSTITUTE(SUBSTITUTE(SUBSTITUTE(LOWER(TRIM(D3)),"ё","е")," -","-"),"- ","-")," 2 разряда","")," 3 разряда","")," 4 разряда","")," 5 разряда","")," 6 разряда","")," 1 категории","")," 2 категории","")," 3 категории",""))="инженер",IF(AND(ISNUMBER(SEARCH("техническ",E3)),ISNUMBER(SEARCH("контрол",E3))),"инженер отк",IF(ISNUMBER(SEARCH("диспетч",E3)),"инженер пдо",TRIM(SUBSTITUTE(SUBSTITUTE(SUBSTITUTE(SUBSTITUTE(SUBSTITUTE(SUBSTITUTE(SUBSTITUTE(SUBSTITUTE(SUBSTITUTE(SUBSTITUTE(SUBSTITUTE(LOWER(TRIM(D3)),"ё","е")," -","-"),"- ","-")," 2 разряда","")," 3 разряда","")," 4 разряда","")," 5 разряда","")," 6 разряда","")," 1 категории","")," 2 категории","")," 3 категории","")))),IF(TRIM(SUBSTITUTE(SUBSTITUTE(SUBSTITUTE(SUBSTITUTE(SUBSTITUTE(SUBSTITUTE(SUBSTITUTE(SUBSTITUTE(SUBSTITUTE(SUBSTITUTE(SUBSTITUTE(LOWER(TRIM(D3)),"ё","е")," -","-"),"- ","-")," 2 разряда","")," 3 разряда","")," 4 разряда","")," 5 разряда","")," 6 разряда","")," 1 категории","")," 2 категории","")," 3 категории",""))="ведущий инженер",IF(ISNUMBER(SEARCH("диспетч",E3)),"ведущий инженер пдо",TRIM(SUBSTITUTE(SUBSTITUTE(SUBSTITUTE(SUBSTITUTE(SUBSTITUTE(SUBSTITUTE(SUBSTITUTE(SUBSTITUTE(SUBSTITUTE(SUBSTITUTE(SUBSTITUTE(LOWER(TRIM(D3)),"ё","е")," -","-"),"- ","-")," 2 разряда","")," 3 разряда","")," 4 разряда","")," 5 разряда","")," 6 разряда","")," 1 категории","")," 2 категории","")," 3 категории",""))),IF(TRIM(SUBSTITUTE(SUBSTITUTE(SUBSTITUTE(SUBSTITUTE(SUBSTITUTE(SUBSTITUTE(SUBSTITUTE(SUBSTITUTE(SUBSTITUTE(SUBSTITUTE(SUBSTITUTE(LOWER(TRIM(D3)),"ё","е")," -","-"),"- ","-")," 2 разряда","")," 3 разряда","")," 4 разряда","")," 5 разряда","")," 6 разряда","")," 1 категории","")," 2 категории","")," 3 категории",""))="контролер","контролер отк",TRIM(SUBSTITUTE(SUBSTITUTE(SUBSTITUTE(SUBSTITUTE(SUBSTITUTE(SUBSTITUTE(SUBSTITUTE(SUBSTITUTE(SUBSTITUTE(SUBSTITUTE(SUBSTITUTE(LOWER(TRIM(D3)),"ё","е")," -","-"),"- ","-")," 2 разряда","")," 3 разряда","")," 4 разряда","")," 5 разряда","")," 6 разряда","")," 1 категории","")," 2 категории","")," 3 категории",""))))) -> инженер отк | H3: =IFERROR(INDEX(Соответствие!$B$2:$B$76,MATCH(G3,Соответствие!$A$2:$A$76,0)),"?") -> 13 | I3: =IFERROR(INDEX('Перечень должностей'!$C$2:$C$46,MATCH(H3,'Перечень должностей'!$A$2:$A$46,0)),"") -> п.4.4, п.5.1, п.5.2 | J3: =IFERROR(INDEX('Перечень должностей'!$D$2:$D$46,MATCH(H3,'Перечень должностей'!$A$2:$A$46,0)),12) -> 12 | M3: =IF(K3="","",EDATE(IF(L3<>"",L3,K3),J3)) | N3: =IFERROR(INDEX('Перечень должностей'!$F$2:$F$46,MATCH(H3,'Перечень должностей'!$A$2:$A$46,0)),"") -> - | P3: =IF(O3="","",EDATE(O3,60)) | Q3: =IF(AND(K3<>"",F3<>"",K3>F3),"ДА","")
A4: 3 | B4: Машково | C4: Ястребов Александр Сергеевич | D4: Инженер 1 категории | E4: Отдел технического контроля М | F4: 38664 | G4: =IF(TRIM(SUBSTITUTE(SUBSTITUTE(SUBSTITUTE(SUBSTITUTE(SUBSTITUTE(SUBSTITUTE(SUBSTITUTE(SUBSTITUTE(SUBSTITUTE(SUBSTITUTE(SUBSTITUTE(LOWER(TRIM(D4)),"ё","е")," -","-"),"- ","-")," 2 разряда","")," 3 разряда","")," 4 разряда","")," 5 разряда","")," 6 разряда","")," 1 категории","")," 2 категории","")," 3 категории",""))="инженер",IF(AND(ISNUMBER(SEARCH("техническ",E4)),ISNUMBER(SEARCH("контрол",E4))),"инженер отк",IF(ISNUMBER(SEARCH("диспетч",E4)),"инженер пдо",TRIM(SUBSTITUTE(SUBSTITUTE(SUBSTITUTE(SUBSTITUTE(SUBSTITUTE(SUBSTITUTE(SUBSTITUTE(SUBSTITUTE(SUBSTITUTE(SUBSTITUTE(SUBSTITUTE(LOWER(TRIM(D4)),"ё","е")," -","-"),"- ","-")," 2 разряда","")," 3 разряда","")," 4 разряда","")," 5 разряда","")," 6 разряда","")," 1 категории","")," 2 категории","")," 3 категории","")))),IF(TRIM(SUBSTITUTE(SUBSTITUTE(SUBSTITUTE(SUBSTITUTE(SUBSTITUTE(SUBSTITUTE(SUBSTITUTE(SUBSTITUTE(SUBSTITUTE(SUBSTITUTE(SUBSTITUTE(LOWER(TRIM(D4)),"ё","е")," -","-"),"- ","-")," 2 разряда","")," 3 разряда","")," 4 разряда","")," 5 разряда","")," 6 разряда","")," 1 категории","")," 2 категории","")," 3 категории",""))="ведущий инженер",IF(ISNUMBER(SEARCH("диспетч",E4)),"ведущий инженер пдо",TRIM(SUBSTITUTE(SUBSTITUTE(SUBSTITUTE(SUBSTITUTE(SUBSTITUTE(SUBSTITUTE(SUBSTITUTE(SUBSTITUTE(SUBSTITUTE(SUBSTITUTE(SUBSTITUTE(LOWER(TRIM(D4)),"ё","е")," -","-"),"- ","-")," 2 разряда","")," 3 разряда","")," 4 разряда","")," 5 разряда","")," 6 разряда","")," 1 категории","")," 2 категории","")," 3 категории",""))),IF(TRIM(SUBSTITUTE(SUBSTITUTE(SUBSTITUTE(SUBSTITUTE(SUBSTITUTE(SUBSTITUTE(SUBSTITUTE(SUBSTITUTE(SUBSTITUTE(SUBSTITUTE(SUBSTITUTE(LOWER(TRIM(D4)),"ё","е")," -","-"),"- ","-")," 2 разряда","")," 3 разряда","")," 4 разряда","")," 5 разряда","")," 6 разряда","")," 1 категории","")," 2 категории","")," 3 категории",""))="контролер","контролер отк",TRIM(SUBSTITUTE(SUBSTITUTE(SUBSTITUTE(SUBSTITUTE(SUBSTITUTE(SUBSTITUTE(SUBSTITUTE(SUBSTITUTE(SUBSTITUTE(SUBSTITUTE(SUBSTITUTE(LOWER(TRIM(D4)),"ё","е")," -","-"),"- ","-")," 2 разряда","")," 3 разряда","")," 4 разряда","")," 5 разряда","")," 6 разряда","")," 1 категории","")," 2 категории","")," 3 категории",""))))) -> инженер отк | H4: =IFERROR(INDEX(Соответствие!$B$2:$B$76,MATCH(G4,Соответствие!$A$2:$A$76,0)),"?") -> 13 | I4: =IFERROR(INDEX('Перечень должностей'!$C$2:$C$46,MATCH(H4,'Перечень должностей'!$A$2:$A$46,0)),"") -> п.4.4, п.5.1, п.5.2 | J4: =IFERROR(INDEX('Перечень должностей'!$D$2:$D$46,MATCH(H4,'Перечень должностей'!$A$2:$A$46,0)),12) -> 12 | M4: =IF(K4="","",EDATE(IF(L4<>"",L4,K4),J4)) | N4: =IFERROR(INDEX('Перечень должностей'!$F$2:$F$46,MATCH(H4,'Перечень должностей'!$A$2:$A$46,0)),"") -> - | P4: =IF(O4="","",EDATE(O4,60)) | Q4: =IF(AND(K4<>"",F4<>"",K4>F4),"ДА","")
A5: 4 | B5: Москва | C5: Гудумак Анастасия Сергеевна | D5: Инженер 2 категории | E5: Отдел технического контроля М | F5: 44970 | G5: =IF(TRIM(SUBSTITUTE(SUBSTITUTE(SUBSTITUTE(SUBSTITUTE(SUBSTITUTE(SUBSTITUTE(SUBSTITUTE(SUBSTITUTE(SUBSTITUTE(SUBSTITUTE(SUBSTITUTE(LOWER(TRIM(D5)),"ё","е")," -","-"),"- ","-")," 2 разряда","")," 3 разряда","")," 4 разряда","")," 5 разряда","")," 6 разряда","")," 1 категории","")," 2 категории","")," 3 категории",""))="инженер",IF(AND(ISNUMBER(SEARCH("техническ",E5)),ISNUMBER(SEARCH("контрол",E5))),"инженер отк",IF(ISNUMBER(SEARCH("диспетч",E5)),"инженер пдо",TRIM(SUBSTITUTE(SUBSTITUTE(SUBSTITUTE(SUBSTITUTE(SUBSTITUTE(SUBSTITUTE(SUBSTITUTE(SUBSTITUTE(SUBSTITUTE(SUBSTITUTE(SUBSTITUTE(LOWER(TRIM(D5)),"ё","е")," -","-"),"- ","-")," 2 разряда","")," 3 разряда","")," 4 разряда","")," 5 разряда","")," 6 разряда","")," 1 категории","")," 2 категории","")," 3 категории","")))),IF(TRIM(SUBSTITUTE(SUBSTITUTE(SUBSTITUTE(SUBSTITUTE(SUBSTITUTE(SUBSTITUTE(SUBSTITUTE(SUBSTITUTE(SUBSTITUTE(SUBSTITUTE(SUBSTITUTE(LOWER(TRIM(D5)),"ё","е")," -","-"),"- ","-")," 2 разряда","")," 3 разряда","")," 4 разряда","")," 5 разряда","")," 6 разряда","")," 1 категории","")," 2 категории","")," 3 категории",""))="ведущий инженер",IF(ISNUMBER(SEARCH("диспетч",E5)),"ведущий инженер пдо",TRIM(SUBSTITUTE(SUBSTITUTE(SUBSTITUTE(SUBSTITUTE(SUBSTITUTE(SUBSTITUTE(SUBSTITUTE(SUBSTITUTE(SUBSTITUTE(SUBSTITUTE(SUBSTITUTE(LOWER(TRIM(D5)),"ё","е")," -","-"),"- ","-")," 2 разряда","")," 3 разряда","")," 4 разряда","")," 5 разряда","")," 6 разряда","")," 1 категории","")," 2 категории","")," 3 категории",""))),IF(TRIM(SUBSTITUTE(SUBSTITUTE(SUBSTITUTE(SUBSTITUTE(SUBSTITUTE(SUBSTITUTE(SUBSTITUTE(SUBSTITUTE(SUBSTITUTE(SUBSTITUTE(SUBSTITUTE(LOWER(TRIM(D5)),"ё","е")," -","-"),"- ","-")," 2 разряда","")," 3 разряда","")," 4 разряда","")," 5 разряда","")," 6 разряда","")," 1 категории","")," 2 категории","")," 3 категории",""))="контролер","контролер отк",TRIM(SUBSTITUTE(SUBSTITUTE(SUBSTITUTE(SUBSTITUTE(SUBSTITUTE(SUBSTITUTE(SUBSTITUTE(SUBSTITUTE(SUBSTITUTE(SUBSTITUTE(SUBSTITUTE(LOWER(TRIM(D5)),"ё","е")," -","-"),"- ","-")," 2 разряда","")," 3 разряда","")," 4 разряда","")," 5 разряда","")," 6 разряда","")," 1 категории","")," 2 категории","")," 3 категории",""))))) -> инженер отк | H5: =IFERROR(INDEX(Соответствие!$B$2:$B$76,MATCH(G5,Соответствие!$A$2:$A$76,0)),"?") -> 13 | I5: =IFERROR(INDEX('Перечень должностей'!$C$2:$C$46,MATCH(H5,'Перечень должностей'!$A$2:$A$46,0)),"") -> п.4.4, п.5.1, п.5.2 | J5: =IFERROR(INDEX('Перечень должностей'!$D$2:$D$46,MATCH(H5,'Перечень должностей'!$A$2:$A$46,0)),12) -> 12 | M5: =IF(K5="","",EDATE(IF(L5<>"",L5,K5),J5)) | N5: =IFERROR(INDEX('Перечень должностей'!$F$2:$F$46,MATCH(H5,'Перечень должностей'!$A$2:$A$46,0)),"") -> - | P5: =IF(O5="","",EDATE(O5,60)) | Q5: =IF(AND(K5<>"",F5<>"",K5>F5),"ДА","")
A6: 5 | B6: Машково | C6: Ермакова Наталья Васильевна | D6: Контролер 1 категории | E6: Отдел технического контроля М | F6: 45720 | G6: =IF(TRIM(SUBSTITUTE(SUBSTITUTE(SUBSTITUTE(SUBSTITUTE(SUBSTITUTE(SUBSTITUTE(SUBSTITUTE(SUBSTITUTE(SUBSTITUTE(SUBSTITUTE(SUBSTITUTE(LOWER(TRIM(D6)),"ё","е")," -","-"),"- ","-")," 2 разряда","")," 3 разряда","")," 4 разряда","")," 5 разряда","")," 6 разряда","")," 1 категории","")," 2 категории","")," 3 категории",""))="инженер",IF(AND(ISNUMBER(SEARCH("техническ",E6)),ISNUMBER(SEARCH("контрол",E6))),"инженер отк",IF(ISNUMBER(SEARCH("диспетч",E6)),"инженер пдо",TRIM(SUBSTITUTE(SUBSTITUTE(SUBSTITUTE(SUBSTITUTE(SUBSTITUTE(SUBSTITUTE(SUBSTITUTE(SUBSTITUTE(SUBSTITUTE(SUBSTITUTE(SUBSTITUTE(LOWER(TRIM(D6)),"ё","е")," -","-"),"- ","-")," 2 разряда","")," 3 разряда","")," 4 разряда","")," 5 разряда","")," 6 разряда","")," 1 категории","")," 2 категории","")," 3 категории","")))),IF(TRIM(SUBSTITUTE(SUBSTITUTE(SUBSTITUTE(SUBSTITUTE(SUBSTITUTE(SUBSTITUTE(SUBSTITUTE(SUBSTITUTE(SUBSTITUTE(SUBSTITUTE(SUBSTITUTE(LOWER(TRIM(D6)),"ё","е")," -","-"),"- ","-")," 2 разряда","")," 3 разряда","")," 4 разряда","")," 5 разряда","")," 6 разряда","")," 1 категории","")," 2 категории","")," 3 категории",""))="ведущий инженер",IF(ISNUMBER(SEARCH("диспетч",E6)),"ведущий инженер пдо",TRIM(SUBSTITUTE(SUBSTITUTE(SUBSTITUTE(SUBSTITUTE(SUBSTITUTE(SUBSTITUTE(SUBSTITUTE(SUBSTITUTE(SUBSTITUTE(SUBSTITUTE(SUBSTITUTE(LOWER(TRIM(D6)),"ё","е")," -","-"),"- ","-")," 2 разряда","")," 3 разряда","")," 4 разряда","")," 5 разряда","")," 6 разряда","")," 1 категории","")," 2 категории","")," 3 категории",""))),IF(TRIM(SUBSTITUTE(SUBSTITUTE(SUBSTITUTE(SUBSTITUTE(SUBSTITUTE(SUBSTITUTE(SUBSTITUTE(SUBSTITUTE(SUBSTITUTE(SUBSTITUTE(SUBSTITUTE(LOWER(TRIM(D6)),"ё","е")," -","-"),"- ","-")," 2 разряда","")," 3 разряда","")," 4 разряда","")," 5 разряда","")," 6 разряда","")," 1 категории","")," 2 категории","")," 3 категории",""))="контролер","контролер отк",TRIM(SUBSTITUTE(SUBSTITUTE(SUBSTITUTE(SUBSTITUTE(SUBSTITUTE(SUBSTITUTE(SUBSTITUTE(SUBSTITUTE(SUBSTITUTE(SUBSTITUTE(SUBSTITUTE(LOWER(TRIM(D6)),"ё","е")," -","-"),"- ","-")," 2 разряда","")," 3 разряда","")," 4 разряда","")," 5 разряда","")," 6 разряда","")," 1 категории","")," 2 категории","")," 3 категории",""))))) -> контролер отк | H6: =IFERROR(INDEX(Соответствие!$B$2:$B$76,MATCH(G6,Соответствие!$A$2:$A$76,0)),"?") -> 13 | I6: =IFERROR(INDEX('Перечень должностей'!$C$2:$C$46,MATCH(H6,'Перечень должностей'!$A$2:$A$46,0)),"") -> п.4.4, п.5.1, п.5.2 | J6: =IFERROR(INDEX('Перечень должностей'!$D$2:$D$46,MATCH(H6,'Перечень должностей'!$A$2:$A$46,0)),12) -> 12 | M6: =IF(K6="","",EDATE(IF(L6<>"",L6,K6),J6)) | N6: =IFERROR(INDEX('Перечень должностей'!$F$2:$F$46,MATCH(H6,'Перечень должностей'!$A$2:$A$46,0)),"") -> - | P6: =IF(O6="","",EDATE(O6,60)) | Q6: =IF(AND(K6<>"",F6<>"",K6>F6),"ДА","")
A7: 6 | B7: Машково | C7: Шрамко Наталья Викторовна | D7: Контролер 1 категории | E7: Отдел технического контроля М | F7: 45908 | G7: =IF(TRIM(SUBSTITUTE(SUBSTITUTE(SUBSTITUTE(SUBSTITUTE(SUBSTITUTE(SUBSTITUTE(SUBSTITUTE(SUBSTITUTE(SUBSTITUTE(SUBSTITUTE(SUBSTITUTE(LOWER(TRIM(D7)),"ё","е")," -","-"),"- ","-")," 2 разряда","")," 3 разряда","")," 4 разряда","")," 5 разряда","")," 6 разряда","")," 1 категории","")," 2 категории","")," 3 категории",""))="инженер",IF(AND(ISNUMBER(SEARCH("техническ",E7)),ISNUMBER(SEARCH("контрол",E7))),"инженер отк",IF(ISNUMBER(SEARCH("диспетч",E7)),"инженер пдо",TRIM(SUBSTITUTE(SUBSTITUTE(SUBSTITUTE(SUBSTITUTE(SUBSTITUTE(SUBSTITUTE(SUBSTITUTE(SUBSTITUTE(SUBSTITUTE(SUBSTITUTE(SUBSTITUTE(LOWER(TRIM(D7)),"ё","е")," -","-"),"- ","-")," 2 разряда","")," 3 разряда","")," 4 разряда","")," 5 разряда","")," 6 разряда","")," 1 категории","")," 2 категории","")," 3 категории","")))),IF(TRIM(SUBSTITUTE(SUBSTITUTE(SUBSTITUTE(SUBSTITUTE(SUBSTITUTE(SUBSTITUTE(SUBSTITUTE(SUBSTITUTE(SUBSTITUTE(SUBSTITUTE(SUBSTITUTE(LOWER(TRIM(D7)),"ё","е")," -","-"),"- ","-")," 2 разряда","")," 3 разряда","")," 4 разряда","")," 5 разряда","")," 6 разряда","")," 1 категории","")," 2 категории","")," 3 категории",""))="ведущий инженер",IF(ISNUMBER(SEARCH("диспетч",E7)),"ведущий инженер пдо",TRIM(SUBSTITUTE(SUBSTITUTE(SUBSTITUTE(SUBSTITUTE(SUBSTITUTE(SUBSTITUTE(SUBSTITUTE(SUBSTITUTE(SUBSTITUTE(SUBSTITUTE(SUBSTITUTE(LOWER(TRIM(D7)),"ё","е")," -","-"),"- ","-")," 2 разряда","")," 3 разряда","")," 4 разряда","")," 5 разряда","")," 6 разряда","")," 1 категории","")," 2 категории","")," 3 категории",""))),IF(TRIM(SUBSTITUTE(SUBSTITUTE(SUBSTITUTE(SUBSTITUTE(SUBSTITUTE(SUBSTITUTE(SUBSTITUTE(SUBSTITUTE(SUBSTITUTE(SUBSTITUTE(SUBSTITUTE(LOWER(TRIM(D7)),"ё","е")," -","-"),"- ","-")," 2 разряда","")," 3 разряда","")," 4 разряда","")," 5 разряда","")," 6 разряда","")," 1 категории","")," 2 категории","")," 3 категории",""))="контролер","контролер отк",TRIM(SUBSTITUTE(SUBSTITUTE(SUBSTITUTE(SUBSTITUTE(SUBSTITUTE(SUBSTITUTE(SUBSTITUTE(SUBSTITUTE(SUBSTITUTE(SUBSTITUTE(SUBSTITUTE(LOWER(TRIM(D7)),"ё","е")," -","-"),"- ","-")," 2 разряда","")," 3 разряда","")," 4 разряда","")," 5 разряда","")," 6 разряда","")," 1 категории","")," 2 категории","")," 3 категории",""))))) -> контролер отк | H7: =IFERROR(INDEX(Соответствие!$B$2:$B$76,MATCH(G7,Соответствие!$A$2:$A$76,0)),"?") -> 13 | I7: =IFERROR(INDEX('Перечень должностей'!$C$2:$C$46,MATCH(H7,'Перечень должностей'!$A$2:$A$46,0)),"") -> п.4.4, п.5.1, п.5.2 | J7: =IFERROR(INDEX('Перечень должностей'!$D$2:$D$46,MATCH(H7,'Перечень должностей'!$A$2:$A$46,0)),12) -> 12 | M7: =IF(K7="","",EDATE(IF(L7<>"",L7,K7),J7)) | N7: =IFERROR(INDEX('Перечень должностей'!$F$2:$F$46,MATCH(H7,'Перечень должностей'!$A$2:$A$46,0)),"") -> - | P7: =IF(O7="","",EDATE(O7,60)) | Q7: =IF(AND(K7<>"",F7<>"",K7>F7),"ДА","")
A8: 7 | B8: Москва | C8: Высокий Владимир Евгеньевич | D8: Водитель автомобиля (персональный 2 категории) | E8: Отдел транспортного обеспечения (М н/д) | F8: 41365 | G8: =IF(TRIM(SUBSTITUTE(SUBSTITUTE(SUBSTITUTE(SUBSTITUTE(SUBSTITUTE(SUBSTITUTE(SUBSTITUTE(SUBSTITUTE(SUBSTITUTE(SUBSTITUTE(SUBSTITUTE(LOWER(TRIM(D8)),"ё","е")," -","-"),"- ","-")," 2 разряда","")," 3 разряда","")," 4 разряда","")," 5 разряда","")," 6 разряда","")," 1 категории","")," 2 категории","")," 3 категории",""))="инженер",IF(AND(ISNUMBER(SEARCH("техническ",E8)),ISNUMBER(SEARCH("контрол",E8))),"инженер отк",IF(ISNUMBER(SEARCH("диспетч",E8)),"инженер пдо",TRIM(SUBSTITUTE(SUBSTITUTE(SUBSTITUTE(SUBSTITUTE(SUBSTITUTE(SUBSTITUTE(SUBSTITUTE(SUBSTITUTE(SUBSTITUTE(SUBSTITUTE(SUBSTITUTE(LOWER(TRIM(D8)),"ё","е")," -","-"),"- ","-")," 2 разряда","")," 3 разряда","")," 4 разряда","")," 5 разряда","")," 6 разряда","")," 1 категории","")," 2 категории","")," 3 категории","")))),IF(TRIM(SUBSTITUTE(SUBSTITUTE(SUBSTITUTE(SUBSTITUTE(SUBSTITUTE(SUBSTITUTE(SUBSTITUTE(SUBSTITUTE(SUBSTITUTE(SUBSTITUTE(SUBSTITUTE(LOWER(TRIM(D8)),"ё","е")," -","-"),"- ","-")," 2 разряда","")," 3 разряда","")," 4 разряда","")," 5 разряда","")," 6 разряда","")," 1 категории","")," 2 категории","")," 3 категории",""))="ведущий инженер",IF(ISNUMBER(SEARCH("диспетч",E8)),"ведущий инженер пдо",TRIM(SUBSTITUTE(SUBSTITUTE(SUBSTITUTE(SUBSTITUTE(SUBSTITUTE(SUBSTITUTE(SUBSTITUTE(SUBSTITUTE(SUBSTITUTE(SUBSTITUTE(SUBSTITUTE(LOWER(TRIM(D8)),"ё","е")," -","-"),"- ","-")," 2 разряда","")," 3 разряда","")," 4 разряда","")," 5 разряда","")," 6 разряда","")," 1 категории","")," 2 категории","")," 3 категории",""))),IF(TRIM(SUBSTITUTE(SUBSTITUTE(SUBSTITUTE(SUBSTITUTE(SUBSTITUTE(SUBSTITUTE(SUBSTITUTE(SUBSTITUTE(SUBSTITUTE(SUBSTITUTE(SUBSTITUTE(LOWER(TRIM(D8)),"ё","е")," -","-"),"- ","-")," 2 разряда","")," 3 разряда","")," 4 разряда","")," 5 разряда","")," 6 разряда","")," 1 категории","")," 2 категории","")," 3 категории",""))="контролер","контролер отк",TRIM(SUBSTITUTE(SUBSTITUTE(SUBSTITUTE(SUBSTITUTE(SUBSTITUTE(SUBSTITUTE(SUBSTITUTE(SUBSTITUTE(SUBSTITUTE(SUBSTITUTE(SUBSTITUTE(LOWER(TRIM(D8)),"ё","е")," -","-"),"- ","-")," 2 разряда","")," 3 разряда","")," 4 разряда","")," 5 разряда","")," 6 разряда","")," 1 категории","")," 2 категории","")," 3 категории",""))))) -> водитель автомобиля (персональный) | H8: =IFERROR(INDEX(Соответствие!$B$2:$B$76,MATCH(G8,Соответствие!$A$2:$A$76,0)),"?") -> 39 | I8: =IFERROR(INDEX('Перечень должностей'!$C$2:$C$46,MATCH(H8,'Перечень должностей'!$A$2:$A$46,0)),"") -> п.4.3.1, п.4.3.2, п.4.4, п.5.1, п.5.2, п.18.1 | J8: =IFERROR(INDEX('Перечень должностей'!$D$2:$D$46,MATCH(H8,'Перечень должностей'!$A$2:$A$46,0)),12) -> 12 | M8: =IF(K8="","",EDATE(IF(L8<>"",L8,K8),J8)) | N8: =IFERROR(INDEX('Перечень должностей'!$F$2:$F$46,MATCH(H8,'Перечень должностей'!$A$2:$A$46,0)),"") -> Да | P8: =IF(O8="","",EDATE(O8,60)) | Q8: =IF(AND(K8<>"",F8<>"",K8>F8),"ДА","")
A9: 8 | B9: Москва | C9: Богачева Мария Сергеевна | D9: Специалист | E9: Отдел управления качеством М | F9: 46097 | G9: =IF(TRIM(SUBSTITUTE(SUBSTITUTE(SUBSTITUTE(SUBSTITUTE(SUBSTITUTE(SUBSTITUTE(SUBSTITUTE(SUBSTITUTE(SUBSTITUTE(SUBSTITUTE(SUBSTITUTE(LOWER(TRIM(D9)),"ё","е")," -","-"),"- ","-")," 2 разряда","")," 3 разряда","")," 4 разряда","")," 5 разряда","")," 6 разряда","")," 1 категории","")," 2 категории","")," 3 категории",""))="инженер",IF(AND(ISNUMBER(SEARCH("техническ",E9)),ISNUMBER(SEARCH("контрол",E9))),"инженер отк",IF(ISNUMBER(SEARCH("диспетч",E9)),"инженер пдо",TRIM(SUBSTITUTE(SUBSTITUTE(SUBSTITUTE(SUBSTITUTE(SUBSTITUTE(SUBSTITUTE(SUBSTITUTE(SUBSTITUTE(SUBSTITUTE(SUBSTITUTE(SUBSTITUTE(LOWER(TRIM(D9)),"ё","е")," -","-"),"- ","-")," 2 разряда","")," 3 разряда","")," 4 разряда","")," 5 разряда","")," 6 разряда","")," 1 категории","")," 2 категории","")," 3 категории","")))),IF(TRIM(SUBSTITUTE(SUBSTITUTE(SUBSTITUTE(SUBSTITUTE(SUBSTITUTE(SUBSTITUTE(SUBSTITUTE(SUBSTITUTE(SUBSTITUTE(SUBSTITUTE(SUBSTITUTE(LOWER(TRIM(D9)),"ё","е")," -","-"),"- ","-")," 2 разряда","")," 3 разряда","")," 4 разряда","")," 5 разряда","")," 6 разряда","")," 1 категории","")," 2 категории","")," 3 категории",""))="ведущий инженер",IF(ISNUMBER(SEARCH("диспетч",E9)),"ведущий инженер пдо",TRIM(SUBSTITUTE(SUBSTITUTE(SUBSTITUTE(SUBSTITUTE(SUBSTITUTE(SUBSTITUTE(SUBSTITUTE(SUBSTITUTE(SUBSTITUTE(SUBSTITUTE(SUBSTITUTE(LOWER(TRIM(D9)),"ё","е")," -","-"),"- ","-")," 2 разряда","")," 3 разряда","")," 4 разряда","")," 5 разряда","")," 6 разряда","")," 1 категории","")," 2 категории","")," 3 категории",""))),IF(TRIM(SUBSTITUTE(SUBSTITUTE(SUBSTITUTE(SUBSTITUTE(SUBSTITUTE(SUBSTITUTE(SUBSTITUTE(SUBSTITUTE(SUBSTITUTE(SUBSTITUTE(SUBSTITUTE(LOWER(TRIM(D9)),"ё","е")," -","-"),"- ","-")," 2 разряда","")," 3 разряда","")," 4 разряда","")," 5 разряда","")," 6 разряда","")," 1 категории","")," 2 категории","")," 3 категории",""))="контролер","контролер отк",TRIM(SUBSTITUTE(SUBSTITUTE(SUBSTITUTE(SUBSTITUTE(SUBSTITUTE(SUBSTITUTE(SUBSTITUTE(SUBSTITUTE(SUBSTITUTE(SUBSTITUTE(SUBSTITUTE(LOWER(TRIM(D9)),"ё","е")," -","-"),"- ","-")," 2 разряда","")," 3 разряда","")," 4 разряда","")," 5 разряда","")," 6 разряда","")," 1 категории","")," 2 категории","")," 3 категории",""))))) -> специалист | H9: =IFERROR(INDEX(Соответствие!$B$2:$B$76,MATCH(G9,Соответствие!$A$2:$A$76,0)),"?") -> 12 | I9: =IFERROR(INDEX('Перечень должностей'!$C$2:$C$46,MATCH(H9,'Перечень должностей'!$A$2:$A$46,0)),"") -> п.4.4, п.5.1, п.5.2 | J9: =IFERROR(INDEX('Перечень должностей'!$D$2:$D$46,MATCH(H9,'Перечень должностей'!$A$2:$A$46,0)),12) -> 12 | M9: =IF(K9="","",EDATE(IF(L9<>"",L9,K9),J9)) | N9: =IFERROR(INDEX('Перечень должностей'!$F$2:$F$46,MATCH(H9,'Перечень должностей'!$A$2:$A$46,0)),"") -> - | P9: =IF(O9="","",EDATE(O9,60)) | Q9: =IF(AND(K9<>"",F9<>"",K9>F9),"ДА","")
A10: 9 | B10: Москва | C10: Рысева Полина Викторовна | D10: Специалист | E10: Отдел сертификации авиационной техники М | F10: 46266 | G10: =IF(TRIM(SUBSTITUTE(SUBSTITUTE(SUBSTITUTE(SUBSTITUTE(SUBSTITUTE(SUBSTITUTE(SUBSTITUTE(SUBSTITUTE(SUBSTITUTE(SUBSTITUTE(SUBSTITUTE(LOWER(TRIM(D10)),"ё","е")," -","-"),"- ","-")," 2 разряда","")," 3 разряда","")," 4 разряда","")," 5 разряда","")," 6 разряда","")," 1 категории","")," 2 категории","")," 3 категории",""))="инженер",IF(AND(ISNUMBER(SEARCH("техническ",E10)),ISNUMBER(SEARCH("контрол",E10))),"инженер отк",IF(ISNUMBER(SEARCH("диспетч",E10)),"инженер пдо",TRIM(SUBSTITUTE(SUBSTITUTE(SUBSTITUTE(SUBSTITUTE(SUBSTITUTE(SUBSTITUTE(SUBSTITUTE(SUBSTITUTE(SUBSTITUTE(SUBSTITUTE(SUBSTITUTE(LOWER(TRIM(D10)),"ё","е")," -","-"),"- ","-")," 2 разряда","")," 3 разряда","")," 4 разряда","")," 5 разряда","")," 6 разряда","")," 1 категории","")," 2 категории","")," 3 категории","")))),IF(TRIM(SUBSTITUTE(SUBSTITUTE(SUBSTITUTE(SUBSTITUTE(SUBSTITUTE(SUBSTITUTE(SUBSTITUTE(SUBSTITUTE(SUBSTITUTE(SUBSTITUTE(SUBSTITUTE(LOWER(TRIM(D10)),"ё","е")," -","-"),"- ","-")," 2 разряда","")," 3 разряда","")," 4 разряда","")," 5 разряда","")," 6 разряда","")," 1 категории","")," 2 категории","")," 3 категории",""))="ведущий инженер",IF(ISNUMBER(SEARCH("диспетч",E10)),"ведущий инженер пдо",TRIM(SUBSTITUTE(SUBSTITUTE(SUBSTITUTE(SUBSTITUTE(SUBSTITUTE(SUBSTITUTE(SUBSTITUTE(SUBSTITUTE(SUBSTITUTE(SUBSTITUTE(SUBSTITUTE(LOWER(TRIM(D10)),"ё","е")," -","-"),"- ","-")," 2 разряда","")," 3 разряда","")," 4 разряда","")," 5 разряда","")," 6 разряда","")," 1 категории","")," 2 категории","")," 3 категории",""))),IF(TRIM(SUBSTITUTE(SUBSTITUTE(SUBSTITUTE(SUBSTITUTE(SUBSTITUTE(SUBSTITUTE(SUBSTITUTE(SUBSTITUTE(SUBSTITUTE(SUBSTITUTE(SUBSTITUTE(LOWER(TRIM(D10)),"ё","е")," -","-"),"- ","-")," 2 разряда","")," 3 разряда","")," 4 разряда","")," 5 разряда","")," 6 разряда","")," 1 категории","")," 2 категории","")," 3 категории",""))="контролер","контролер отк",TRIM(SUBSTITUTE(SUBSTITUTE(SUBSTITUTE(SUBSTITUTE(SUBSTITUTE(SUBSTITUTE(SUBSTITUTE(SUBSTITUTE(SUBSTITUTE(SUBSTITUTE(SUBSTITUTE(LOWER(TRIM(D10)),"ё","е")," -","-"),"- ","-")," 2 разряда","")," 3 разряда","")," 4 разряда","")," 5 разряда","")," 6 разряда","")," 1 категории","")," 2 категории","")," 3 категории",""))))) -> специалист | H10: =IFERROR(INDEX(Соответствие!$B$2:$B$76,MATCH(G10,Соответствие!$A$2:$A$76,0)),"?") -> 12 | I10: =IFERROR(INDEX('Перечень должностей'!$C$2:$C$46,MATCH(H10,'Перечень должностей'!$A$2:$A$46,0)),"") -> п.4.4, п.5.1, п.5.2 | J10: =IFERROR(INDEX('Перечень должностей'!$D$2:$D$46,MATCH(H10,'Перечень должностей'!$A$2:$A$46,0)),12) -> 12 | M10: =IF(K10="","",EDATE(IF(L10<>"",L10,K10),J10)) | N10: =IFERROR(INDEX('Перечень должностей'!$F$2:$F$46,MATCH(H10,'Перечень должностей'!$A$2:$A$46,0)),"") -> - | P10: =IF(O10="","",EDATE(O10,60)) | Q10: =IF(AND(K10<>"",F10<>"",K10>F10),"ДА","")
A11: 10 | B11: Москва | C11: Медведева Светлана Евгеньевна | D11: Специалист | E11: Бухгалтерия М | F11: 46104 | G11: =IF(TRIM(SUBSTITUTE(SUBSTITUTE(SUBSTITUTE(SUBSTITUTE(SUBSTITUTE(SUBSTITUTE(SUBSTITUTE(SUBSTITUTE(SUBSTITUTE(SUBSTITUTE(SUBSTITUTE(LOWER(TRIM(D11)),"ё","е")," -","-"),"- ","-")," 2 разряда","")," 3 разряда","")," 4 разряда","")," 5 разряда","")," 6 разряда","")," 1 категории","")," 2 категории","")," 3 категории",""))="инженер",IF(AND(ISNUMBER(SEARCH("техническ",E11)),ISNUMBER(SEARCH("контрол",E11))),"инженер отк",IF(ISNUMBER(SEARCH("диспетч",E11)),"инженер пдо",TRIM(SUBSTITUTE(SUBSTITUTE(SUBSTITUTE(SUBSTITUTE(SUBSTITUTE(SUBSTITUTE(SUBSTITUTE(SUBSTITUTE(SUBSTITUTE(SUBSTITUTE(SUBSTITUTE(LOWER(TRIM(D11)),"ё","е")," -","-"),"- ","-")," 2 разряда","")," 3 разряда","")," 4 разряда","")," 5 разряда","")," 6 разряда","")," 1 категории","")," 2 категории","")," 3 категории","")))),IF(TRIM(SUBSTITUTE(SUBSTITUTE(SUBSTITUTE(SUBSTITUTE(SUBSTITUTE(SUBSTITUTE(SUBSTITUTE(SUBSTITUTE(SUBSTITUTE(SUBSTITUTE(SUBSTITUTE(LOWER(TRIM(D11)),"ё","е")," -","-"),"- ","-")," 2 разряда","")," 3 разряда","")," 4 разряда","")," 5 разряда","")," 6 разряда","")," 1 категории","")," 2 категории","")," 3 категории",""))="ведущий инженер",IF(ISNUMBER(SEARCH("диспетч",E11)),"ведущий инженер пдо",TRIM(SUBSTITUTE(SUBSTITUTE(SUBSTITUTE(SUBSTITUTE(SUBSTITUTE(SUBSTITUTE(SUBSTITUTE(SUBSTITUTE(SUBSTITUTE(SUBSTITUTE(SUBSTITUTE(LOWER(TRIM(D11)),"ё","е")," -","-"),"- ","-")," 2 разряда","")," 3 разряда","")," 4 разряда","")," 5 разряда","")," 6 разряда","")," 1 категории","")," 2 категории","")," 3 категории",""))),IF(TRIM(SUBSTITUTE(SUBSTITUTE(SUBSTITUTE(SUBSTITUTE(SUBSTITUTE(SUBSTITUTE(SUBSTITUTE(SUBSTITUTE(SUBSTITUTE(SUBSTITUTE(SUBSTITUTE(LOWER(TRIM(D11)),"ё","е")," -","-"),"- ","-")," 2 разряда","")," 3 разряда","")," 4 разряда","")," 5 разряда","")," 6 разряда","")," 1 категории","")," 2 категории","")," 3 категории",""))="контролер","контролер отк",TRIM(SUBSTITUTE(SUBSTITUTE(SUBSTITUTE(SUBSTITUTE(SUBSTITUTE(SUBSTITUTE(SUBSTITUTE(SUBSTITUTE(SUBSTITUTE(SUBSTITUTE(SUBSTITUTE(LOWER(TRIM(D11)),"ё","е")," -","-"),"- ","-")," 2 разряда","")," 3 разряда","")," 4 разряда","")," 5 разряда","")," 6 разряда","")," 1 категории","")," 2 категории","")," 3 категории",""))))) -> специалист | H11: =IFERROR(INDEX(Соответствие!$B$2:$B$76,MATCH(G11,Соответствие!$A$2:$A$76,0)),"?") -> 12 | I11: =IFERROR(INDEX('Перечень должностей'!$C$2:$C$46,MATCH(H11,'Перечень должностей'!$A$2:$A$46,0)),"") -> п.4.4, п.5.1, п.5.2 | J11: =IFERROR(INDEX('Перечень должностей'!$D$2:$D$46,MATCH(H11,'Перечень должностей'!$A$2:$A$46,0)),12) -> 12 | M11: =IF(K11="","",EDATE(IF(L11<>"",L11,K11),J11)) | N11: =IFERROR(INDEX('Перечень должностей'!$F$2:$F$46,MATCH(H11,'Перечень должностей'!$A$2:$A$46,0)),"") -> - | P11: =IF(O11="","",EDATE(O11,60)) | Q11: =IF(AND(K11<>"",F11<>"",K11>F11),"ДА","")
A12: 11 | B12: Москва | C12: Киреева Вера Антоновна | D12: Старший технический работник | E12: Административно-хозяйственный отдел М | F12: 43283 | G12: =IF(TRIM(SUBSTITUTE(SUBSTITUTE(SUBSTITUTE(SUBSTITUTE(SUBSTITUTE(SUBSTITUTE(SUBSTITUTE(SUBSTITUTE(SUBSTITUTE(SUBSTITUTE(SUBSTITUTE(LOWER(TRIM(D12)),"ё","е")," -","-"),"- ","-")," 2 разряда","")," 3 разряда","")," 4 разряда","")," 5 разряда","")," 6 разряда","")," 1 категории","")," 2 категории","")," 3 категории",""))="инженер",IF(AND(ISNUMBER(SEARCH("техническ",E12)),ISNUMBER(SEARCH("контрол",E12))),"инженер отк",IF(ISNUMBER(SEARCH("диспетч",E12)),"инженер пдо",TRIM(SUBSTITUTE(SUBSTITUTE(SUBSTITUTE(SUBSTITUTE(SUBSTITUTE(SUBSTITUTE(SUBSTITUTE(SUBSTITUTE(SUBSTITUTE(SUBSTITUTE(SUBSTITUTE(LOWER(TRIM(D12)),"ё","е")," -","-"),"- ","-")," 2 разряда","")," 3 разряда","")," 4 разряда","")," 5 разряда","")," 6 разряда","")," 1 категории","")," 2 категории","")," 3 категории","")))),IF(TRIM(SUBSTITUTE(SUBSTITUTE(SUBSTITUTE(SUBSTITUTE(SUBSTITUTE(SUBSTITUTE(SUBSTITUTE(SUBSTITUTE(SUBSTITUTE(SUBSTITUTE(SUBSTITUTE(LOWER(TRIM(D12)),"ё","е")," -","-"),"- ","-")," 2 разряда","")," 3 разряда","")," 4 разряда","")," 5 разряда","")," 6 разряда","")," 1 категории","")," 2 категории","")," 3 категории",""))="ведущий инженер",IF(ISNUMBER(SEARCH("диспетч",E12)),"ведущий инженер пдо",TRIM(SUBSTITUTE(SUBSTITUTE(SUBSTITUTE(SUBSTITUTE(SUBSTITUTE(SUBSTITUTE(SUBSTITUTE(SUBSTITUTE(SUBSTITUTE(SUBSTITUTE(SUBSTITUTE(LOWER(TRIM(D12)),"ё","е")," -","-"),"- ","-")," 2 разряда","")," 3 разряда","")," 4 разряда","")," 5 разряда","")," 6 разряда","")," 1 категории","")," 2 категории","")," 3 категории",""))),IF(TRIM(SUBSTITUTE(SUBSTITUTE(SUBSTITUTE(SUBSTITUTE(SUBSTITUTE(SUBSTITUTE(SUBSTITUTE(SUBSTITUTE(SUBSTITUTE(SUBSTITUTE(SUBSTITUTE(LOWER(TRIM(D12)),"ё","е")," -","-"),"- ","-")," 2 разряда","")," 3 разряда","")," 4 разряда","")," 5 разряда","")," 6 разряда","")," 1 категории","")," 2 категории","")," 3 категории",""))="контролер","контролер отк",TRIM(SUBSTITUTE(SUBSTITUTE(SUBSTITUTE(SUBSTITUTE(SUBSTITUTE(SUBSTITUTE(SUBSTITUTE(SUBSTITUTE(SUBSTITUTE(SUBSTITUTE(SUBSTITUTE(LOWER(TRIM(D12)),"ё","е")," -","-"),"- ","-")," 2 разряда","")," 3 разряда","")," 4 разряда","")," 5 разряда","")," 6 разряда","")," 1 категории","")," 2 категории","")," 3 категории",""))))) -> старший технический работник | H12: =IFERROR(INDEX(Соответствие!$B$2:$B$76,MATCH(G12,Соответствие!$A$2:$A$76,0)),"?") -> 10 | I12: =IFERROR(INDEX('Перечень должностей'!$C$2:$C$46,MATCH(H12,'Перечень должностей'!$A$2:$A$46,0)),"") -> п.1.48, п.4.3.1, п.4.4, п.5.1 | J12: =IFERROR(INDEX('Перечень должностей'!$D$2:$D$46,MATCH(H12,'Перечень должностей'!$A$2:$A$46,0)),12) -> 12 | M12: =IF(K12="","",EDATE(IF(L12<>"",L12,K12),J12)) | N12: =IFERROR(INDEX('Перечень должностей'!$F$2:$F$46,MATCH(H12,'Перечень должностей'!$A$2:$A$46,0)),"") -> - | P12: =IF(O12="","",EDATE(O12,60)) | Q12: =IF(AND(K12<>"",F12<>"",K12>F12),"ДА","")
A13: 12 | B13: Москва | C13: Лебедева Валентина Михайловна | D13: Старший технический работник | E13: Административно-хозяйственный отдел М | F13: 46065 | G13: =IF(TRIM(SUBSTITUTE(SUBSTITUTE(SUBSTITUTE(SUBSTITUTE(SUBSTITUTE(SUBSTITUTE(SUBSTITUTE(SUBSTITUTE(SUBSTITUTE(SUBSTITUTE(SUBSTITUTE(LOWER(TRIM(D13)),"ё","е")," -","-"),"- ","-")," 2 разряда","")," 3 разряда","")," 4 разряда","")," 5 разряда","")," 6 разряда","")," 1 категории","")," 2 категории","")," 3 категории",""))="инженер",IF(AND(ISNUMBER(SEARCH("техническ",E13)),ISNUMBER(SEARCH("контрол",E13))),"инженер отк",IF(ISNUMBER(SEARCH("диспетч",E13)),"инженер пдо",TRIM(SUBSTITUTE(SUBSTITUTE(SUBSTITUTE(SUBSTITUTE(SUBSTITUTE(SUBSTITUTE(SUBSTITUTE(SUBSTITUTE(SUBSTITUTE(SUBSTITUTE(SUBSTITUTE(LOWER(TRIM(D13)),"ё","е")," -","-"),"- ","-")," 2 разряда","")," 3 разряда","")," 4 разряда","")," 5 разряда","")," 6 разряда","")," 1 категории","")," 2 категории","")," 3 категории","")))),IF(TRIM(SUBSTITUTE(SUBSTITUTE(SUBSTITUTE(SUBSTITUTE(SUBSTITUTE(SUBSTITUTE(SUBSTITUTE(SUBSTITUTE(SUBSTITUTE(SUBSTITUTE(SUBSTITUTE(LOWER(TRIM(D13)),"ё","е")," -","-"),"- ","-")," 2 разряда","")," 3 разряда","")," 4 разряда","")," 5 разряда","")," 6 разряда","")," 1 категории","")," 2 категории","")," 3 категории",""))="ведущий инженер",IF(ISNUMBER(SEARCH("диспетч",E13)),"ведущий инженер пдо",TRIM(SUBSTITUTE(SUBSTITUTE(SUBSTITUTE(SUBSTITUTE(SUBSTITUTE(SUBSTITUTE(SUBSTITUTE(SUBSTITUTE(SUBSTITUTE(SUBSTITUTE(SUBSTITUTE(LOWER(TRIM(D13)),"ё","е")," -","-"),"- ","-")," 2 разряда","")," 3 разряда","")," 4 разряда","")," 5 разряда","")," 6 разряда","")," 1 категории","")," 2 категории","")," 3 категории",""))),IF(TRIM(SUBSTITUTE(SUBSTITUTE(SUBSTITUTE(SUBSTITUTE(SUBSTITUTE(SUBSTITUTE(SUBSTITUTE(SUBSTITUTE(SUBSTITUTE(SUBSTITUTE(SUBSTITUTE(LOWER(TRIM(D13)),"ё","е")," -","-"),"- ","-")," 2 разряда","")," 3 разряда","")," 4 разряда","")," 5 разряда","")," 6 разряда","")," 1 категории","")," 2 категории","")," 3 категории",""))="контролер","контролер отк",TRIM(SUBSTITUTE(SUBSTITUTE(SUBSTITUTE(SUBSTITUTE(SUBSTITUTE(SUBSTITUTE(SUBSTITUTE(SUBSTITUTE(SUBSTITUTE(SUBSTITUTE(SUBSTITUTE(LOWER(TRIM(D13)),"ё","е")," -","-"),"- ","-")," 2 разряда","")," 3 разряда","")," 4 разряда","")," 5 разряда","")," 6 разряда","")," 1 категории","")," 2 категории","")," 3 категории",""))))) -> старший технический работник | H13: =IFERROR(INDEX(Соответствие!$B$2:$B$76,MATCH(G13,Соответствие!$A$2:$A$76,0)),"?") -> 10 | I13: =IFERROR(INDEX('Перечень должностей'!$C$2:$C$46,MATCH(H13,'Перечень должностей'!$A$2:$A$46,0)),"") -> п.1.48, п.4.3.1, п.4.4, п.5.1 | J13: =IFERROR(INDEX('Перечень должностей'!$D$2:$D$46,MATCH(H13,'Перечень должностей'!$A$2:$A$46,0)),12) -> 12 | M13: =IF(K13="","",EDATE(IF(L13<>"",L13,K13),J13)) | N13: =IFERROR(INDEX('Перечень должностей'!$F$2:$F$46,MATCH(H13,'Перечень должностей'!$A$2:$A$46,0)),"") -> - | P13: =IF(O13="","",EDATE(O13,60)) | Q13: =IF(AND(K13<>"",F13<>"",K13>F13),"ДА","")
... A23: 22 | B23: Внуково | C23: Постульгин Александр Валентинович | D23: Слесарь-сборщик 5 разряда | E23: Производственное подразделение Внуково М | F23: 45208 | G23: =IF(TRIM(SUBSTITUTE(SUBSTITUTE(SUBSTITUTE(SUBSTITUTE(SUBSTITUTE(SUBSTITUTE(SUBSTITUTE(SUBSTITUTE(SUBSTITUTE(SUBSTITUTE(SUBSTITUTE(LOWER(TRIM(D23)),"ё","е")," -","-"),"- ","-")," 2 разряда","")," 3 разряда","")," 4 разряда","")," 5 разряда","")," 6 разряда","")," 1 категории","")," 2 категории","")," 3 категории",""))="инженер",IF(AND(ISNUMBER(SEARCH("техническ",E23)),ISNUMBER(SEARCH("контрол",E23))),"инженер отк",IF(ISNUMBER(SEARCH("диспетч",E23)),"инженер пдо",TRIM(SUBSTITUTE(SUBSTITUTE(SUBSTITUTE(SUBSTITUTE(SUBSTITUTE(SUBSTITUTE(SUBSTITUTE(SUBSTITUTE(SUBSTITUTE(SUBSTITUTE(SUBSTITUTE(LOWER(TRIM(D23)),"ё","е")," -","-"),"- ","-")," 2 разряда","")," 3 разряда","")," 4 разряда","")," 5 разряда","")," 6 разряда","")," 1 категории","")," 2 категории","")," 3 категории","")))),IF(TRIM(SUBSTITUTE(SUBSTITUTE(SUBSTITUTE(SUBSTITUTE(SUBSTITUTE(SUBSTITUTE(SUBSTITUTE(SUBSTITUTE(SUBSTITUTE(SUBSTITUTE(SUBSTITUTE(LOWER(TRIM(D23)),"ё","е")," -","-"),"- ","-")," 2 разряда","")," 3 разряда","")," 4 разряда","")," 5 разряда","")," 6 разряда","")," 1 категории","")," 2 категории","")," 3 категории",""))="ведущий инженер",IF(ISNUMBER(SEARCH("диспетч",E23)),"ведущий инженер пдо",TRIM(SUBSTITUTE(SUBSTITUTE(SUBSTITUTE(SUBSTITUTE(SUBSTITUTE(SUBSTITUTE(SUBSTITUTE(SUBSTITUTE(SUBSTITUTE(SUBSTITUTE(SUBSTITUTE(LOWER(TRIM(D23)),"ё","е")," -","-"),"- ","-")," 2 разряда","")," 3 разряда","")," 4 разряда","")," 5 разряда","")," 6 разряда","")," 1 категории","")," 2 категории","")," 3 категории",""))),IF(TRIM(SUBSTITUTE(SUBSTITUTE(SUBSTITUTE(SUBSTITUTE(SUBSTITUTE(SUBSTITUTE(SUBSTITUTE(SUBSTITUTE(SUBSTITUTE(SUBSTITUTE(SUBSTITUTE(LOWER(TRIM(D23)),"ё","е")," -","-"),"- ","-")," 2 разряда","")," 3 разряда","")," 4 разряда","")," 5 разряда","")," 6 разряда","")," 1 категории","")," 2 категории","")," 3 категории",""))="контролер","контролер отк",TRIM(SUBSTITUTE(SUBSTITUTE(SUBSTITUTE(SUBSTITUTE(SUBSTITUTE(SUBSTITUTE(SUBSTITUTE(SUBSTITUTE(SUBSTITUTE(SUBSTITUTE(SUBSTITUTE(LOWER(TRIM(D23)),"ё","е")," -","-"),"- ","-")," 2 разряда","")," 3 разряда","")," 4 разряда","")," 5 разряда","")," 6 разряда","")," 1 категории","")," 2 категории","")," 3 категории",""))))) -> слесарь-сборщик | H23: =IFERROR(INDEX(Соответствие!$B$2:$B$76,MATCH(G23,Соответствие!$A$2:$A$76,0)),"?") -> 19 | I23: =IFERROR(INDEX('Перечень должностей'!$C$2:$C$46,MATCH(H23,'Перечень должностей'!$A$2:$A$46,0)),"") -> п.4.3.1, п.4.3.2, п.4.4, п.5.1, п.6.2, п.15 | J23: =IFERROR(INDEX('Перечень должностей'!$D$2:$D$46,MATCH(H23,'Перечень должностей'!$A$2:$A$46,0)),12) -> 12 | M23: =IF(K23="","",EDATE(IF(L23<>"",L23,K23),J23)) | N23: =IFERROR(INDEX('Перечень должностей'!$F$2:$F$46,MATCH(H23,'Перечень должностей'!$A$2:$A$46,0)),"") -> - | P23: =IF(O23="","",EDATE(O23,60)) | Q23: =IF(AND(K23<>"",F23<>"",K23>F23),"ДА","")
A24: 23 | B24: Внуково | C24: Луданцев Алексей Владимирович | D24: Слесарь-сборщик 4 разряда | E24: Производственное подразделение Внуково М | F24: 45950 | G24: =IF(TRIM(SUBSTITUTE(SUBSTITUTE(SUBSTITUTE(SUBSTITUTE(SUBSTITUTE(SUBSTITUTE(SUBSTITUTE(SUBSTITUTE(SUBSTITUTE(SUBSTITUTE(SUBSTITUTE(LOWER(TRIM(D24)),"ё","е")," -","-"),"- ","-")," 2 разряда","")," 3 разряда","")," 4 разряда","")," 5 разряда","")," 6 разряда","")," 1 категории","")," 2 категории","")," 3 категории",""))="инженер",IF(AND(ISNUMBER(SEARCH("техническ",E24)),ISNUMBER(SEARCH("контрол",E24))),"инженер отк",IF(ISNUMBER(SEARCH("диспетч",E24)),"инженер пдо",TRIM(SUBSTITUTE(SUBSTITUTE(SUBSTITUTE(SUBSTITUTE(SUBSTITUTE(SUBSTITUTE(SUBSTITUTE(SUBSTITUTE(SUBSTITUTE(SUBSTITUTE(SUBSTITUTE(LOWER(TRIM(D24)),"ё","е")," -","-"),"- ","-")," 2 разряда","")," 3 разряда","")," 4 разряда","")," 5 разряда","")," 6 разряда","")," 1 категории","")," 2 категории","")," 3 категории","")))),IF(TRIM(SUBSTITUTE(SUBSTITUTE(SUBSTITUTE(SUBSTITUTE(SUBSTITUTE(SUBSTITUTE(SUBSTITUTE(SUBSTITUTE(SUBSTITUTE(SUBSTITUTE(SUBSTITUTE(LOWER(TRIM(D24)),"ё","е")," -","-"),"- ","-")," 2 разряда","")," 3 разряда","")," 4 разряда","")," 5 разряда","")," 6 разряда","")," 1 категории","")," 2 категории","")," 3 категории",""))="ведущий инженер",IF(ISNUMBER(SEARCH("диспетч",E24)),"ведущий инженер пдо",TRIM(SUBSTITUTE(SUBSTITUTE(SUBSTITUTE(SUBSTITUTE(SUBSTITUTE(SUBSTITUTE(SUBSTITUTE(SUBSTITUTE(SUBSTITUTE(SUBSTITUTE(SUBSTITUTE(LOWER(TRIM(D24)),"ё","е")," -","-"),"- ","-")," 2 разряда","")," 3 разряда","")," 4 разряда","")," 5 разряда","")," 6 разряда","")," 1 категории","")," 2 категории","")," 3 категории",""))),IF(TRIM(SUBSTITUTE(SUBSTITUTE(SUBSTITUTE(SUBSTITUTE(SUBSTITUTE(SUBSTITUTE(SUBSTITUTE(SUBSTITUTE(SUBSTITUTE(SUBSTITUTE(SUBSTITUTE(LOWER(TRIM(D24)),"ё","е")," -","-"),"- ","-")," 2 разряда","")," 3 разряда","")," 4 разряда","")," 5 разряда","")," 6 разряда","")," 1 категории","")," 2 категории","")," 3 категории",""))="контролер","контролер отк",TRIM(SUBSTITUTE(SUBSTITUTE(SUBSTITUTE(SUBSTITUTE(SUBSTITUTE(SUBSTITUTE(SUBSTITUTE(SUBSTITUTE(SUBSTITUTE(SUBSTITUTE(SUBSTITUTE(LOWER(TRIM(D24)),"ё","е")," -","-"),"- ","-")," 2 разряда","")," 3 разряда","")," 4 разряда","")," 5 разряда","")," 6 разряда","")," 1 категории","")," 2 категории","")," 3 категории",""))))) -> слесарь-сборщик | H24: =IFERROR(INDEX(Соответствие!$B$2:$B$76,MATCH(G24,Соответствие!$A$2:$A$76,0)),"?") -> 19 | I24: =IFERROR(INDEX('Перечень должностей'!$C$2:$C$46,MATCH(H24,'Перечень должностей'!$A$2:$A$46,0)),"") -> п.4.3.1, п.4.3.2, п.4.4, п.5.1, п.6.2, п.15 | J24: =IFERROR(INDEX('Перечень должностей'!$D$2:$D$46,MATCH(H24,'Перечень должностей'!$A$2:$A$46,0)),12) -> 12 | K24: 45940 | M24: =IF(K24="","",EDATE(IF(L24<>"",L24,K24),J24)) -> 46305 | N24: =IFERROR(INDEX('Перечень должностей'!$F$2:$F$46,MATCH(H24,'Перечень должностей'!$A$2:$A$46,0)),"") -> - | P24: =IF(O24="","",EDATE(O24,60)) | Q24: =IF(AND(K24<>"",F24<>"",K24>F24),"ДА","")
A25: 24 | B25: Внуково | C25: Варламов Олег Владимирович | D25: Менеджер-комплектовщик | E25: Производственное подразделение Внуково М | F25: 44152 | G25: =IF(TRIM(SUBSTITUTE(SUBSTITUTE(SUBSTITUTE(SUBSTITUTE(SUBSTITUTE(SUBSTITUTE(SUBSTITUTE(SUBSTITUTE(SUBSTITUTE(SUBSTITUTE(SUBSTITUTE(LOWER(TRIM(D25)),"ё","е")," -","-"),"- ","-")," 2 разряда","")," 3 разряда","")," 4 разряда","")," 5 разряда","")," 6 разряда","")," 1 категории","")," 2 категории","")," 3 категории",""))="инженер",IF(AND(ISNUMBER(SEARCH("техническ",E25)),ISNUMBER(SEARCH("контрол",E25))),"инженер отк",IF(ISNUMBER(SEARCH("диспетч",E25)),"инженер пдо",TRIM(SUBSTITUTE(SUBSTITUTE(SUBSTITUTE(SUBSTITUTE(SUBSTITUTE(SUBSTITUTE(SUBSTITUTE(SUBSTITUTE(SUBSTITUTE(SUBSTITUTE(SUBSTITUTE(LOWER(TRIM(D25)),"ё","е")," -","-"),"- ","-")," 2 разряда","")," 3 разряда","")," 4 разряда","")," 5 разряда","")," 6 разряда","")," 1 категории","")," 2 категории","")," 3 категории","")))),IF(TRIM(SUBSTITUTE(SUBSTITUTE(SUBSTITUTE(SUBSTITUTE(SUBSTITUTE(SUBSTITUTE(SUBSTITUTE(SUBSTITUTE(SUBSTITUTE(SUBSTITUTE(SUBSTITUTE(LOWER(TRIM(D25)),"ё","е")," -","-"),"- ","-")," 2 разряда","")," 3 разряда","")," 4 разряда","")," 5 разряда","")," 6 разряда","")," 1 категории","")," 2 категории","")," 3 категории",""))="ведущий инженер",IF(ISNUMBER(SEARCH("диспетч",E25)),"ведущий инженер пдо",TRIM(SUBSTITUTE(SUBSTITUTE(SUBSTITUTE(SUBSTITUTE(SUBSTITUTE(SUBSTITUTE(SUBSTITUTE(SUBSTITUTE(SUBSTITUTE(SUBSTITUTE(SUBSTITUTE(LOWER(TRIM(D25)),"ё","е")," -","-"),"- ","-")," 2 разряда","")," 3 разряда","")," 4 разряда","")," 5 разряда","")," 6 разряда","")," 1 категории","")," 2 категории","")," 3 категории",""))),IF(TRIM(SUBSTITUTE(SUBSTITUTE(SUBSTITUTE(SUBSTITUTE(SUBSTITUTE(SUBSTITUTE(SUBSTITUTE(SUBSTITUTE(SUBSTITUTE(SUBSTITUTE(SUBSTITUTE(LOWER(TRIM(D25)),"ё","е")," -","-"),"- ","-")," 2 разряда","")," 3 разряда","")," 4 разряда","")," 5 разряда","")," 6 разряда","")," 1 категории","")," 2 категории","")," 3 категории",""))="контролер","контролер отк",TRIM(SUBSTITUTE(SUBSTITUTE(SUBSTITUTE(SUBSTITUTE(SUBSTITUTE(SUBSTITUTE(SUBSTITUTE(SUBSTITUTE(SUBSTITUTE(SUBSTITUTE(SUBSTITUTE(LOWER(TRIM(D25)),"ё","е")," -","-"),"- ","-")," 2 разряда","")," 3 разряда","")," 4 разряда","")," 5 разряда","")," 6 разряда","")," 1 категории","")," 2 категории","")," 3 категории",""))))) -> менеджер-комплектовщик | H25: =IFERROR(INDEX(Соответствие!$B$2:$B$76,MATCH(G25,Соответствие!$A$2:$A$76,0)),"?") -> 22 | I25: =IFERROR(INDEX('Перечень должностей'!$C$2:$C$46,MATCH(H25,'Перечень должностей'!$A$2:$A$46,0)),"") -> п.4.4, п.5.1, п.6.2 | J25: =IFERROR(INDEX('Перечень должностей'!$D$2:$D$46,MATCH(H25,'Перечень должностей'!$A$2:$A$46,0)),12) -> 12 | M25: =IF(K25="","",EDATE(IF(L25<>"",L25,K25),J25)) | N25: =IFERROR(INDEX('Перечень должностей'!$F$2:$F$46,MATCH(H25,'Перечень должностей'!$A$2:$A$46,0)),"") -> - | P25: =IF(O25="","",EDATE(O25,60)) | Q25: =IF(AND(K25<>"",F25<>"",K25>F25),"ДА","")
A26: 25 | B26: Внуково | C26: Климачев Сергей Валерьевич | D26: Заместитель директора департамента-Начальник производственного подразделения | E26: Производственное подразделение Внуково М | F26: 41334 | G26: =IF(TRIM(SUBSTITUTE(SUBSTITUTE(SUBSTITUTE(SUBSTITUTE(SUBSTITUTE(SUBSTITUTE(SUBSTITUTE(SUBSTITUTE(SUBSTITUTE(SUBSTITUTE(SUBSTITUTE(LOWER(TRIM(D26)),"ё","е")," -","-"),"- ","-")," 2 разряда","")," 3 разряда","")," 4 разряда","")," 5 разряда","")," 6 разряда","")," 1 категории","")," 2 категории","")," 3 категории",""))="инженер",IF(AND(ISNUMBER(SEARCH("техническ",E26)),ISNUMBER(SEARCH("контрол",E26))),"инженер отк",IF(ISNUMBER(SEARCH("диспетч",E26)),"инженер пдо",TRIM(SUBSTITUTE(SUBSTITUTE(SUBSTITUTE(SUBSTITUTE(SUBSTITUTE(SUBSTITUTE(SUBSTITUTE(SUBSTITUTE(SUBSTITUTE(SUBSTITUTE(SUBSTITUTE(LOWER(TRIM(D26)),"ё","е")," -","-"),"- ","-")," 2 разряда","")," 3 разряда","")," 4 разряда","")," 5 разряда","")," 6 разряда","")," 1 категории","")," 2 категории","")," 3 категории","")))),IF(TRIM(SUBSTITUTE(SUBSTITUTE(SUBSTITUTE(SUBSTITUTE(SUBSTITUTE(SUBSTITUTE(SUBSTITUTE(SUBSTITUTE(SUBSTITUTE(SUBSTITUTE(SUBSTITUTE(LOWER(TRIM(D26)),"ё","е")," -","-"),"- ","-")," 2 разряда","")," 3 разряда","")," 4 разряда","")," 5 разряда","")," 6 разряда","")," 1 категории","")," 2 категории","")," 3 категории",""))="ведущий инженер",IF(ISNUMBER(SEARCH("диспетч",E26)),"ведущий инженер пдо",TRIM(SUBSTITUTE(SUBSTITUTE(SUBSTITUTE(SUBSTITUTE(SUBSTITUTE(SUBSTITUTE(SUBSTITUTE(SUBSTITUTE(SUBSTITUTE(SUBSTITUTE(SUBSTITUTE(LOWER(TRIM(D26)),"ё","е")," -","-"),"- ","-")," 2 разряда","")," 3 разряда","")," 4 разряда","")," 5 разряда","")," 6 разряда","")," 1 категории","")," 2 категории","")," 3 категории",""))),IF(TRIM(SUBSTITUTE(SUBSTITUTE(SUBSTITUTE(SUBSTITUTE(SUBSTITUTE(SUBSTITUTE(SUBSTITUTE(SUBSTITUTE(SUBSTITUTE(SUBSTITUTE(SUBSTITUTE(LOWER(TRIM(D26)),"ё","е")," -","-"),"- ","-")," 2 разряда","")," 3 разряда","")," 4 разряда","")," 5 разряда","")," 6 разряда","")," 1 категории","")," 2 категории","")," 3 категории",""))="контролер","контролер отк",TRIM(SUBSTITUTE(SUBSTITUTE(SUBSTITUTE(SUBSTITUTE(SUBSTITUTE(SUBSTITUTE(SUBSTITUTE(SUBSTITUTE(SUBSTITUTE(SUBSTITUTE(SUBSTITUTE(LOWER(TRIM(D26)),"ё","е")," -","-"),"- ","-")," 2 разряда","")," 3 разряда","")," 4 разряда","")," 5 разряда","")," 6 разряда","")," 1 категории","")," 2 категории","")," 3 категории",""))))) -> заместитель директора департамента-начальник производственного подразделения | H26: =IFERROR(INDEX(Соответствие!$B$2:$B$76,MATCH(G26,Соответствие!$A$2:$A$76,0)),"?") -> 42 | I26: =IFERROR(INDEX('Перечень должностей'!$C$2:$C$46,MATCH(H26,'Перечень должностей'!$A$2:$A$46,0)),"") -> п.4.3.2, п.4.4, п.5.1, п.5.2, п.6.2 | J26: =IFERROR(INDEX('Перечень должностей'!$D$2:$D$46,MATCH(H26,'Перечень должностей'!$A$2:$A$46,0)),12) -> 12 | M26: =IF(K26="","",EDATE(IF(L26<>"",L26,K26),J26)) | N26: =IFERROR(INDEX('Перечень должностей'!$F$2:$F$46,MATCH(H26,'Перечень должностей'!$A$2:$A$46,0)),"") -> - | P26: =IF(O26="","",EDATE(O26,60)) | Q26: =IF(AND(K26<>"",F26<>"",K26>F26),"ДА","")
A27: 26 | B27: Москва | C27: Заворотный Дмитрий Дмитриевич | D27: Старший оперативный дежурный | E27: Отдел режима М | F27: 45957 | G27: =IF(TRIM(SUBSTITUTE(SUBSTITUTE(SUBSTITUTE(SUBSTITUTE(SUBSTITUTE(SUBSTITUTE(SUBSTITUTE(SUBSTITUTE(SUBSTITUTE(SUBSTITUTE(SUBSTITUTE(LOWER(TRIM(D27)),"ё","е")," -","-"),"- ","-")," 2 разряда","")," 3 разряда","")," 4 разряда","")," 5 разряда","")," 6 разряда","")," 1 категории","")," 2 категории","")," 3 категории",""))="инженер",IF(AND(ISNUMBER(SEARCH("техническ",E27)),ISNUMBER(SEARCH("контрол",E27))),"инженер отк",IF(ISNUMBER(SEARCH("диспетч",E27)),"инженер пдо",TRIM(SUBSTITUTE(SUBSTITUTE(SUBSTITUTE(SUBSTITUTE(SUBSTITUTE(SUBSTITUTE(SUBSTITUTE(SUBSTITUTE(SUBSTITUTE(SUBSTITUTE(SUBSTITUTE(LOWER(TRIM(D27)),"ё","е")," -","-"),"- ","-")," 2 разряда","")," 3 разряда","")," 4 разряда","")," 5 разряда","")," 6 разряда","")," 1 категории","")," 2 категории","")," 3 категории","")))),IF(TRIM(SUBSTITUTE(SUBSTITUTE(SUBSTITUTE(SUBSTITUTE(SUBSTITUTE(SUBSTITUTE(SUBSTITUTE(SUBSTITUTE(SUBSTITUTE(SUBSTITUTE(SUBSTITUTE(LOWER(TRIM(D27)),"ё","е")," -","-"),"- ","-")," 2 разряда","")," 3 разряда","")," 4 разряда","")," 5 разряда","")," 6 разряда","")," 1 категории","")," 2 категории","")," 3 категории",""))="ведущий инженер",IF(ISNUMBER(SEARCH("диспетч",E27)),"ведущий инженер пдо",TRIM(SUBSTITUTE(SUBSTITUTE(SUBSTITUTE(SUBSTITUTE(SUBSTITUTE(SUBSTITUTE(SUBSTITUTE(SUBSTITUTE(SUBSTITUTE(SUBSTITUTE(SUBSTITUTE(LOWER(TRIM(D27)),"ё","е")," -","-"),"- ","-")," 2 разряда","")," 3 разряда","")," 4 разряда","")," 5 разряда","")," 6 разряда","")," 1 категории","")," 2 категории","")," 3 категории",""))),IF(TRIM(SUBSTITUTE(SUBSTITUTE(SUBSTITUTE(SUBSTITUTE(SUBSTITUTE(SUBSTITUTE(SUBSTITUTE(SUBSTITUTE(SUBSTITUTE(SUBSTITUTE(SUBSTITUTE(LOWER(TRIM(D27)),"ё","е")," -","-"),"- ","-")," 2 разряда","")," 3 разряда","")," 4 разряда","")," 5 разряда","")," 6 разряда","")," 1 категории","")," 2 категории","")," 3 категории",""))="контролер","контролер отк",TRIM(SUBSTITUTE(SUBSTITUTE(SUBSTITUTE(SUBSTITUTE(SUBSTITUTE(SUBSTITUTE(SUBSTITUTE(SUBSTITUTE(SUBSTITUTE(SUBSTITUTE(SUBSTITUTE(LOWER(TRIM(D27)),"ё","е")," -","-"),"- ","-")," 2 разряда","")," 3 разряда","")," 4 разряда","")," 5 разряда","")," 6 разряда","")," 1 категории","")," 2 категории","")," 3 категории",""))))) -> старший оперативный дежурный | H27: =IFERROR(INDEX(Соответствие!$B$2:$B$76,MATCH(G27,Соответствие!$A$2:$A$76,0)),"?") -> 45 | I27: =IFERROR(INDEX('Перечень должностей'!$C$2:$C$46,MATCH(H27,'Перечень должностей'!$A$2:$A$46,0)),"") -> п.4.7, п.4.8, п.5.1, п.5.2 | J27: =IFERROR(INDEX('Перечень должностей'!$D$2:$D$46,MATCH(H27,'Перечень должностей'!$A$2:$A$46,0)),12) -> 12 | M27: =IF(K27="","",EDATE(IF(L27<>"",L27,K27),J27)) | N27: =IFERROR(INDEX('Перечень должностей'!$F$2:$F$46,MATCH(H27,'Перечень должностей'!$A$2:$A$46,0)),"") -> Нет | P27: =IF(O27="","",EDATE(O27,60)) | Q27: =IF(AND(K27<>"",F27<>"",K27>F27),"ДА","")
A28: 27 | B28: Москва | C28: Горбушин Сергей Юрьевич | D28: Оперативный дежурный | E28: Отдел режима М | F28: 45551 | G28: =IF(TRIM(SUBSTITUTE(SUBSTITUTE(SUBSTITUTE(SUBSTITUTE(SUBSTITUTE(SUBSTITUTE(SUBSTITUTE(SUBSTITUTE(SUBSTITUTE(SUBSTITUTE(SUBSTITUTE(LOWER(TRIM(D28)),"ё","е")," -","-"),"- ","-")," 2 разряда","")," 3 разряда","")," 4 разряда","")," 5 разряда","")," 6 разряда","")," 1 категории","")," 2 категории","")," 3 категории",""))="инженер",IF(AND(ISNUMBER(SEARCH("техническ",E28)),ISNUMBER(SEARCH("контрол",E28))),"инженер отк",IF(ISNUMBER(SEARCH("диспетч",E28)),"инженер пдо",TRIM(SUBSTITUTE(SUBSTITUTE(SUBSTITUTE(SUBSTITUTE(SUBSTITUTE(SUBSTITUTE(SUBSTITUTE(SUBSTITUTE(SUBSTITUTE(SUBSTITUTE(SUBSTITUTE(LOWER(TRIM(D28)),"ё","е")," -","-"),"- ","-")," 2 разряда","")," 3 разряда","")," 4 разряда","")," 5 разряда","")," 6 разряда","")," 1 категории","")," 2 категории","")," 3 категории","")))),IF(TRIM(SUBSTITUTE(SUBSTITUTE(SUBSTITUTE(SUBSTITUTE(SUBSTITUTE(SUBSTITUTE(SUBSTITUTE(SUBSTITUTE(SUBSTITUTE(SUBSTITUTE(SUBSTITUTE(LOWER(TRIM(D28)),"ё","е")," -","-"),"- ","-")," 2 разряда","")," 3 разряда","")," 4 разряда","")," 5 разряда","")," 6 разряда","")," 1 категории","")," 2 категории","")," 3 категории",""))="ведущий инженер",IF(ISNUMBER(SEARCH("диспетч",E28)),"ведущий инженер пдо",TRIM(SUBSTITUTE(SUBSTITUTE(SUBSTITUTE(SUBSTITUTE(SUBSTITUTE(SUBSTITUTE(SUBSTITUTE(SUBSTITUTE(SUBSTITUTE(SUBSTITUTE(SUBSTITUTE(LOWER(TRIM(D28)),"ё","е")," -","-"),"- ","-")," 2 разряда","")," 3 разряда","")," 4 разряда","")," 5 разряда","")," 6 разряда","")," 1 категории","")," 2 категории","")," 3 категории",""))),IF(TRIM(SUBSTITUTE(SUBSTITUTE(SUBSTITUTE(SUBSTITUTE(SUBSTITUTE(SUBSTITUTE(SUBSTITUTE(SUBSTITUTE(SUBSTITUTE(SUBSTITUTE(SUBSTITUTE(LOWER(TRIM(D28)),"ё","е")," -","-"),"- ","-")," 2 разряда","")," 3 разряда","")," 4 разряда","")," 5 разряда","")," 6 разряда","")," 1 категории","")," 2 категории","")," 3 категории",""))="контролер","контролер отк",TRIM(SUBSTITUTE(SUBSTITUTE(SUBSTITUTE(SUBSTITUTE(SUBSTITUTE(SUBSTITUTE(SUBSTITUTE(SUBSTITUTE(SUBSTITUTE(SUBSTITUTE(SUBSTITUTE(LOWER(TRIM(D28)),"ё","е")," -","-"),"- ","-")," 2 разряда","")," 3 разряда","")," 4 разряда","")," 5 разряда","")," 6 разряда","")," 1 категории","")," 2 категории","")," 3 категории",""))))) -> оперативный дежурный | H28: =IFERROR(INDEX(Соответствие!$B$2:$B$76,MATCH(G28,Соответствие!$A$2:$A$76,0)),"?") -> 45 | I28: =IFERROR(INDEX('Перечень должностей'!$C$2:$C$46,MATCH(H28,'Перечень должностей'!$A$2:$A$46,0)),"") -> п.4.7, п.4.8, п.5.1, п.5.2 | J28: =IFERROR(INDEX('Перечень должностей'!$D$2:$D$46,MATCH(H28,'Перечень должностей'!$A$2:$A$46,0)),12) -> 12 | M28: =IF(K28="","",EDATE(IF(L28<>"",L28,K28),J28)) | N28: =IFERROR(INDEX('Перечень должностей'!$F$2:$F$46,MATCH(H28,'Перечень должностей'!$A$2:$A$46,0)),"") -> Нет | P28: =IF(O28="","",EDATE(O28,60)) | Q28: =IF(AND(K28<>"",F28<>"",K28>F28),"ДА","")
A29: 28 | B29: Москва | C29: Кисельников Николай Михайлович | D29: Оперативный дежурный | E29: Отдел режима М | F29: 44092 | G29: =IF(TRIM(SUBSTITUTE(SUBSTITUTE(SUBSTITUTE(SUBSTITUTE(SUBSTITUTE(SUBSTITUTE(SUBSTITUTE(SUBSTITUTE(SUBSTITUTE(SUBSTITUTE(SUBSTITUTE(LOWER(TRIM(D29)),"ё","е")," -","-"),"- ","-")," 2 разряда","")," 3 разряда","")," 4 разряда","")," 5 разряда","")," 6 разряда","")," 1 категории","")," 2 категории","")," 3 категории",""))="инженер",IF(AND(ISNUMBER(SEARCH("техническ",E29)),ISNUMBER(SEARCH("контрол",E29))),"инженер отк",IF(ISNUMBER(SEARCH("диспетч",E29)),"инженер пдо",TRIM(SUBSTITUTE(SUBSTITUTE(SUBSTITUTE(SUBSTITUTE(SUBSTITUTE(SUBSTITUTE(SUBSTITUTE(SUBSTITUTE(SUBSTITUTE(SUBSTITUTE(SUBSTITUTE(LOWER(TRIM(D29)),"ё","е")," -","-"),"- ","-")," 2 разряда","")," 3 разряда","")," 4 разряда","")," 5 разряда","")," 6 разряда","")," 1 категории","")," 2 категории","")," 3 категории","")))),IF(TRIM(SUBSTITUTE(SUBSTITUTE(SUBSTITUTE(SUBSTITUTE(SUBSTITUTE(SUBSTITUTE(SUBSTITUTE(SUBSTITUTE(SUBSTITUTE(SUBSTITUTE(SUBSTITUTE(LOWER(TRIM(D29)),"ё","е")," -","-"),"- ","-")," 2 разряда","")," 3 разряда","")," 4 разряда","")," 5 разряда","")," 6 разряда","")," 1 категории","")," 2 категории","")," 3 категории",""))="ведущий инженер",IF(ISNUMBER(SEARCH("диспетч",E29)),"ведущий инженер пдо",TRIM(SUBSTITUTE(SUBSTITUTE(SUBSTITUTE(SUBSTITUTE(SUBSTITUTE(SUBSTITUTE(SUBSTITUTE(SUBSTITUTE(SUBSTITUTE(SUBSTITUTE(SUBSTITUTE(LOWER(TRIM(D29)),"ё","е")," -","-"),"- ","-")," 2 разряда","")," 3 разряда","")," 4 разряда","")," 5 разряда","")," 6 разряда","")," 1 категории","")," 2 категории","")," 3 категории",""))),IF(TRIM(SUBSTITUTE(SUBSTITUTE(SUBSTITUTE(SUBSTITUTE(SUBSTITUTE(SUBSTITUTE(SUBSTITUTE(SUBSTITUTE(SUBSTITUTE(SUBSTITUTE(SUBSTITUTE(LOWER(TRIM(D29)),"ё","е")," -","-"),"- ","-")," 2 разряда","")," 3 разряда","")," 4 разряда","")," 5 разряда","")," 6 разряда","")," 1 категории","")," 2 категории","")," 3 категории",""))="контролер","контролер отк",TRIM(SUBSTITUTE(SUBSTITUTE(SUBSTITUTE(SUBSTITUTE(SUBSTITUTE(SUBSTITUTE(SUBSTITUTE(SUBSTITUTE(SUBSTITUTE(SUBSTITUTE(SUBSTITUTE(LOWER(TRIM(D29)),"ё","е")," -","-"),"- ","-")," 2 разряда","")," 3 разряда","")," 4 разряда","")," 5 разряда","")," 6 разряда","")," 1 категории","")," 2 категории","")," 3 категории",""))))) -> оперативный дежурный | H29: =IFERROR(INDEX(Соответствие!$B$2:$B$76,MATCH(G29,Соответствие!$A$2:$A$76,0)),"?") -> 45 | I29: =IFERROR(INDEX('Перечень должностей'!$C$2:$C$46,MATCH(H29,'Перечень должностей'!$A$2:$A$46,0)),"") -> п.4.7, п.4.8, п.5.1, п.5.2 | J29: =IFERROR(INDEX('Перечень должностей'!$D$2:$D$46,MATCH(H29,'Перечень должностей'!$A$2:$A$46,0)),12) -> 12 | M29: =IF(K29="","",EDATE(IF(L29<>"",L29,K29),J29)) | N29: =IFERROR(INDEX('Перечень должностей'!$F$2:$F$46,MATCH(H29,'Перечень должностей'!$A$2:$A$46,0)),"") -> Нет | P29: =IF(O29="","",EDATE(O29,60)) | Q29: =IF(AND(K29<>"",F29<>"",K29>F29),"ДА","")
A30: 29 | B30: Москва | C30: Сорокин Виктор Фомич | D30: Оперативный дежурный | E30: Отдел режима М | F30: 46052 | G30: =IF(TRIM(SUBSTITUTE(SUBSTITUTE(SUBSTITUTE(SUBSTITUTE(SUBSTITUTE(SUBSTITUTE(SUBSTITUTE(SUBSTITUTE(SUBSTITUTE(SUBSTITUTE(SUBSTITUTE(LOWER(TRIM(D30)),"ё","е")," -","-"),"- ","-")," 2 разряда","")," 3 разряда","")," 4 разряда","")," 5 разряда","")," 6 разряда","")," 1 категории","")," 2 категории","")," 3 категории",""))="инженер",IF(AND(ISNUMBER(SEARCH("техническ",E30)),ISNUMBER(SEARCH("контрол",E30))),"инженер отк",IF(ISNUMBER(SEARCH("диспетч",E30)),"инженер пдо",TRIM(SUBSTITUTE(SUBSTITUTE(SUBSTITUTE(SUBSTITUTE(SUBSTITUTE(SUBSTITUTE(SUBSTITUTE(SUBSTITUTE(SUBSTITUTE(SUBSTITUTE(SUBSTITUTE(LOWER(TRIM(D30)),"ё","е")," -","-"),"- ","-")," 2 разряда","")," 3 разряда","")," 4 разряда","")," 5 разряда","")," 6 разряда","")," 1 категории","")," 2 категории","")," 3 категории","")))),IF(TRIM(SUBSTITUTE(SUBSTITUTE(SUBSTITUTE(SUBSTITUTE(SUBSTITUTE(SUBSTITUTE(SUBSTITUTE(SUBSTITUTE(SUBSTITUTE(SUBSTITUTE(SUBSTITUTE(LOWER(TRIM(D30)),"ё","е")," -","-"),"- ","-")," 2 разряда","")," 3 разряда","")," 4 разряда","")," 5 разряда","")," 6 разряда","")," 1 категории","")," 2 категории","")," 3 категории",""))="ведущий инженер",IF(ISNUMBER(SEARCH("диспетч",E30)),"ведущий инженер пдо",TRIM(SUBSTITUTE(SUBSTITUTE(SUBSTITUTE(SUBSTITUTE(SUBSTITUTE(SUBSTITUTE(SUBSTITUTE(SUBSTITUTE(SUBSTITUTE(SUBSTITUTE(SUBSTITUTE(LOWER(TRIM(D30)),"ё","е")," -","-"),"- ","-")," 2 разряда","")," 3 разряда","")," 4 разряда","")," 5 разряда","")," 6 разряда","")," 1 категории","")," 2 категории","")," 3 категории",""))),IF(TRIM(SUBSTITUTE(SUBSTITUTE(SUBSTITUTE(SUBSTITUTE(SUBSTITUTE(SUBSTITUTE(SUBSTITUTE(SUBSTITUTE(SUBSTITUTE(SUBSTITUTE(SUBSTITUTE(LOWER(TRIM(D30)),"ё","е")," -","-"),"- ","-")," 2 разряда","")," 3 разряда","")," 4 разряда","")," 5 разряда","")," 6 разряда","")," 1 категории","")," 2 категории","")," 3 категории",""))="контролер","контролер отк",TRIM(SUBSTITUTE(SUBSTITUTE(SUBSTITUTE(SUBSTITUTE(SUBSTITUTE(SUBSTITUTE(SUBSTITUTE(SUBSTITUTE(SUBSTITUTE(SUBSTITUTE(SUBSTITUTE(LOWER(TRIM(D30)),"ё","е")," -","-"),"- ","-")," 2 разряда","")," 3 разряда","")," 4 разряда","")," 5 разряда","")," 6 разряда","")," 1 категории","")," 2 категории","")," 3 категории",""))))) -> оперативный дежурный | H30: =IFERROR(INDEX(Соответствие!$B$2:$B$76,MATCH(G30,Соответствие!$A$2:$A$76,0)),"?") -> 45 | I30: =IFERROR(INDEX('Перечень должностей'!$C$2:$C$46,MATCH(H30,'Перечень должностей'!$A$2:$A$46,0)),"") -> п.4.7, п.4.8, п.5.1, п.5.2 | J30: =IFERROR(INDEX('Перечень должностей'!$D$2:$D$46,MATCH(H30,'Перечень должностей'!$A$2:$A$46,0)),12) -> 12 | M30: =IF(K30="","",EDATE(IF(L30<>"",L30,K30),J30)) | N30: =IFERROR(INDEX('Перечень должностей'!$F$2:$F$46,MATCH(H30,'Перечень должностей'!$A$2:$A$46,0)),"") -> Нет | P30: =IF(O30="","",EDATE(O30,60)) | Q30: =IF(AND(K30<>"",F30<>"",K30>F30),"ДА","")
A31: 30 | B31: Воронеж | C31: Боровенский Андрей Алексеевич | D31: Слесарь - сборщик 4 разряда | E31: Производственное подразделение №6 (В н/д) | F31: 45693 | G31: =IF(TRIM(SUBSTITUTE(SUBSTITUTE(SUBSTITUTE(SUBSTITUTE(SUBSTITUTE(SUBSTITUTE(SUBSTITUTE(SUBSTITUTE(SUBSTITUTE(SUBSTITUTE(SUBSTITUTE(LOWER(TRIM(D31)),"ё","е")," -","-"),"- ","-")," 2 разряда","")," 3 разряда","")," 4 разряда","")," 5 разряда","")," 6 разряда","")," 1 категории","")," 2 категории","")," 3 категории",""))="инженер",IF(AND(ISNUMBER(SEARCH("техническ",E31)),ISNUMBER(SEARCH("контрол",E31))),"инженер отк",IF(ISNUMBER(SEARCH("диспетч",E31)),"инженер пдо",TRIM(SUBSTITUTE(SUBSTITUTE(SUBSTITUTE(SUBSTITUTE(SUBSTITUTE(SUBSTITUTE(SUBSTITUTE(SUBSTITUTE(SUBSTITUTE(SUBSTITUTE(SUBSTITUTE(LOWER(TRIM(D31)),"ё","е")," -","-"),"- ","-")," 2 разряда","")," 3 разряда","")," 4 разряда","")," 5 разряда","")," 6 разряда","")," 1 категории","")," 2 категории","")," 3 категории","")))),IF(TRIM(SUBSTITUTE(SUBSTITUTE(SUBSTITUTE(SUBSTITUTE(SUBSTITUTE(SUBSTITUTE(SUBSTITUTE(SUBSTITUTE(SUBSTITUTE(SUBSTITUTE(SUBSTITUTE(LOWER(TRIM(D31)),"ё","е")," -","-"),"- ","-")," 2 разряда","")," 3 разряда","")," 4 разряда","")," 5 разряда","")," 6 разряда","")," 1 категории","")," 2 категории","")," 3 категории",""))="ведущий инженер",IF(ISNUMBER(SEARCH("диспетч",E31)),"ведущий инженер пдо",TRIM(SUBSTITUTE(SUBSTITUTE(SUBSTITUTE(SUBSTITUTE(SUBSTITUTE(SUBSTITUTE(SUBSTITUTE(SUBSTITUTE(SUBSTITUTE(SUBSTITUTE(SUBSTITUTE(LOWER(TRIM(D31)),"ё","е")," -","-"),"- ","-")," 2 разряда","")," 3 разряда","")," 4 разряда","")," 5 разряда","")," 6 разряда","")," 1 категории","")," 2 категории","")," 3 категории",""))),IF(TRIM(SUBSTITUTE(SUBSTITUTE(SUBSTITUTE(SUBSTITUTE(SUBSTITUTE(SUBSTITUTE(SUBSTITUTE(SUBSTITUTE(SUBSTITUTE(SUBSTITUTE(SUBSTITUTE(LOWER(TRIM(D31)),"ё","е")," -","-"),"- ","-")," 2 разряда","")," 3 разряда","")," 4 разряда","")," 5 разряда","")," 6 разряда","")," 1 категории","")," 2 категории","")," 3 категории",""))="контролер","контролер отк",TRIM(SUBSTITUTE(SUBSTITUTE(SUBSTITUTE(SUBSTITUTE(SUBSTITUTE(SUBSTITUTE(SUBSTITUTE(SUBSTITUTE(SUBSTITUTE(SUBSTITUTE(SUBSTITUTE(LOWER(TRIM(D31)),"ё","е")," -","-"),"- ","-")," 2 разряда","")," 3 разряда","")," 4 разряда","")," 5 разряда","")," 6 разряда","")," 1 категории","")," 2 категории","")," 3 категории",""))))) -> слесарь-сборщик | H31: =IFERROR(INDEX(Соответствие!$B$2:$B$76,MATCH(G31,Соответствие!$A$2:$A$76,0)),"?") -> 19 | I31: =IFERROR(INDEX('Перечень должностей'!$C$2:$C$46,MATCH(H31,'Перечень должностей'!$A$2:$A$46,0)),"") -> п.4.3.1, п.4.3.2, п.4.4, п.5.1, п.6.2, п.15 | J31: =IFERROR(INDEX('Перечень должностей'!$D$2:$D$46,MATCH(H31,'Перечень должностей'!$A$2:$A$46,0)),12) -> 12 | M31: =IF(K31="","",EDATE(IF(L31<>"",L31,K31),J31)) | N31: =IFERROR(INDEX('Перечень должностей'!$F$2:$F$46,MATCH(H31,'Перечень должностей'!$A$2:$A$46,0)),"") -> - | P31: =IF(O31="","",EDATE(O31,60)) | Q31: =IF(AND(K31<>"",F31<>"",K31>F31),"ДА","")
A32: 31 | B32: Воронеж | C32: Гаршин Сергей Александрович | D32: Слесарь - сборщик 4 разряда | E32: Производственное подразделение №6 (В н/д) | F32: 45901 | G32: =IF(TRIM(SUBSTITUTE(SUBSTITUTE(SUBSTITUTE(SUBSTITUTE(SUBSTITUTE(SUBSTITUTE(SUBSTITUTE(SUBSTITUTE(SUBSTITUTE(SUBSTITUTE(SUBSTITUTE(LOWER(TRIM(D32)),"ё","е")," -","-"),"- ","-")," 2 разряда","")," 3 разряда","")," 4 разряда","")," 5 разряда","")," 6 разряда","")," 1 категории","")," 2 категории","")," 3 категории",""))="инженер",IF(AND(ISNUMBER(SEARCH("техническ",E32)),ISNUMBER(SEARCH("контрол",E32))),"инженер отк",IF(ISNUMBER(SEARCH("диспетч",E32)),"инженер пдо",TRIM(SUBSTITUTE(SUBSTITUTE(SUBSTITUTE(SUBSTITUTE(SUBSTITUTE(SUBSTITUTE(SUBSTITUTE(SUBSTITUTE(SUBSTITUTE(SUBSTITUTE(SUBSTITUTE(LOWER(TRIM(D32)),"ё","е")," -","-"),"- ","-")," 2 разряда","")," 3 разряда","")," 4 разряда","")," 5 разряда","")," 6 разряда","")," 1 категории","")," 2 категории","")," 3 категории","")))),IF(TRIM(SUBSTITUTE(SUBSTITUTE(SUBSTITUTE(SUBSTITUTE(SUBSTITUTE(SUBSTITUTE(SUBSTITUTE(SUBSTITUTE(SUBSTITUTE(SUBSTITUTE(SUBSTITUTE(LOWER(TRIM(D32)),"ё","е")," -","-"),"- ","-")," 2 разряда","")," 3 разряда","")," 4 разряда","")," 5 разряда","")," 6 разряда","")," 1 категории","")," 2 категории","")," 3 категории",""))="ведущий инженер",IF(ISNUMBER(SEARCH("диспетч",E32)),"ведущий инженер пдо",TRIM(SUBSTITUTE(SUBSTITUTE(SUBSTITUTE(SUBSTITUTE(SUBSTITUTE(SUBSTITUTE(SUBSTITUTE(SUBSTITUTE(SUBSTITUTE(SUBSTITUTE(SUBSTITUTE(LOWER(TRIM(D32)),"ё","е")," -","-"),"- ","-")," 2 разряда","")," 3 разряда","")," 4 разряда","")," 5 разряда","")," 6 разряда","")," 1 категории","")," 2 категории","")," 3 категории",""))),IF(TRIM(SUBSTITUTE(SUBSTITUTE(SUBSTITUTE(SUBSTITUTE(SUBSTITUTE(SUBSTITUTE(SUBSTITUTE(SUBSTITUTE(SUBSTITUTE(SUBSTITUTE(SUBSTITUTE(LOWER(TRIM(D32)),"ё","е")," -","-"),"- ","-")," 2 разряда","")," 3 разряда","")," 4 разряда","")," 5 разряда","")," 6 разряда","")," 1 категории","")," 2 категории","")," 3 категории",""))="контролер","контролер отк",TRIM(SUBSTITUTE(SUBSTITUTE(SUBSTITUTE(SUBSTITUTE(SUBSTITUTE(SUBSTITUTE(SUBSTITUTE(SUBSTITUTE(SUBSTITUTE(SUBSTITUTE(SUBSTITUTE(LOWER(TRIM(D32)),"ё","е")," -","-"),"- ","-")," 2 разряда","")," 3 разряда","")," 4 разряда","")," 5 разряда","")," 6 разряда","")," 1 категории","")," 2 категории","")," 3 категории",""))))) -> слесарь-сборщик | H32: =IFERROR(INDEX(Соответствие!$B$2:$B$76,MATCH(G32,Соответствие!$A$2:$A$76,0)),"?") -> 19 | I32: =IFERROR(INDEX('Перечень должностей'!$C$2:$C$46,MATCH(H32,'Перечень должностей'!$A$2:$A$46,0)),"") -> п.4.3.1, п.4.3.2, п.4.4, п.5.1, п.6.2, п.15 | J32: =IFERROR(INDEX('Перечень должностей'!$D$2:$D$46,MATCH(H32,'Перечень должностей'!$A$2:$A$46,0)),12) -> 12 | M32: =IF(K32="","",EDATE(IF(L32<>"",L32,K32),J32)) | N32: =IFERROR(INDEX('Перечень должностей'!$F$2:$F$46,MATCH(H32,'Перечень должностей'!$A$2:$A$46,0)),"") -> - | P32: =IF(O32="","",EDATE(O32,60)) | Q32: =IF(AND(K32<>"",F32<>"",K32>F32),"ДА","")
A33: 32 | B33: Воронеж | C33: Голев Вадим Алексеевич | D33: Слесарь-сборщик 4 разряда | E33: Участок сборки В | F33: 46141 | G33: =IF(TRIM(SUBSTITUTE(SUBSTITUTE(SUBSTITUTE(SUBSTITUTE(SUBSTITUTE(SUBSTITUTE(SUBSTITUTE(SUBSTITUTE(SUBSTITUTE(SUBSTITUTE(SUBSTITUTE(LOWER(TRIM(D33)),"ё","е")," -","-"),"- ","-")," 2 разряда","")," 3 разряда","")," 4 разряда","")," 5 разряда","")," 6 разряда","")," 1 категории","")," 2 категории","")," 3 категории",""))="инженер",IF(AND(ISNUMBER(SEARCH("техническ",E33)),ISNUMBER(SEARCH("контрол",E33))),"инженер отк",IF(ISNUMBER(SEARCH("диспетч",E33)),"инженер пдо",TRIM(SUBSTITUTE(SUBSTITUTE(SUBSTITUTE(SUBSTITUTE(SUBSTITUTE(SUBSTITUTE(SUBSTITUTE(SUBSTITUTE(SUBSTITUTE(SUBSTITUTE(SUBSTITUTE(LOWER(TRIM(D33)),"ё","е")," -","-"),"- ","-")," 2 разряда","")," 3 разряда","")," 4 разряда","")," 5 разряда","")," 6 разряда","")," 1 категории","")," 2 категории","")," 3 категории","")))),IF(TRIM(SUBSTITUTE(SUBSTITUTE(SUBSTITUTE(SUBSTITUTE(SUBSTITUTE(SUBSTITUTE(SUBSTITUTE(SUBSTITUTE(SUBSTITUTE(SUBSTITUTE(SUBSTITUTE(LOWER(TRIM(D33)),"ё","е")," -","-"),"- ","-")," 2 разряда","")," 3 разряда","")," 4 разряда","")," 5 разряда","")," 6 разряда","")," 1 категории","")," 2 категории","")," 3 категории",""))="ведущий инженер",IF(ISNUMBER(SEARCH("диспетч",E33)),"ведущий инженер пдо",TRIM(SUBSTITUTE(SUBSTITUTE(SUBSTITUTE(SUBSTITUTE(SUBSTITUTE(SUBSTITUTE(SUBSTITUTE(SUBSTITUTE(SUBSTITUTE(SUBSTITUTE(SUBSTITUTE(LOWER(TRIM(D33)),"ё","е")," -","-"),"- ","-")," 2 разряда","")," 3 разряда","")," 4 разряда","")," 5 разряда","")," 6 разряда","")," 1 категории","")," 2 категории","")," 3 категории",""))),IF(TRIM(SUBSTITUTE(SUBSTITUTE(SUBSTITUTE(SUBSTITUTE(SUBSTITUTE(SUBSTITUTE(SUBSTITUTE(SUBSTITUTE(SUBSTITUTE(SUBSTITUTE(SUBSTITUTE(LOWER(TRIM(D33)),"ё","е")," -","-"),"- ","-")," 2 разряда","")," 3 разряда","")," 4 разряда","")," 5 разряда","")," 6 разряда","")," 1 категории","")," 2 категории","")," 3 категории",""))="контролер","контролер отк",TRIM(SUBSTITUTE(SUBSTITUTE(SUBSTITUTE(SUBSTITUTE(SUBSTITUTE(SUBSTITUTE(SUBSTITUTE(SUBSTITUTE(SUBSTITUTE(SUBSTITUTE(SUBSTITUTE(LOWER(TRIM(D33)),"ё","е")," -","-"),"- ","-")," 2 разряда","")," 3 разряда","")," 4 разряда","")," 5 разряда","")," 6 разряда","")," 1 категории","")," 2 категории","")," 3 категории",""))))) -> слесарь-сборщик | H33: =IFERROR(INDEX(Соответствие!$B$2:$B$76,MATCH(G33,Соответствие!$A$2:$A$76,0)),"?") -> 19 | I33: =IFERROR(INDEX('Перечень должностей'!$C$2:$C$46,MATCH(H33,'Перечень должностей'!$A$2:$A$46,0)),"") -> п.4.3.1, п.4.3.2, п.4.4, п.5.1, п.6.2, п.15 | J33: =IFERROR(INDEX('Перечень должностей'!$D$2:$D$46,MATCH(H33,'Перечень должностей'!$A$2:$A$46,0)),12) -> 12 | M33: =IF(K33="","",EDATE(IF(L33<>"",L33,K33),J33)) | N33: =IFERROR(INDEX('Перечень должностей'!$F$2:$F$46,MATCH(H33,'Перечень должностей'!$A$2:$A$46,0)),"") -> - | P33: =IF(O33="","",EDATE(O33,60)) | Q33: =IF(AND(K33<>"",F33<>"",K33>F33),"ДА","") | R33: Смена подразделения: «Производственное подразделение №6» → «Участок сборки В»
A34: 33 | B34: Воронеж | C34: Гринёв Игорь Сергеевич | D34: Слесарь-сборщик 4 разряда | E34: Участок сборки В | F34: 45551 | G34: =IF(TRIM(SUBSTITUTE(SUBSTITUTE(SUBSTITUTE(SUBSTITUTE(SUBSTITUTE(SUBSTITUTE(SUBSTITUTE(SUBSTITUTE(SUBSTITUTE(SUBSTITUTE(SUBSTITUTE(LOWER(TRIM(D34)),"ё","е")," -","-"),"- ","-")," 2 разряда","")," 3 разряда","")," 4 разряда","")," 5 разряда","")," 6 разряда","")," 1 категории","")," 2 категории","")," 3 категории",""))="инженер",IF(AND(ISNUMBER(SEARCH("техническ",E34)),ISNUMBER(SEARCH("контрол",E34))),"инженер отк",IF(ISNUMBER(SEARCH("диспетч",E34)),"инженер пдо",TRIM(SUBSTITUTE(SUBSTITUTE(SUBSTITUTE(SUBSTITUTE(SUBSTITUTE(SUBSTITUTE(SUBSTITUTE(SUBSTITUTE(SUBSTITUTE(SUBSTITUTE(SUBSTITUTE(LOWER(TRIM(D34)),"ё","е")," -","-"),"- ","-")," 2 разряда","")," 3 разряда","")," 4 разряда","")," 5 разряда","")," 6 разряда","")," 1 категории","")," 2 категории","")," 3 категории","")))),IF(TRIM(SUBSTITUTE(SUBSTITUTE(SUBSTITUTE(SUBSTITUTE(SUBSTITUTE(SUBSTITUTE(SUBSTITUTE(SUBSTITUTE(SUBSTITUTE(SUBSTITUTE(SUBSTITUTE(LOWER(TRIM(D34)),"ё","е")," -","-"),"- ","-")," 2 разряда","")," 3 разряда","")," 4 разряда","")," 5 разряда","")," 6 разряда","")," 1 категории","")," 2 категории","")," 3 категории",""))="ведущий инженер",IF(ISNUMBER(SEARCH("диспетч",E34)),"ведущий инженер пдо",TRIM(SUBSTITUTE(SUBSTITUTE(SUBSTITUTE(SUBSTITUTE(SUBSTITUTE(SUBSTITUTE(SUBSTITUTE(SUBSTITUTE(SUBSTITUTE(SUBSTITUTE(SUBSTITUTE(LOWER(TRIM(D34)),"ё","е")," -","-"),"- ","-")," 2 разряда","")," 3 разряда","")," 4 разряда","")," 5 разряда","")," 6 разряда","")," 1 категории","")," 2 категории","")," 3 категории",""))),IF(TRIM(SUBSTITUTE(SUBSTITUTE(SUBSTITUTE(SUBSTITUTE(SUBSTITUTE(SUBSTITUTE(SUBSTITUTE(SUBSTITUTE(SUBSTITUTE(SUBSTITUTE(SUBSTITUTE(LOWER(TRIM(D34)),"ё","е")," -","-"),"- ","-")," 2 разряда","")," 3 разряда","")," 4 разряда","")," 5 разряда","")," 6 разряда","")," 1 категории","")," 2 категории","")," 3 категории",""))="контролер","контролер отк",TRIM(SUBSTITUTE(SUBSTITUTE(SUBSTITUTE(SUBSTITUTE(SUBSTITUTE(SUBSTITUTE(SUBSTITUTE(SUBSTITUTE(SUBSTITUTE(SUBSTITUTE(SUBSTITUTE(LOWER(TRIM(D34)),"ё","е")," -","-"),"- ","-")," 2 разряда","")," 3 разряда","")," 4 разряда","")," 5 разряда","")," 6 разряда","")," 1 категории","")," 2 категории","")," 3 категории",""))))) -> слесарь-сборщик | H34: =IFERROR(INDEX(Соответствие!$B$2:$B$76,MATCH(G34,Соответствие!$A$2:$A$76,0)),"?") -> 19 | I34: =IFERROR(INDEX('Перечень должностей'!$C$2:$C$46,MATCH(H34,'Перечень должностей'!$A$2:$A$46,0)),"") -> п.4.3.1, п.4.3.2, п.4.4, п.5.1, п.6.2, п.15 | J34: =IFERROR(INDEX('Перечень должностей'!$D$2:$D$46,MATCH(H34,'Перечень должностей'!$A$2:$A$46,0)),12) -> 12 | M34: =IF(K34="","",EDATE(IF(L34<>"",L34,K34),J34)) | N34: =IFERROR(INDEX('Перечень должностей'!$F$2:$F$46,MATCH(H34,'Перечень должностей'!$A$2:$A$46,0)),"") -> - | P34: =IF(O34="","",EDATE(O34,60)) | Q34: =IF(AND(K34<>"",F34<>"",K34>F34),"ДА","") | R34: Смена подразделения: «Производственное подразделение №6» → «Участок сборки В»
A35: 34 | B35: Воронеж | C35: Гунькин Юрий Игоревич | D35: Слесарь - сборщик 4 разряда | E35: Производственное подразделение №6 (В н/д) | F35: 46043 | G35: =IF(TRIM(SUBSTITUTE(SUBSTITUTE(SUBSTITUTE(SUBSTITUTE(SUBSTITUTE(SUBSTITUTE(SUBSTITUTE(SUBSTITUTE(SUBSTITUTE(SUBSTITUTE(SUBSTITUTE(LOWER(TRIM(D35)),"ё","е")," -","-"),"- ","-")," 2 разряда","")," 3 разряда","")," 4 разряда","")," 5 разряда","")," 6 разряда","")," 1 категории","")," 2 категории","")," 3 категории",""))="инженер",IF(AND(ISNUMBER(SEARCH("техническ",E35)),ISNUMBER(SEARCH("контрол",E35))),"инженер отк",IF(ISNUMBER(SEARCH("диспетч",E35)),"инженер пдо",TRIM(SUBSTITUTE(SUBSTITUTE(SUBSTITUTE(SUBSTITUTE(SUBSTITUTE(SUBSTITUTE(SUBSTITUTE(SUBSTITUTE(SUBSTITUTE(SUBSTITUTE(SUBSTITUTE(LOWER(TRIM(D35)),"ё","е")," -","-"),"- ","-")," 2 разряда","")," 3 разряда","")," 4 разряда","")," 5 разряда","")," 6 разряда","")," 1 категории","")," 2 категории","")," 3 категории","")))),IF(TRIM(SUBSTITUTE(SUBSTITUTE(SUBSTITUTE(SUBSTITUTE(SUBSTITUTE(SUBSTITUTE(SUBSTITUTE(SUBSTITUTE(SUBSTITUTE(SUBSTITUTE(SUBSTITUTE(LOWER(TRIM(D35)),"ё","е")," -","-"),"- ","-")," 2 разряда","")," 3 разряда","")," 4 разряда","")," 5 разряда","")," 6 разряда","")," 1 категории","")," 2 категории","")," 3 категории",""))="ведущий инженер",IF(ISNUMBER(SEARCH("диспетч",E35)),"ведущий инженер пдо",TRIM(SUBSTITUTE(SUBSTITUTE(SUBSTITUTE(SUBSTITUTE(SUBSTITUTE(SUBSTITUTE(SUBSTITUTE(SUBSTITUTE(SUBSTITUTE(SUBSTITUTE(SUBSTITUTE(LOWER(TRIM(D35)),"ё","е")," -","-"),"- ","-")," 2 разряда","")," 3 разряда","")," 4 разряда","")," 5 разряда","")," 6 разряда","")," 1 категории","")," 2 категории","")," 3 категории",""))),IF(TRIM(SUBSTITUTE(SUBSTITUTE(SUBSTITUTE(SUBSTITUTE(SUBSTITUTE(SUBSTITUTE(SUBSTITUTE(SUBSTITUTE(SUBSTITUTE(SUBSTITUTE(SUBSTITUTE(LOWER(TRIM(D35)),"ё","е")," -","-"),"- ","-")," 2 разряда","")," 3 разряда","")," 4 разряда","")," 5 разряда","")," 6 разряда","")," 1 категории","")," 2 категории","")," 3 категории",""))="контролер","контролер отк",TRIM(SUBSTITUTE(SUBSTITUTE(SUBSTITUTE(SUBSTITUTE(SUBSTITUTE(SUBSTITUTE(SUBSTITUTE(SUBSTITUTE(SUBSTITUTE(SUBSTITUTE(SUBSTITUTE(LOWER(TRIM(D35)),"ё","е")," -","-"),"- ","-")," 2 разряда","")," 3 разряда","")," 4 разряда","")," 5 разряда","")," 6 разряда","")," 1 категории","")," 2 категории","")," 3 категории",""))))) -> слесарь-сборщик | H35: =IFERROR(INDEX(Соответствие!$B$2:$B$76,MATCH(G35,Соответствие!$A$2:$A$76,0)),"?") -> 19 | I35: =IFERROR(INDEX('Перечень должностей'!$C$2:$C$46,MATCH(H35,'Перечень должностей'!$A$2:$A$46,0)),"") -> п.4.3.1, п.4.3.2, п.4.4, п.5.1, п.6.2, п.15 | J35: =IFERROR(INDEX('Перечень должностей'!$D$2:$D$46,MATCH(H35,'Перечень должностей'!$A$2:$A$46,0)),12) -> 12 | M35: =IF(K35="","",EDATE(IF(L35<>"",L35,K35),J35)) | N35: =IFERROR(INDEX('Перечень должностей'!$F$2:$F$46,MATCH(H35,'Перечень должностей'!$A$2:$A$46,0)),"") -> - | P35: =IF(O35="","",EDATE(O35,60)) | Q35: =IF(AND(K35<>"",F35<>"",K35>F35),"ДА","")
A36: 35 | B36: Воронеж | C36: Долгих Георгий Дмитриевич | D36: Слесарь-сборщик 4 разряда | E36: Участок сборки В | F36: 45614 | G36: =IF(TRIM(SUBSTITUTE(SUBSTITUTE(SUBSTITUTE(SUBSTITUTE(SUBSTITUTE(SUBSTITUTE(SUBSTITUTE(SUBSTITUTE(SUBSTITUTE(SUBSTITUTE(SUBSTITUTE(LOWER(TRIM(D36)),"ё","е")," -","-"),"- ","-")," 2 разряда","")," 3 разряда","")," 4 разряда","")," 5 разряда","")," 6 разряда","")," 1 категории","")," 2 категории","")," 3 категории",""))="инженер",IF(AND(ISNUMBER(SEARCH("техническ",E36)),ISNUMBER(SEARCH("контрол",E36))),"инженер отк",IF(ISNUMBER(SEARCH("диспетч",E36)),"инженер пдо",TRIM(SUBSTITUTE(SUBSTITUTE(SUBSTITUTE(SUBSTITUTE(SUBSTITUTE(SUBSTITUTE(SUBSTITUTE(SUBSTITUTE(SUBSTITUTE(SUBSTITUTE(SUBSTITUTE(LOWER(TRIM(D36)),"ё","е")," -","-"),"- ","-")," 2 разряда","")," 3 разряда","")," 4 разряда","")," 5 разряда","")," 6 разряда","")," 1 категории","")," 2 категории","")," 3 категории","")))),IF(TRIM(SUBSTITUTE(SUBSTITUTE(SUBSTITUTE(SUBSTITUTE(SUBSTITUTE(SUBSTITUTE(SUBSTITUTE(SUBSTITUTE(SUBSTITUTE(SUBSTITUTE(SUBSTITUTE(LOWER(TRIM(D36)),"ё","е")," -","-"),"- ","-")," 2 разряда","")," 3 разряда","")," 4 разряда","")," 5 разряда","")," 6 разряда","")," 1 категории","")," 2 категории","")," 3 категории",""))="ведущий инженер",IF(ISNUMBER(SEARCH("диспетч",E36)),"ведущий инженер пдо",TRIM(SUBSTITUTE(SUBSTITUTE(SUBSTITUTE(SUBSTITUTE(SUBSTITUTE(SUBSTITUTE(SUBSTITUTE(SUBSTITUTE(SUBSTITUTE(SUBSTITUTE(SUBSTITUTE(LOWER(TRIM(D36)),"ё","е")," -","-"),"- ","-")," 2 разряда","")," 3 разряда","")," 4 разряда","")," 5 разряда","")," 6 разряда","")," 1 категории","")," 2 категории","")," 3 категории",""))),IF(TRIM(SUBSTITUTE(SUBSTITUTE(SUBSTITUTE(SUBSTITUTE(SUBSTITUTE(SUBSTITUTE(SUBSTITUTE(SUBSTITUTE(SUBSTITUTE(SUBSTITUTE(SUBSTITUTE(LOWER(TRIM(D36)),"ё","е")," -","-"),"- ","-")," 2 разряда","")," 3 разряда","")," 4 разряда","")," 5 разряда","")," 6 разряда","")," 1 категории","")," 2 категории","")," 3 категории",""))="контролер","контролер отк",TRIM(SUBSTITUTE(SUBSTITUTE(SUBSTITUTE(SUBSTITUTE(SUBSTITUTE(SUBSTITUTE(SUBSTITUTE(SUBSTITUTE(SUBSTITUTE(SUBSTITUTE(SUBSTITUTE(LOWER(TRIM(D36)),"ё","е")," -","-"),"- ","-")," 2 разряда","")," 3 разряда","")," 4 разряда","")," 5 разряда","")," 6 разряда","")," 1 категории","")," 2 категории","")," 3 категории",""))))) -> слесарь-сборщик | H36: =IFERROR(INDEX(Соответствие!$B$2:$B$76,MATCH(G36,Соответствие!$A$2:$A$76,0)),"?") -> 19 | I36: =IFERROR(INDEX('Перечень должностей'!$C$2:$C$46,MATCH(H36,'Перечень должностей'!$A$2:$A$46,0)),"") -> п.4.3.1, п.4.3.2, п.4.4, п.5.1, п.6.2, п.15 | J36: =IFERROR(INDEX('Перечень должностей'!$D$2:$D$46,MATCH(H36,'Перечень должностей'!$A$2:$A$46,0)),12) -> 12 | M36: =IF(K36="","",EDATE(IF(L36<>"",L36,K36),J36)) | N36: =IFERROR(INDEX('Перечень должностей'!$F$2:$F$46,MATCH(H36,'Перечень должностей'!$A$2:$A$46,0)),"") -> - | P36: =IF(O36="","",EDATE(O36,60)) | Q36: =IF(AND(K36<>"",F36<>"",K36>F36),"ДА","") | R36: Смена подразделения: «Производственное подразделение №6» → «Участок сборки В»
A37: 36 | B37: Воронеж | C37: Зиновьев Вадим Дмитриевич | D37: Слесарь - сборщик 4 разряда | E37: Производственное подразделение №6 (В н/д) | F37: 45911 | G37: =IF(TRIM(SUBSTITUTE(SUBSTITUTE(SUBSTITUTE(SUBSTITUTE(SUBSTITUTE(SUBSTITUTE(SUBSTITUTE(SUBSTITUTE(SUBSTITUTE(SUBSTITUTE(SUBSTITUTE(LOWER(TRIM(D37)),"ё","е")," -","-"),"- ","-")," 2 разряда","")," 3 разряда","")," 4 разряда","")," 5 разряда","")," 6 разряда","")," 1 категории","")," 2 категории","")," 3 категории",""))="инженер",IF(AND(ISNUMBER(SEARCH("техническ",E37)),ISNUMBER(SEARCH("контрол",E37))),"инженер отк",IF(ISNUMBER(SEARCH("диспетч",E37)),"инженер пдо",TRIM(SUBSTITUTE(SUBSTITUTE(SUBSTITUTE(SUBSTITUTE(SUBSTITUTE(SUBSTITUTE(SUBSTITUTE(SUBSTITUTE(SUBSTITUTE(SUBSTITUTE(SUBSTITUTE(LOWER(TRIM(D37)),"ё","е")," -","-"),"- ","-")," 2 разряда","")," 3 разряда","")," 4 разряда","")," 5 разряда","")," 6 разряда","")," 1 категории","")," 2 категории","")," 3 категории","")))),IF(TRIM(SUBSTITUTE(SUBSTITUTE(SUBSTITUTE(SUBSTITUTE(SUBSTITUTE(SUBSTITUTE(SUBSTITUTE(SUBSTITUTE(SUBSTITUTE(SUBSTITUTE(SUBSTITUTE(LOWER(TRIM(D37)),"ё","е")," -","-"),"- ","-")," 2 разряда","")," 3 разряда","")," 4 разряда","")," 5 разряда","")," 6 разряда","")," 1 категории","")," 2 категории","")," 3 категории",""))="ведущий инженер",IF(ISNUMBER(SEARCH("диспетч",E37)),"ведущий инженер пдо",TRIM(SUBSTITUTE(SUBSTITUTE(SUBSTITUTE(SUBSTITUTE(SUBSTITUTE(SUBSTITUTE(SUBSTITUTE(SUBSTITUTE(SUBSTITUTE(SUBSTITUTE(SUBSTITUTE(LOWER(TRIM(D37)),"ё","е")," -","-"),"- ","-")," 2 разряда","")," 3 разряда","")," 4 разряда","")," 5 разряда","")," 6 разряда","")," 1 категории","")," 2 категории","")," 3 категории",""))),IF(TRIM(SUBSTITUTE(SUBSTITUTE(SUBSTITUTE(SUBSTITUTE(SUBSTITUTE(SUBSTITUTE(SUBSTITUTE(SUBSTITUTE(SUBSTITUTE(SUBSTITUTE(SUBSTITUTE(LOWER(TRIM(D37)),"ё","е")," -","-"),"- ","-")," 2 разряда","")," 3 разряда","")," 4 разряда","")," 5 разряда","")," 6 разряда","")," 1 категории","")," 2 категории","")," 3 категории",""))="контролер","контролер отк",TRIM(SUBSTITUTE(SUBSTITUTE(SUBSTITUTE(SUBSTITUTE(SUBSTITUTE(SUBSTITUTE(SUBSTITUTE(SUBSTITUTE(SUBSTITUTE(SUBSTITUTE(SUBSTITUTE(LOWER(TRIM(D37)),"ё","е")," -","-"),"- ","-")," 2 разряда","")," 3 разряда","")," 4 разряда","")," 5 разряда","")," 6 разряда","")," 1 категории","")," 2 категории","")," 3 категории",""))))) -> слесарь-сборщик | H37: =IFERROR(INDEX(Соответствие!$B$2:$B$76,MATCH(G37,Соответствие!$A$2:$A$76,0)),"?") -> 19 | I37: =IFERROR(INDEX('Перечень должностей'!$C$2:$C$46,MATCH(H37,'Перечень должностей'!$A$2:$A$46,0)),"") -> п.4.3.1, п.4.3.2, п.4.4, п.5.1, п.6.2, п.15 | J37: =IFERROR(INDEX('Перечень должностей'!$D$2:$D$46,MATCH(H37,'Перечень должностей'!$A$2:$A$46,0)),12) -> 12 | M37: =IF(K37="","",EDATE(IF(L37<>"",L37,K37),J37)) | N37: =IFERROR(INDEX('Перечень должностей'!$F$2:$F$46,MATCH(H37,'Перечень должностей'!$A$2:$A$46,0)),"") -> - | P37: =IF(O37="","",EDATE(O37,60)) | Q37: =IF(AND(K37<>"",F37<>"",K37>F37),"ДА","")
A38: 37 | B38: Воронеж | C38: Зубарев Владимир Владимирович | D38: Слесарь-сборщик 4 разряда | E38: Участок сборки В | F38: 45817 | G38: =IF(TRIM(SUBSTITUTE(SUBSTITUTE(SUBSTITUTE(SUBSTITUTE(SUBSTITUTE(SUBSTITUTE(SUBSTITUTE(SUBSTITUTE(SUBSTITUTE(SUBSTITUTE(SUBSTITUTE(LOWER(TRIM(D38)),"ё","е")," -","-"),"- ","-")," 2 разряда","")," 3 разряда","")," 4 разряда","")," 5 разряда","")," 6 разряда","")," 1 категории","")," 2 категории","")," 3 категории",""))="инженер",IF(AND(ISNUMBER(SEARCH("техническ",E38)),ISNUMBER(SEARCH("контрол",E38))),"инженер отк",IF(ISNUMBER(SEARCH("диспетч",E38)),"инженер пдо",TRIM(SUBSTITUTE(SUBSTITUTE(SUBSTITUTE(SUBSTITUTE(SUBSTITUTE(SUBSTITUTE(SUBSTITUTE(SUBSTITUTE(SUBSTITUTE(SUBSTITUTE(SUBSTITUTE(LOWER(TRIM(D38)),"ё","е")," -","-"),"- ","-")," 2 разряда","")," 3 разряда","")," 4 разряда","")," 5 разряда","")," 6 разряда","")," 1 категории","")," 2 категории","")," 3 категории","")))),IF(TRIM(SUBSTITUTE(SUBSTITUTE(SUBSTITUTE(SUBSTITUTE(SUBSTITUTE(SUBSTITUTE(SUBSTITUTE(SUBSTITUTE(SUBSTITUTE(SUBSTITUTE(SUBSTITUTE(LOWER(TRIM(D38)),"ё","е")," -","-"),"- ","-")," 2 разряда","")," 3 разряда","")," 4 разряда","")," 5 разряда","")," 6 разряда","")," 1 категории","")," 2 категории","")," 3 категории",""))="ведущий инженер",IF(ISNUMBER(SEARCH("диспетч",E38)),"ведущий инженер пдо",TRIM(SUBSTITUTE(SUBSTITUTE(SUBSTITUTE(SUBSTITUTE(SUBSTITUTE(SUBSTITUTE(SUBSTITUTE(SUBSTITUTE(SUBSTITUTE(SUBSTITUTE(SUBSTITUTE(LOWER(TRIM(D38)),"ё","е")," -","-"),"- ","-")," 2 разряда","")," 3 разряда","")," 4 разряда","")," 5 разряда","")," 6 разряда","")," 1 категории","")," 2 категории","")," 3 категории",""))),IF(TRIM(SUBSTITUTE(SUBSTITUTE(SUBSTITUTE(SUBSTITUTE(SUBSTITUTE(SUBSTITUTE(SUBSTITUTE(SUBSTITUTE(SUBSTITUTE(SUBSTITUTE(SUBSTITUTE(LOWER(TRIM(D38)),"ё","е")," -","-"),"- ","-")," 2 разряда","")," 3 разряда","")," 4 разряда","")," 5 разряда","")," 6 разряда","")," 1 категории","")," 2 категории","")," 3 категории",""))="контролер","контролер отк",TRIM(SUBSTITUTE(SUBSTITUTE(SUBSTITUTE(SUBSTITUTE(SUBSTITUTE(SUBSTITUTE(SUBSTITUTE(SUBSTITUTE(SUBSTITUTE(SUBSTITUTE(SUBSTITUTE(LOWER(TRIM(D38)),"ё","е")," -","-"),"- ","-")," 2 разряда","")," 3 разряда","")," 4 разряда","")," 5 разряда","")," 6 разряда","")," 1 категории","")," 2 категории","")," 3 категории",""))))) -> слесарь-сборщик | H38: =IFERROR(INDEX(Соответствие!$B$2:$B$76,MATCH(G38,Соответствие!$A$2:$A$76,0)),"?") -> 19 | I38: =IFERROR(INDEX('Перечень должностей'!$C$2:$C$46,MATCH(H38,'Перечень должностей'!$A$2:$A$46,0)),"") -> п.4.3.1, п.4.3.2, п.4.4, п.5.1, п.6.2, п.15 | J38: =IFERROR(INDEX('Перечень должностей'!$D$2:$D$46,MATCH(H38,'Перечень должностей'!$A$2:$A$46,0)),12) -> 12 | K38: 45813 | M38: =IF(K38="","",EDATE(IF(L38<>"",L38,K38),J38)) -> 46178 | N38: =IFERROR(INDEX('Перечень должностей'!$F$2:$F$46,MATCH(H38,'Перечень должностей'!$A$2:$A$46,0)),"") -> - | P38: =IF(O38="","",EDATE(O38,60)) | Q38: =IF(AND(K38<>"",F38<>"",K38>F38),"ДА","") | R38: Смена подразделения: «Производственное подразделение №6» → «Участок сборки В»
A39: 38 | B39: Воронеж | C39: Ковряков Дмитрий Александрович | D39: Слесарь - сборщик 4 разряда | E39: Производственное подразделение №6 (В н/д) | F39: 45782 | G39: =IF(TRIM(SUBSTITUTE(SUBSTITUTE(SUBSTITUTE(SUBSTITUTE(SUBSTITUTE(SUBSTITUTE(SUBSTITUTE(SUBSTITUTE(SUBSTITUTE(SUBSTITUTE(SUBSTITUTE(LOWER(TRIM(D39)),"ё","е")," -","-"),"- ","-")," 2 разряда","")," 3 разряда","")," 4 разряда","")," 5 разряда","")," 6 разряда","")," 1 категории","")," 2 категории","")," 3 категории",""))="инженер",IF(AND(ISNUMBER(SEARCH("техническ",E39)),ISNUMBER(SEARCH("контрол",E39))),"инженер отк",IF(ISNUMBER(SEARCH("диспетч",E39)),"инженер пдо",TRIM(SUBSTITUTE(SUBSTITUTE(SUBSTITUTE(SUBSTITUTE(SUBSTITUTE(SUBSTITUTE(SUBSTITUTE(SUBSTITUTE(SUBSTITUTE(SUBSTITUTE(SUBSTITUTE(LOWER(TRIM(D39)),"ё","е")," -","-"),"- ","-")," 2 разряда","")," 3 разряда","")," 4 разряда","")," 5 разряда","")," 6 разряда","")," 1 категории","")," 2 категории","")," 3 категории","")))),IF(TRIM(SUBSTITUTE(SUBSTITUTE(SUBSTITUTE(SUBSTITUTE(SUBSTITUTE(SUBSTITUTE(SUBSTITUTE(SUBSTITUTE(SUBSTITUTE(SUBSTITUTE(SUBSTITUTE(LOWER(TRIM(D39)),"ё","е")," -","-"),"- ","-")," 2 разряда","")," 3 разряда","")," 4 разряда","")," 5 разряда","")," 6 разряда","")," 1 категории","")," 2 категории","")," 3 категории",""))="ведущий инженер",IF(ISNUMBER(SEARCH("диспетч",E39)),"ведущий инженер пдо",TRIM(SUBSTITUTE(SUBSTITUTE(SUBSTITUTE(SUBSTITUTE(SUBSTITUTE(SUBSTITUTE(SUBSTITUTE(SUBSTITUTE(SUBSTITUTE(SUBSTITUTE(SUBSTITUTE(LOWER(TRIM(D39)),"ё","е")," -","-"),"- ","-")," 2 разряда","")," 3 разряда","")," 4 разряда","")," 5 разряда","")," 6 разряда","")," 1 категории","")," 2 категории","")," 3 категории",""))),IF(TRIM(SUBSTITUTE(SUBSTITUTE(SUBSTITUTE(SUBSTITUTE(SUBSTITUTE(SUBSTITUTE(SUBSTITUTE(SUBSTITUTE(SUBSTITUTE(SUBSTITUTE(SUBSTITUTE(LOWER(TRIM(D39)),"ё","е")," -","-"),"- ","-")," 2 разряда","")," 3 разряда","")," 4 разряда","")," 5 разряда","")," 6 разряда","")," 1 категории","")," 2 категории","")," 3 категории",""))="контролер","контролер отк",TRIM(SUBSTITUTE(SUBSTITUTE(SUBSTITUTE(SUBSTITUTE(SUBSTITUTE(SUBSTITUTE(SUBSTITUTE(SUBSTITUTE(SUBSTITUTE(SUBSTITUTE(SUBSTITUTE(LOWER(TRIM(D39)),"ё","е")," -","-"),"- ","-")," 2 разряда","")," 3 разряда","")," 4 разряда","")," 5 разряда","")," 6 разряда","")," 1 категории","")," 2 категории","")," 3 категории",""))))) -> слесарь-сборщик | H39: =IFERROR(INDEX(Соответствие!$B$2:$B$76,MATCH(G39,Соответствие!$A$2:$A$76,0)),"?") -> 19 | I39: =IFERROR(INDEX('Перечень должностей'!$C$2:$C$46,MATCH(H39,'Перечень должностей'!$A$2:$A$46,0)),"") -> п.4.3.1, п.4.3.2, п.4.4, п.5.1, п.6.2, п.15 | J39: =IFERROR(INDEX('Перечень должностей'!$D$2:$D$46,MATCH(H39,'Перечень должностей'!$A$2:$A$46,0)),12) -> 12 | M39: =IF(K39="","",EDATE(IF(L39<>"",L39,K39),J39)) | N39: =IFERROR(INDEX('Перечень должностей'!$F$2:$F$46,MATCH(H39,'Перечень должностей'!$A$2:$A$46,0)),"") -> - | P39: =IF(O39="","",EDATE(O39,60)) | Q39: =IF(AND(K39<>"",F39<>"",K39>F39),"ДА","")
A40: 39 | B40: Воронеж | C40: Косменко Игорь Юрьевич | D40: Слесарь - сборщик 4 разряда | E40: Производственное подразделение №6 (В н/д) | F40: 46073 | G40: =IF(TRIM(SUBSTITUTE(SUBSTITUTE(SUBSTITUTE(SUBSTITUTE(SUBSTITUTE(SUBSTITUTE(SUBSTITUTE(SUBSTITUTE(SUBSTITUTE(SUBSTITUTE(SUBSTITUTE(LOWER(TRIM(D40)),"ё","е")," -","-"),"- ","-")," 2 разряда","")," 3 разряда","")," 4 разряда","")," 5 разряда","")," 6 разряда","")," 1 категории","")," 2 категории","")," 3 категории",""))="инженер",IF(AND(ISNUMBER(SEARCH("техническ",E40)),ISNUMBER(SEARCH("контрол",E40))),"инженер отк",IF(ISNUMBER(SEARCH("диспетч",E40)),"инженер пдо",TRIM(SUBSTITUTE(SUBSTITUTE(SUBSTITUTE(SUBSTITUTE(SUBSTITUTE(SUBSTITUTE(SUBSTITUTE(SUBSTITUTE(SUBSTITUTE(SUBSTITUTE(SUBSTITUTE(LOWER(TRIM(D40)),"ё","е")," -","-"),"- ","-")," 2 разряда","")," 3 разряда","")," 4 разряда","")," 5 разряда","")," 6 разряда","")," 1 категории","")," 2 категории","")," 3 категории","")))),IF(TRIM(SUBSTITUTE(SUBSTITUTE(SUBSTITUTE(SUBSTITUTE(SUBSTITUTE(SUBSTITUTE(SUBSTITUTE(SUBSTITUTE(SUBSTITUTE(SUBSTITUTE(SUBSTITUTE(LOWER(TRIM(D40)),"ё","е")," -","-"),"- ","-")," 2 разряда","")," 3 разряда","")," 4 разряда","")," 5 разряда","")," 6 разряда","")," 1 категории","")," 2 категории","")," 3 категории",""))="ведущий инженер",IF(ISNUMBER(SEARCH("диспетч",E40)),"ведущий инженер пдо",TRIM(SUBSTITUTE(SUBSTITUTE(SUBSTITUTE(SUBSTITUTE(SUBSTITUTE(SUBSTITUTE(SUBSTITUTE(SUBSTITUTE(SUBSTITUTE(SUBSTITUTE(SUBSTITUTE(LOWER(TRIM(D40)),"ё","е")," -","-"),"- ","-")," 2 разряда","")," 3 разряда","")," 4 разряда","")," 5 разряда","")," 6 разряда","")," 1 категории","")," 2 категории","")," 3 категории",""))),IF(TRIM(SUBSTITUTE(SUBSTITUTE(SUBSTITUTE(SUBSTITUTE(SUBSTITUTE(SUBSTITUTE(SUBSTITUTE(SUBSTITUTE(SUBSTITUTE(SUBSTITUTE(SUBSTITUTE(LOWER(TRIM(D40)),"ё","е")," -","-"),"- ","-")," 2 разряда","")," 3 разряда","")," 4 разряда","")," 5 разряда","")," 6 разряда","")," 1 категории","")," 2 категории","")," 3 категории",""))="контролер","контролер отк",TRIM(SUBSTITUTE(SUBSTITUTE(SUBSTITUTE(SUBSTITUTE(SUBSTITUTE(SUBSTITUTE(SUBSTITUTE(SUBSTITUTE(SUBSTITUTE(SUBSTITUTE(SUBSTITUTE(LOWER(TRIM(D40)),"ё","е")," -","-"),"- ","-")," 2 разряда","")," 3 разряда","")," 4 разряда","")," 5 разряда","")," 6 разряда","")," 1 категории","")," 2 категории","")," 3 категории",""))))) -> слесарь-сборщик | H40: =IFERROR(INDEX(Соответствие!$B$2:$B$76,MATCH(G40,Соответствие!$A$2:$A$76,0)),"?") -> 19 | I40: =IFERROR(INDEX('Перечень должностей'!$C$2:$C$46,MATCH(H40,'Перечень должностей'!$A$2:$A$46,0)),"") -> п.4.3.1, п.4.3.2, п.4.4, п.5.1, п.6.2, п.15 | J40: =IFERROR(INDEX('Перечень должностей'!$D$2:$D$46,MATCH(H40,'Перечень должностей'!$A$2:$A$46,0)),12) -> 12 | K40: 46059 | M40: =IF(K40="","",EDATE(IF(L40<>"",L40,K40),J40)) -> 46424 | N40: =IFERROR(INDEX('Перечень должностей'!$F$2:$F$46,MATCH(H40,'Перечень должностей'!$A$2:$A$46,0)),"") -> - | P40: =IF(O40="","",EDATE(O40,60)) | Q40: =IF(AND(K40<>"",F40<>"",K40>F40),"ДА","")
A41: 40 | B41: Воронеж | C41: Кумицкий Алексей Иванович | D41: Слесарь - сборщик 4 разряда | E41: Производственное подразделение №6 (В н/д) | F41: 45847 | G41: =IF(TRIM(SUBSTITUTE(SUBSTITUTE(SUBSTITUTE(SUBSTITUTE(SUBSTITUTE(SUBSTITUTE(SUBSTITUTE(SUBSTITUTE(SUBSTITUTE(SUBSTITUTE(SUBSTITUTE(LOWER(TRIM(D41)),"ё","е")," -","-"),"- ","-")," 2 разряда","")," 3 разряда","")," 4 разряда","")," 5 разряда","")," 6 разряда","")," 1 категории","")," 2 категории","")," 3 категории",""))="инженер",IF(AND(ISNUMBER(SEARCH("техническ",E41)),ISNUMBER(SEARCH("контрол",E41))),"инженер отк",IF(ISNUMBER(SEARCH("диспетч",E41)),"инженер пдо",TRIM(SUBSTITUTE(SUBSTITUTE(SUBSTITUTE(SUBSTITUTE(SUBSTITUTE(SUBSTITUTE(SUBSTITUTE(SUBSTITUTE(SUBSTITUTE(SUBSTITUTE(SUBSTITUTE(LOWER(TRIM(D41)),"ё","е")," -","-"),"- ","-")," 2 разряда","")," 3 разряда","")," 4 разряда","")," 5 разряда","")," 6 разряда","")," 1 категории","")," 2 категории","")," 3 категории","")))),IF(TRIM(SUBSTITUTE(SUBSTITUTE(SUBSTITUTE(SUBSTITUTE(SUBSTITUTE(SUBSTITUTE(SUBSTITUTE(SUBSTITUTE(SUBSTITUTE(SUBSTITUTE(SUBSTITUTE(LOWER(TRIM(D41)),"ё","е")," -","-"),"- ","-")," 2 разряда","")," 3 разряда","")," 4 разряда","")," 5 разряда","")," 6 разряда","")," 1 категории","")," 2 категории","")," 3 категории",""))="ведущий инженер",IF(ISNUMBER(SEARCH("диспетч",E41)),"ведущий инженер пдо",TRIM(SUBSTITUTE(SUBSTITUTE(SUBSTITUTE(SUBSTITUTE(SUBSTITUTE(SUBSTITUTE(SUBSTITUTE(SUBSTITUTE(SUBSTITUTE(SUBSTITUTE(SUBSTITUTE(LOWER(TRIM(D41)),"ё","е")," -","-"),"- ","-")," 2 разряда","")," 3 разряда","")," 4 разряда","")," 5 разряда","")," 6 разряда","")," 1 категории","")," 2 категории","")," 3 категории",""))),IF(TRIM(SUBSTITUTE(SUBSTITUTE(SUBSTITUTE(SUBSTITUTE(SUBSTITUTE(SUBSTITUTE(SUBSTITUTE(SUBSTITUTE(SUBSTITUTE(SUBSTITUTE(SUBSTITUTE(LOWER(TRIM(D41)),"ё","е")," -","-"),"- ","-")," 2 разряда","")," 3 разряда","")," 4 разряда","")," 5 разряда","")," 6 разряда","")," 1 категории","")," 2 категории","")," 3 категории",""))="контролер","контролер отк",TRIM(SUBSTITUTE(SUBSTITUTE(SUBSTITUTE(SUBSTITUTE(SUBSTITUTE(SUBSTITUTE(SUBSTITUTE(SUBSTITUTE(SUBSTITUTE(SUBSTITUTE(SUBSTITUTE(LOWER(TRIM(D41)),"ё","е")," -","-"),"- ","-")," 2 разряда","")," 3 разряда","")," 4 разряда","")," 5 разряда","")," 6 разряда","")," 1 категории","")," 2 категории","")," 3 категории",""))))) -> слесарь-сборщик | H41: =IFERROR(INDEX(Соответствие!$B$2:$B$76,MATCH(G41,Соответствие!$A$2:$A$76,0)),"?") -> 19 | I41: =IFERROR(INDEX('Перечень должностей'!$C$2:$C$46,MATCH(H41,'Перечень должностей'!$A$2:$A$46,0)),"") -> п.4.3.1, п.4.3.2, п.4.4, п.5.1, п.6.2, п.15 | J41: =IFERROR(INDEX('Перечень должностей'!$D$2:$D$46,MATCH(H41,'Перечень должностей'!$A$2:$A$46,0)),12) -> 12 | M41: =IF(K41="","",EDATE(IF(L41<>"",L41,K41),J41)) | N41: =IFERROR(INDEX('Перечень должностей'!$F$2:$F$46,MATCH(H41,'Перечень должностей'!$A$2:$A$46,0)),"") -> - | P41: =IF(O41="","",EDATE(O41,60)) | Q41: =IF(AND(K41<>"",F41<>"",K41>F41),"ДА","")
A42: 41 | B42: Воронеж | C42: Михайлов Никита Алексеевич | D42: Слесарь-сборщик 4 разряда | E42: Участок сборки В | F42: 45969 | G42: =IF(TRIM(SUBSTITUTE(SUBSTITUTE(SUBSTITUTE(SUBSTITUTE(SUBSTITUTE(SUBSTITUTE(SUBSTITUTE(SUBSTITUTE(SUBSTITUTE(SUBSTITUTE(SUBSTITUTE(LOWER(TRIM(D42)),"ё","е")," -","-"),"- ","-")," 2 разряда","")," 3 разряда","")," 4 разряда","")," 5 разряда","")," 6 разряда","")," 1 категории","")," 2 категории","")," 3 категории",""))="инженер",IF(AND(ISNUMBER(SEARCH("техническ",E42)),ISNUMBER(SEARCH("контрол",E42))),"инженер отк",IF(ISNUMBER(SEARCH("диспетч",E42)),"инженер пдо",TRIM(SUBSTITUTE(SUBSTITUTE(SUBSTITUTE(SUBSTITUTE(SUBSTITUTE(SUBSTITUTE(SUBSTITUTE(SUBSTITUTE(SUBSTITUTE(SUBSTITUTE(SUBSTITUTE(LOWER(TRIM(D42)),"ё","е")," -","-"),"- ","-")," 2 разряда","")," 3 разряда","")," 4 разряда","")," 5 разряда","")," 6 разряда","")," 1 категории","")," 2 категории","")," 3 категории","")))),IF(TRIM(SUBSTITUTE(SUBSTITUTE(SUBSTITUTE(SUBSTITUTE(SUBSTITUTE(SUBSTITUTE(SUBSTITUTE(SUBSTITUTE(SUBSTITUTE(SUBSTITUTE(SUBSTITUTE(LOWER(TRIM(D42)),"ё","е")," -","-"),"- ","-")," 2 разряда","")," 3 разряда","")," 4 разряда","")," 5 разряда","")," 6 разряда","")," 1 категории","")," 2 категории","")," 3 категории",""))="ведущий инженер",IF(ISNUMBER(SEARCH("диспетч",E42)),"ведущий инженер пдо",TRIM(SUBSTITUTE(SUBSTITUTE(SUBSTITUTE(SUBSTITUTE(SUBSTITUTE(SUBSTITUTE(SUBSTITUTE(SUBSTITUTE(SUBSTITUTE(SUBSTITUTE(SUBSTITUTE(LOWER(TRIM(D42)),"ё","е")," -","-"),"- ","-")," 2 разряда","")," 3 разряда","")," 4 разряда","")," 5 разряда","")," 6 разряда","")," 1 категории","")," 2 категории","")," 3 категории",""))),IF(TRIM(SUBSTITUTE(SUBSTITUTE(SUBSTITUTE(SUBSTITUTE(SUBSTITUTE(SUBSTITUTE(SUBSTITUTE(SUBSTITUTE(SUBSTITUTE(SUBSTITUTE(SUBSTITUTE(LOWER(TRIM(D42)),"ё","е")," -","-"),"- ","-")," 2 разряда","")," 3 разряда","")," 4 разряда","")," 5 разряда","")," 6 разряда","")," 1 категории","")," 2 категории","")," 3 категории",""))="контролер","контролер отк",TRIM(SUBSTITUTE(SUBSTITUTE(SUBSTITUTE(SUBSTITUTE(SUBSTITUTE(SUBSTITUTE(SUBSTITUTE(SUBSTITUTE(SUBSTITUTE(SUBSTITUTE(SUBSTITUTE(LOWER(TRIM(D42)),"ё","е")," -","-"),"- ","-")," 2 разряда","")," 3 разряда","")," 4 разряда","")," 5 разряда","")," 6 разряда","")," 1 категории","")," 2 категории","")," 3 категории",""))))) -> слесарь-сборщик | H42: =IFERROR(INDEX(Соответствие!$B$2:$B$76,MATCH(G42,Соответствие!$A$2:$A$76,0)),"?") -> 19 | I42: =IFERROR(INDEX('Перечень должностей'!$C$2:$C$46,MATCH(H42,'Перечень должностей'!$A$2:$A$46,0)),"") -> п.4.3.1, п.4.3.2, п.4.4, п.5.1, п.6.2, п.15 | J42: =IFERROR(INDEX('Перечень должностей'!$D$2:$D$46,MATCH(H42,'Перечень должностей'!$A$2:$A$46,0)),12) -> 12 | K42: 45948 | M42: =IF(K42="","",EDATE(IF(L42<>"",L42,K42),J42)) -> 46313 | N42: =IFERROR(INDEX('Перечень должностей'!$F$2:$F$46,MATCH(H42,'Перечень должностей'!$A$2:$A$46,0)),"") -> - | P42: =IF(O42="","",EDATE(O42,60)) | Q42: =IF(AND(K42<>"",F42<>"",K42>F42),"ДА","") | R42: Смена подразделения: «Производственное подразделение №6» → «Участок сборки В»
A43: 42 | B43: Воронеж | C43: Попов Андрей Михайлович | D43: Слесарь-сборщик 4 разряда | E43: Участок сборки В | F43: 45775 | G43: =IF(TRIM(SUBSTITUTE(SUBSTITUTE(SUBSTITUTE(SUBSTITUTE(SUBSTITUTE(SUBSTITUTE(SUBSTITUTE(SUBSTITUTE(SUBSTITUTE(SUBSTITUTE(SUBSTITUTE(LOWER(TRIM(D43)),"ё","е")," -","-"),"- ","-")," 2 разряда","")," 3 разряда","")," 4 разряда","")," 5 разряда","")," 6 разряда","")," 1 категории","")," 2 категории","")," 3 категории",""))="инженер",IF(AND(ISNUMBER(SEARCH("техническ",E43)),ISNUMBER(SEARCH("контрол",E43))),"инженер отк",IF(ISNUMBER(SEARCH("диспетч",E43)),"инженер пдо",TRIM(SUBSTITUTE(SUBSTITUTE(SUBSTITUTE(SUBSTITUTE(SUBSTITUTE(SUBSTITUTE(SUBSTITUTE(SUBSTITUTE(SUBSTITUTE(SUBSTITUTE(SUBSTITUTE(LOWER(TRIM(D43)),"ё","е")," -","-"),"- ","-")," 2 разряда","")," 3 разряда","")," 4 разряда","")," 5 разряда","")," 6 разряда","")," 1 категории","")," 2 категории","")," 3 категории","")))),IF(TRIM(SUBSTITUTE(SUBSTITUTE(SUBSTITUTE(SUBSTITUTE(SUBSTITUTE(SUBSTITUTE(SUBSTITUTE(SUBSTITUTE(SUBSTITUTE(SUBSTITUTE(SUBSTITUTE(LOWER(TRIM(D43)),"ё","е")," -","-"),"- ","-")," 2 разряда","")," 3 разряда","")," 4 разряда","")," 5 разряда","")," 6 разряда","")," 1 категории","")," 2 категории","")," 3 категории",""))="ведущий инженер",IF(ISNUMBER(SEARCH("диспетч",E43)),"ведущий инженер пдо",TRIM(SUBSTITUTE(SUBSTITUTE(SUBSTITUTE(SUBSTITUTE(SUBSTITUTE(SUBSTITUTE(SUBSTITUTE(SUBSTITUTE(SUBSTITUTE(SUBSTITUTE(SUBSTITUTE(LOWER(TRIM(D43)),"ё","е")," -","-"),"- ","-")," 2 разряда","")," 3 разряда","")," 4 разряда","")," 5 разряда","")," 6 разряда","")," 1 категории","")," 2 категории","")," 3 категории",""))),IF(TRIM(SUBSTITUTE(SUBSTITUTE(SUBSTITUTE(SUBSTITUTE(SUBSTITUTE(SUBSTITUTE(SUBSTITUTE(SUBSTITUTE(SUBSTITUTE(SUBSTITUTE(SUBSTITUTE(LOWER(TRIM(D43)),"ё","е")," -","-"),"- ","-")," 2 разряда","")," 3 разряда","")," 4 разряда","")," 5 разряда","")," 6 разряда","")," 1 категории","")," 2 категории","")," 3 категории",""))="контролер","контролер отк",TRIM(SUBSTITUTE(SUBSTITUTE(SUBSTITUTE(SUBSTITUTE(SUBSTITUTE(SUBSTITUTE(SUBSTITUTE(SUBSTITUTE(SUBSTITUTE(SUBSTITUTE(SUBSTITUTE(LOWER(TRIM(D43)),"ё","е")," -","-"),"- ","-")," 2 разряда","")," 3 разряда","")," 4 разряда","")," 5 разряда","")," 6 разряда","")," 1 категории","")," 2 категории","")," 3 категории",""))))) -> слесарь-сборщик | H43: =IFERROR(INDEX(Соответствие!$B$2:$B$76,MATCH(G43,Соответствие!$A$2:$A$76,0)),"?") -> 19 | I43: =IFERROR(INDEX('Перечень должностей'!$C$2:$C$46,MATCH(H43,'Перечень должностей'!$A$2:$A$46,0)),"") -> п.4.3.1, п.4.3.2, п.4.4, п.5.1, п.6.2, п.15 | J43: =IFERROR(INDEX('Перечень должностей'!$D$2:$D$46,MATCH(H43,'Перечень должностей'!$A$2:$A$46,0)),12) -> 12 | M43: =IF(K43="","",EDATE(IF(L43<>"",L43,K43),J43)) | N43: =IFERROR(INDEX('Перечень должностей'!$F$2:$F$46,MATCH(H43,'Перечень должностей'!$A$2:$A$46,0)),"") -> - | P43: =IF(O43="","",EDATE(O43,60)) | Q43: =IF(AND(K43<>"",F43<>"",K43>F43),"ДА","") | R43: Смена подразделения: «Производственное подразделение №6» → «Участок сборки В»
A44: 43 | B44: Воронеж | C44: Попов Роман Юрьевич | D44: Слесарь-сборщик 4 разряда | E44: Участок сборки В | F44: 45775 | G44: =IF(TRIM(SUBSTITUTE(SUBSTITUTE(SUBSTITUTE(SUBSTITUTE(SUBSTITUTE(SUBSTITUTE(SUBSTITUTE(SUBSTITUTE(SUBSTITUTE(SUBSTITUTE(SUBSTITUTE(LOWER(TRIM(D44)),"ё","е")," -","-"),"- ","-")," 2 разряда","")," 3 разряда","")," 4 разряда","")," 5 разряда","")," 6 разряда","")," 1 категории","")," 2 категории","")," 3 категории",""))="инженер",IF(AND(ISNUMBER(SEARCH("техническ",E44)),ISNUMBER(SEARCH("контрол",E44))),"инженер отк",IF(ISNUMBER(SEARCH("диспетч",E44)),"инженер пдо",TRIM(SUBSTITUTE(SUBSTITUTE(SUBSTITUTE(SUBSTITUTE(SUBSTITUTE(SUBSTITUTE(SUBSTITUTE(SUBSTITUTE(SUBSTITUTE(SUBSTITUTE(SUBSTITUTE(LOWER(TRIM(D44)),"ё","е")," -","-"),"- ","-")," 2 разряда","")," 3 разряда","")," 4 разряда","")," 5 разряда","")," 6 разряда","")," 1 категории","")," 2 категории","")," 3 категории","")))),IF(TRIM(SUBSTITUTE(SUBSTITUTE(SUBSTITUTE(SUBSTITUTE(SUBSTITUTE(SUBSTITUTE(SUBSTITUTE(SUBSTITUTE(SUBSTITUTE(SUBSTITUTE(SUBSTITUTE(LOWER(TRIM(D44)),"ё","е")," -","-"),"- ","-")," 2 разряда","")," 3 разряда","")," 4 разряда","")," 5 разряда","")," 6 разряда","")," 1 категории","")," 2 категории","")," 3 категории",""))="ведущий инженер",IF(ISNUMBER(SEARCH("диспетч",E44)),"ведущий инженер пдо",TRIM(SUBSTITUTE(SUBSTITUTE(SUBSTITUTE(SUBSTITUTE(SUBSTITUTE(SUBSTITUTE(SUBSTITUTE(SUBSTITUTE(SUBSTITUTE(SUBSTITUTE(SUBSTITUTE(LOWER(TRIM(D44)),"ё","е")," -","-"),"- ","-")," 2 разряда","")," 3 разряда","")," 4 разряда","")," 5 разряда","")," 6 разряда","")," 1 категории","")," 2 категории","")," 3 категории",""))),IF(TRIM(SUBSTITUTE(SUBSTITUTE(SUBSTITUTE(SUBSTITUTE(SUBSTITUTE(SUBSTITUTE(SUBSTITUTE(SUBSTITUTE(SUBSTITUTE(SUBSTITUTE(SUBSTITUTE(LOWER(TRIM(D44)),"ё","е")," -","-"),"- ","-")," 2 разряда","")," 3 разряда","")," 4 разряда","")," 5 разряда","")," 6 разряда","")," 1 категории","")," 2 категории","")," 3 категории",""))="контролер","контролер отк",TRIM(SUBSTITUTE(SUBSTITUTE(SUBSTITUTE(SUBSTITUTE(SUBSTITUTE(SUBSTITUTE(SUBSTITUTE(SUBSTITUTE(SUBSTITUTE(SUBSTITUTE(SUBSTITUTE(LOWER(TRIM(D44)),"ё","е")," -","-"),"- ","-")," 2 разряда","")," 3 разряда","")," 4 разряда","")," 5 разряда","")," 6 разряда","")," 1 категории","")," 2 категории","")," 3 категории",""))))) -> слесарь-сборщик | H44: =IFERROR(INDEX(Соответствие!$B$2:$B$76,MATCH(G44,Соответствие!$A$2:$A$76,0)),"?") -> 19 | I44: =IFERROR(INDEX('Перечень должностей'!$C$2:$C$46,MATCH(H44,'Перечень должностей'!$A$2:$A$46,0)),"") -> п.4.3.1, п.4.3.2, п.4.4, п.5.1, п.6.2, п.15 | J44: =IFERROR(INDEX('Перечень должностей'!$D$2:$D$46,MATCH(H44,'Перечень должностей'!$A$2:$A$46,0)),12) -> 12 | M44: =IF(K44="","",EDATE(IF(L44<>"",L44,K44),J44)) | N44: =IFERROR(INDEX('Перечень должностей'!$F$2:$F$46,MATCH(H44,'Перечень должностей'!$A$2:$A$46,0)),"") -> - | P44: =IF(O44="","",EDATE(O44,60)) | Q44: =IF(AND(K44<>"",F44<>"",K44>F44),"ДА","") | R44: Смена подразделения: «Производственное подразделение №6» → «Участок сборки В»
A45: 44 | B45: Воронеж | C45: Потамошнев Константин Сергеевич | D45: Слесарь-сборщик 4 разряда | E45: Участок сборки В | F45: 45995 | G45: =IF(TRIM(SUBSTITUTE(SUBSTITUTE(SUBSTITUTE(SUBSTITUTE(SUBSTITUTE(SUBSTITUTE(SUBSTITUTE(SUBSTITUTE(SUBSTITUTE(SUBSTITUTE(SUBSTITUTE(LOWER(TRIM(D45)),"ё","е")," -","-"),"- ","-")," 2 разряда","")," 3 разряда","")," 4 разряда","")," 5 разряда","")," 6 разряда","")," 1 категории","")," 2 категории","")," 3 категории",""))="инженер",IF(AND(ISNUMBER(SEARCH("техническ",E45)),ISNUMBER(SEARCH("контрол",E45))),"инженер отк",IF(ISNUMBER(SEARCH("диспетч",E45)),"инженер пдо",TRIM(SUBSTITUTE(SUBSTITUTE(SUBSTITUTE(SUBSTITUTE(SUBSTITUTE(SUBSTITUTE(SUBSTITUTE(SUBSTITUTE(SUBSTITUTE(SUBSTITUTE(SUBSTITUTE(LOWER(TRIM(D45)),"ё","е")," -","-"),"- ","-")," 2 разряда","")," 3 разряда","")," 4 разряда","")," 5 разряда","")," 6 разряда","")," 1 категории","")," 2 категории","")," 3 категории","")))),IF(TRIM(SUBSTITUTE(SUBSTITUTE(SUBSTITUTE(SUBSTITUTE(SUBSTITUTE(SUBSTITUTE(SUBSTITUTE(SUBSTITUTE(SUBSTITUTE(SUBSTITUTE(SUBSTITUTE(LOWER(TRIM(D45)),"ё","е")," -","-"),"- ","-")," 2 разряда","")," 3 разряда","")," 4 разряда","")," 5 разряда","")," 6 разряда","")," 1 категории","")," 2 категории","")," 3 категории",""))="ведущий инженер",IF(ISNUMBER(SEARCH("диспетч",E45)),"ведущий инженер пдо",TRIM(SUBSTITUTE(SUBSTITUTE(SUBSTITUTE(SUBSTITUTE(SUBSTITUTE(SUBSTITUTE(SUBSTITUTE(SUBSTITUTE(SUBSTITUTE(SUBSTITUTE(SUBSTITUTE(LOWER(TRIM(D45)),"ё","е")," -","-"),"- ","-")," 2 разряда","")," 3 разряда","")," 4 разряда","")," 5 разряда","")," 6 разряда","")," 1 категории","")," 2 категории","")," 3 категории",""))),IF(TRIM(SUBSTITUTE(SUBSTITUTE(SUBSTITUTE(SUBSTITUTE(SUBSTITUTE(SUBSTITUTE(SUBSTITUTE(SUBSTITUTE(SUBSTITUTE(SUBSTITUTE(SUBSTITUTE(LOWER(TRIM(D45)),"ё","е")," -","-"),"- ","-")," 2 разряда","")," 3 разряда","")," 4 разряда","")," 5 разряда","")," 6 разряда","")," 1 категории","")," 2 категории","")," 3 категории",""))="контролер","контролер отк",TRIM(SUBSTITUTE(SUBSTITUTE(SUBSTITUTE(SUBSTITUTE(SUBSTITUTE(SUBSTITUTE(SUBSTITUTE(SUBSTITUTE(SUBSTITUTE(SUBSTITUTE(SUBSTITUTE(LOWER(TRIM(D45)),"ё","е")," -","-"),"- ","-")," 2 разряда","")," 3 разряда","")," 4 разряда","")," 5 разряда","")," 6 разряда","")," 1 категории","")," 2 категории","")," 3 категории",""))))) -> слесарь-сборщик | H45: =IFERROR(INDEX(Соответствие!$B$2:$B$76,MATCH(G45,Соответствие!$A$2:$A$76,0)),"?") -> 19 | I45: =IFERROR(INDEX('Перечень должностей'!$C$2:$C$46,MATCH(H45,'Перечень должностей'!$A$2:$A$46,0)),"") -> п.4.3.1, п.4.3.2, п.4.4, п.5.1, п.6.2, п.15 | J45: =IFERROR(INDEX('Перечень должностей'!$D$2:$D$46,MATCH(H45,'Перечень должностей'!$A$2:$A$46,0)),12) -> 12 | M45: =IF(K45="","",EDATE(IF(L45<>"",L45,K45),J45)) | N45: =IFERROR(INDEX('Перечень должностей'!$F$2:$F$46,MATCH(H45,'Перечень должностей'!$A$2:$A$46,0)),"") -> - | P45: =IF(O45="","",EDATE(O45,60)) | Q45: =IF(AND(K45<>"",F45<>"",K45>F45),"ДА","") | R45: Смена подразделения: «Производственное подразделение №6» → «Участок сборки В»
A46: 45 | B46: Воронеж | C46: Самодуров Алексей Юрьевич | D46: Слесарь-сборщик 4 разряда | E46: Участок сборки В | F46: 44977 | G46: =IF(TRIM(SUBSTITUTE(SUBSTITUTE(SUBSTITUTE(SUBSTITUTE(SUBSTITUTE(SUBSTITUTE(SUBSTITUTE(SUBSTITUTE(SUBSTITUTE(SUBSTITUTE(SUBSTITUTE(LOWER(TRIM(D46)),"ё","е")," -","-"),"- ","-")," 2 разряда","")," 3 разряда","")," 4 разряда","")," 5 разряда","")," 6 разряда","")," 1 категории","")," 2 категории","")," 3 категории",""))="инженер",IF(AND(ISNUMBER(SEARCH("техническ",E46)),ISNUMBER(SEARCH("контрол",E46))),"инженер отк",IF(ISNUMBER(SEARCH("диспетч",E46)),"инженер пдо",TRIM(SUBSTITUTE(SUBSTITUTE(SUBSTITUTE(SUBSTITUTE(SUBSTITUTE(SUBSTITUTE(SUBSTITUTE(SUBSTITUTE(SUBSTITUTE(SUBSTITUTE(SUBSTITUTE(LOWER(TRIM(D46)),"ё","е")," -","-"),"- ","-")," 2 разряда","")," 3 разряда","")," 4 разряда","")," 5 разряда","")," 6 разряда","")," 1 категории","")," 2 категории","")," 3 категории","")))),IF(TRIM(SUBSTITUTE(SUBSTITUTE(SUBSTITUTE(SUBSTITUTE(SUBSTITUTE(SUBSTITUTE(SUBSTITUTE(SUBSTITUTE(SUBSTITUTE(SUBSTITUTE(SUBSTITUTE(LOWER(TRIM(D46)),"ё","е")," -","-"),"- ","-")," 2 разряда","")," 3 разряда","")," 4 разряда","")," 5 разряда","")," 6 разряда","")," 1 категории","")," 2 категории","")," 3 категории",""))="ведущий инженер",IF(ISNUMBER(SEARCH("диспетч",E46)),"ведущий инженер пдо",TRIM(SUBSTITUTE(SUBSTITUTE(SUBSTITUTE(SUBSTITUTE(SUBSTITUTE(SUBSTITUTE(SUBSTITUTE(SUBSTITUTE(SUBSTITUTE(SUBSTITUTE(SUBSTITUTE(LOWER(TRIM(D46)),"ё","е")," -","-"),"- ","-")," 2 разряда","")," 3 разряда","")," 4 разряда","")," 5 разряда","")," 6 разряда","")," 1 категории","")," 2 категории","")," 3 категории",""))),IF(TRIM(SUBSTITUTE(SUBSTITUTE(SUBSTITUTE(SUBSTITUTE(SUBSTITUTE(SUBSTITUTE(SUBSTITUTE(SUBSTITUTE(SUBSTITUTE(SUBSTITUTE(SUBSTITUTE(LOWER(TRIM(D46)),"ё","е")," -","-"),"- ","-")," 2 разряда","")," 3 разряда","")," 4 разряда","")," 5 разряда","")," 6 разряда","")," 1 категории","")," 2 категории","")," 3 категории",""))="контролер","контролер отк",TRIM(SUBSTITUTE(SUBSTITUTE(SUBSTITUTE(SUBSTITUTE(SUBSTITUTE(SUBSTITUTE(SUBSTITUTE(SUBSTITUTE(SUBSTITUTE(SUBSTITUTE(SUBSTITUTE(LOWER(TRIM(D46)),"ё","е")," -","-"),"- ","-")," 2 разряда","")," 3 разряда","")," 4 разряда","")," 5 разряда","")," 6 разряда","")," 1 категории","")," 2 категории","")," 3 категории",""))))) -> слесарь-сборщик | H46: =IFERROR(INDEX(Соответствие!$B$2:$B$76,MATCH(G46,Соответствие!$A$2:$A$76,0)),"?") -> 19 | I46: =IFERROR(INDEX('Перечень должностей'!$C$2:$C$46,MATCH(H46,'Перечень должностей'!$A$2:$A$46,0)),"") -> п.4.3.1, п.4.3.2, п.4.4, п.5.1, п.6.2, п.15 | J46: =IFERROR(INDEX('Перечень должностей'!$D$2:$D$46,MATCH(H46,'Перечень должностей'!$A$2:$A$46,0)),12) -> 12 | M46: =IF(K46="","",EDATE(IF(L46<>"",L46,K46),J46)) | N46: =IFERROR(INDEX('Перечень должностей'!$F$2:$F$46,MATCH(H46,'Перечень должностей'!$A$2:$A$46,0)),"") -> - | P46: =IF(O46="","",EDATE(O46,60)) | Q46: =IF(AND(K46<>"",F46<>"",K46>F46),"ДА","") | R46: Смена подразделения: «Производственное подразделение №6» → «Участок сборки В»
A47: 46 | B47: Воронеж | C47: Сидоренко Сергей Владимирович | D47: Слесарь-сборщик 4 разряда | E47: Участок сборки В | F47: 45567 | G47: =IF(TRIM(SUBSTITUTE(SUBSTITUTE(SUBSTITUTE(SUBSTITUTE(SUBSTITUTE(SUBSTITUTE(SUBSTITUTE(SUBSTITUTE(SUBSTITUTE(SUBSTITUTE(SUBSTITUTE(LOWER(TRIM(D47)),"ё","е")," -","-"),"- ","-")," 2 разряда","")," 3 разряда","")," 4 разряда","")," 5 разряда","")," 6 разряда","")," 1 категории","")," 2 категории","")," 3 категории",""))="инженер",IF(AND(ISNUMBER(SEARCH("техническ",E47)),ISNUMBER(SEARCH("контрол",E47))),"инженер отк",IF(ISNUMBER(SEARCH("диспетч",E47)),"инженер пдо",TRIM(SUBSTITUTE(SUBSTITUTE(SUBSTITUTE(SUBSTITUTE(SUBSTITUTE(SUBSTITUTE(SUBSTITUTE(SUBSTITUTE(SUBSTITUTE(SUBSTITUTE(SUBSTITUTE(LOWER(TRIM(D47)),"ё","е")," -","-"),"- ","-")," 2 разряда","")," 3 разряда","")," 4 разряда","")," 5 разряда","")," 6 разряда","")," 1 категории","")," 2 категории","")," 3 категории","")))),IF(TRIM(SUBSTITUTE(SUBSTITUTE(SUBSTITUTE(SUBSTITUTE(SUBSTITUTE(SUBSTITUTE(SUBSTITUTE(SUBSTITUTE(SUBSTITUTE(SUBSTITUTE(SUBSTITUTE(LOWER(TRIM(D47)),"ё","е")," -","-"),"- ","-")," 2 разряда","")," 3 разряда","")," 4 разряда","")," 5 разряда","")," 6 разряда","")," 1 категории","")," 2 категории","")," 3 категории",""))="ведущий инженер",IF(ISNUMBER(SEARCH("диспетч",E47)),"ведущий инженер пдо",TRIM(SUBSTITUTE(SUBSTITUTE(SUBSTITUTE(SUBSTITUTE(SUBSTITUTE(SUBSTITUTE(SUBSTITUTE(SUBSTITUTE(SUBSTITUTE(SUBSTITUTE(SUBSTITUTE(LOWER(TRIM(D47)),"ё","е")," -","-"),"- ","-")," 2 разряда","")," 3 разряда","")," 4 разряда","")," 5 разряда","")," 6 разряда","")," 1 категории","")," 2 категории","")," 3 категории",""))),IF(TRIM(SUBSTITUTE(SUBSTITUTE(SUBSTITUTE(SUBSTITUTE(SUBSTITUTE(SUBSTITUTE(SUBSTITUTE(SUBSTITUTE(SUBSTITUTE(SUBSTITUTE(SUBSTITUTE(LOWER(TRIM(D47)),"ё","е")," -","-"),"- ","-")," 2 разряда","")," 3 разряда","")," 4 разряда","")," 5 разряда","")," 6 разряда","")," 1 категории","")," 2 категории","")," 3 категории",""))="контролер","контролер отк",TRIM(SUBSTITUTE(SUBSTITUTE(SUBSTITUTE(SUBSTITUTE(SUBSTITUTE(SUBSTITUTE(SUBSTITUTE(SUBSTITUTE(SUBSTITUTE(SUBSTITUTE(SUBSTITUTE(LOWER(TRIM(D47)),"ё","е")," -","-"),"- ","-")," 2 разряда","")," 3 разряда","")," 4 разряда","")," 5 разряда","")," 6 разряда","")," 1 категории","")," 2 категории","")," 3 категории",""))))) -> слесарь-сборщик | H47: =IFERROR(INDEX(Соответствие!$B$2:$B$76,MATCH(G47,Соответствие!$A$2:$A$76,0)),"?") -> 19 | I47: =IFERROR(INDEX('Перечень должностей'!$C$2:$C$46,MATCH(H47,'Перечень должностей'!$A$2:$A$46,0)),"") -> п.4.3.1, п.4.3.2, п.4.4, п.5.1, п.6.2, п.15 | J47: =IFERROR(INDEX('Перечень должностей'!$D$2:$D$46,MATCH(H47,'Перечень должностей'!$A$2:$A$46,0)),12) -> 12 | M47: =IF(K47="","",EDATE(IF(L47<>"",L47,K47),J47)) | N47: =IFERROR(INDEX('Перечень должностей'!$F$2:$F$46,MATCH(H47,'Перечень должностей'!$A$2:$A$46,0)),"") -> - | P47: =IF(O47="","",EDATE(O47,60)) | Q47: =IF(AND(K47<>"",F47<>"",K47>F47),"ДА","") | R47: Смена подразделения: «Производственное подразделение №6» → «Участок сборки В»
A48: 47 | B48: Воронеж | C48: Сорокин Олег Владимирович | D48: Слесарь-сборщик 4 разряда | E48: Участок сборки В | F48: 45896 | G48: =IF(TRIM(SUBSTITUTE(SUBSTITUTE(SUBSTITUTE(SUBSTITUTE(SUBSTITUTE(SUBSTITUTE(SUBSTITUTE(SUBSTITUTE(SUBSTITUTE(SUBSTITUTE(SUBSTITUTE(LOWER(TRIM(D48)),"ё","е")," -","-"),"- ","-")," 2 разряда","")," 3 разряда","")," 4 разряда","")," 5 разряда","")," 6 разряда","")," 1 категории","")," 2 категории","")," 3 категории",""))="инженер",IF(AND(ISNUMBER(SEARCH("техническ",E48)),ISNUMBER(SEARCH("контрол",E48))),"инженер отк",IF(ISNUMBER(SEARCH("диспетч",E48)),"инженер пдо",TRIM(SUBSTITUTE(SUBSTITUTE(SUBSTITUTE(SUBSTITUTE(SUBSTITUTE(SUBSTITUTE(SUBSTITUTE(SUBSTITUTE(SUBSTITUTE(SUBSTITUTE(SUBSTITUTE(LOWER(TRIM(D48)),"ё","е")," -","-"),"- ","-")," 2 разряда","")," 3 разряда","")," 4 разряда","")," 5 разряда","")," 6 разряда","")," 1 категории","")," 2 категории","")," 3 категории","")))),IF(TRIM(SUBSTITUTE(SUBSTITUTE(SUBSTITUTE(SUBSTITUTE(SUBSTITUTE(SUBSTITUTE(SUBSTITUTE(SUBSTITUTE(SUBSTITUTE(SUBSTITUTE(SUBSTITUTE(LOWER(TRIM(D48)),"ё","е")," -","-"),"- ","-")," 2 разряда","")," 3 разряда","")," 4 разряда","")," 5 разряда","")," 6 разряда","")," 1 категории","")," 2 категории","")," 3 категории",""))="ведущий инженер",IF(ISNUMBER(SEARCH("диспетч",E48)),"ведущий инженер пдо",TRIM(SUBSTITUTE(SUBSTITUTE(SUBSTITUTE(SUBSTITUTE(SUBSTITUTE(SUBSTITUTE(SUBSTITUTE(SUBSTITUTE(SUBSTITUTE(SUBSTITUTE(SUBSTITUTE(LOWER(TRIM(D48)),"ё","е")," -","-"),"- ","-")," 2 разряда","")," 3 разряда","")," 4 разряда","")," 5 разряда","")," 6 разряда","")," 1 категории","")," 2 категории","")," 3 категории",""))),IF(TRIM(SUBSTITUTE(SUBSTITUTE(SUBSTITUTE(SUBSTITUTE(SUBSTITUTE(SUBSTITUTE(SUBSTITUTE(SUBSTITUTE(SUBSTITUTE(SUBSTITUTE(SUBSTITUTE(LOWER(TRIM(D48)),"ё","е")," -","-"),"- ","-")," 2 разряда","")," 3 разряда","")," 4 разряда","")," 5 разряда","")," 6 разряда","")," 1 категории","")," 2 категории","")," 3 категории",""))="контролер","контролер отк",TRIM(SUBSTITUTE(SUBSTITUTE(SUBSTITUTE(SUBSTITUTE(SUBSTITUTE(SUBSTITUTE(SUBSTITUTE(SUBSTITUTE(SUBSTITUTE(SUBSTITUTE(SUBSTITUTE(LOWER(TRIM(D48)),"ё","е")," -","-"),"- ","-")," 2 разряда","")," 3 разряда","")," 4 разряда","")," 5 разряда","")," 6 разряда","")," 1 категории","")," 2 категории","")," 3 категории",""))))) -> слесарь-сборщик | H48: =IFERROR(INDEX(Соответствие!$B$2:$B$76,MATCH(G48,Соответствие!$A$2:$A$76,0)),"?") -> 19 | I48: =IFERROR(INDEX('Перечень должностей'!$C$2:$C$46,MATCH(H48,'Перечень должностей'!$A$2:$A$46,0)),"") -> п.4.3.1, п.4.3.2, п.4.4, п.5.1, п.6.2, п.15 | J48: =IFERROR(INDEX('Перечень должностей'!$D$2:$D$46,MATCH(H48,'Перечень должностей'!$A$2:$A$46,0)),12) -> 12 | M48: =IF(K48="","",EDATE(IF(L48<>"",L48,K48),J48)) | N48: =IFERROR(INDEX('Перечень должностей'!$F$2:$F$46,MATCH(H48,'Перечень должностей'!$A$2:$A$46,0)),"") -> - | P48: =IF(O48="","",EDATE(O48,60)) | Q48: =IF(AND(K48<>"",F48<>"",K48>F48),"ДА","") | R48: Смена подразделения: «Производственное подразделение №6» → «Участок сборки В»
A49: 48 | B49: Воронеж | C49: Сухинин Андрей Алексеевич | D49: Слесарь - сборщик 4 разряда | E49: Производственное подразделение №6 (В н/д) | F49: 45765 | G49: =IF(TRIM(SUBSTITUTE(SUBSTITUTE(SUBSTITUTE(SUBSTITUTE(SUBSTITUTE(SUBSTITUTE(SUBSTITUTE(SUBSTITUTE(SUBSTITUTE(SUBSTITUTE(SUBSTITUTE(LOWER(TRIM(D49)),"ё","е")," -","-"),"- ","-")," 2 разряда","")," 3 разряда","")," 4 разряда","")," 5 разряда","")," 6 разряда","")," 1 категории","")," 2 категории","")," 3 категории",""))="инженер",IF(AND(ISNUMBER(SEARCH("техническ",E49)),ISNUMBER(SEARCH("контрол",E49))),"инженер отк",IF(ISNUMBER(SEARCH("диспетч",E49)),"инженер пдо",TRIM(SUBSTITUTE(SUBSTITUTE(SUBSTITUTE(SUBSTITUTE(SUBSTITUTE(SUBSTITUTE(SUBSTITUTE(SUBSTITUTE(SUBSTITUTE(SUBSTITUTE(SUBSTITUTE(LOWER(TRIM(D49)),"ё","е")," -","-"),"- ","-")," 2 разряда","")," 3 разряда","")," 4 разряда","")," 5 разряда","")," 6 разряда","")," 1 категории","")," 2 категории","")," 3 категории","")))),IF(TRIM(SUBSTITUTE(SUBSTITUTE(SUBSTITUTE(SUBSTITUTE(SUBSTITUTE(SUBSTITUTE(SUBSTITUTE(SUBSTITUTE(SUBSTITUTE(SUBSTITUTE(SUBSTITUTE(LOWER(TRIM(D49)),"ё","е")," -","-"),"- ","-")," 2 разряда","")," 3 разряда","")," 4 разряда","")," 5 разряда","")," 6 разряда","")," 1 категории","")," 2 категории","")," 3 категории",""))="ведущий инженер",IF(ISNUMBER(SEARCH("диспетч",E49)),"ведущий инженер пдо",TRIM(SUBSTITUTE(SUBSTITUTE(SUBSTITUTE(SUBSTITUTE(SUBSTITUTE(SUBSTITUTE(SUBSTITUTE(SUBSTITUTE(SUBSTITUTE(SUBSTITUTE(SUBSTITUTE(LOWER(TRIM(D49)),"ё","е")," -","-"),"- ","-")," 2 разряда","")," 3 разряда","")," 4 разряда","")," 5 разряда","")," 6 разряда","")," 1 категории","")," 2 категории","")," 3 категории",""))),IF(TRIM(SUBSTITUTE(SUBSTITUTE(SUBSTITUTE(SUBSTITUTE(SUBSTITUTE(SUBSTITUTE(SUBSTITUTE(SUBSTITUTE(SUBSTITUTE(SUBSTITUTE(SUBSTITUTE(LOWER(TRIM(D49)),"ё","е")," -","-"),"- ","-")," 2 разряда","")," 3 разряда","")," 4 разряда","")," 5 разряда","")," 6 разряда","")," 1 категории","")," 2 категории","")," 3 категории",""))="контролер","контролер отк",TRIM(SUBSTITUTE(SUBSTITUTE(SUBSTITUTE(SUBSTITUTE(SUBSTITUTE(SUBSTITUTE(SUBSTITUTE(SUBSTITUTE(SUBSTITUTE(SUBSTITUTE(SUBSTITUTE(LOWER(TRIM(D49)),"ё","е")," -","-"),"- ","-")," 2 разряда","")," 3 разряда","")," 4 разряда","")," 5 разряда","")," 6 разряда","")," 1 категории","")," 2 категории","")," 3 категории",""))))) -> слесарь-сборщик | H49: =IFERROR(INDEX(Соответствие!$B$2:$B$76,MATCH(G49,Соответствие!$A$2:$A$76,0)),"?") -> 19 | I49: =IFERROR(INDEX('Перечень должностей'!$C$2:$C$46,MATCH(H49,'Перечень должностей'!$A$2:$A$46,0)),"") -> п.4.3.1, п.4.3.2, п.4.4, п.5.1, п.6.2, п.15 | J49: =IFERROR(INDEX('Перечень должностей'!$D$2:$D$46,MATCH(H49,'Перечень должностей'!$A$2:$A$46,0)),12) -> 12 | M49: =IF(K49="","",EDATE(IF(L49<>"",L49,K49),J49)) | N49: =IFERROR(INDEX('Перечень должностей'!$F$2:$F$46,MATCH(H49,'Перечень должностей'!$A$2:$A$46,0)),"") -> - | P49: =IF(O49="","",EDATE(O49,60)) | Q49: =IF(AND(K49<>"",F49<>"",K49>F49),"ДА","")
A50: 49 | B50: Воронеж | C50: Червяков Владислав Вячеславович | D50: Слесарь - сборщик 4 разряда | E50: Производственное подразделение №6 (В н/д) | F50: 45666 | G50: =IF(TRIM(SUBSTITUTE(SUBSTITUTE(SUBSTITUTE(SUBSTITUTE(SUBSTITUTE(SUBSTITUTE(SUBSTITUTE(SUBSTITUTE(SUBSTITUTE(SUBSTITUTE(SUBSTITUTE(LOWER(TRIM(D50)),"ё","е")," -","-"),"- ","-")," 2 разряда","")," 3 разряда","")," 4 разряда","")," 5 разряда","")," 6 разряда","")," 1 категории","")," 2 категории","")," 3 категории",""))="инженер",IF(AND(ISNUMBER(SEARCH("техническ",E50)),ISNUMBER(SEARCH("контрол",E50))),"инженер отк",IF(ISNUMBER(SEARCH("диспетч",E50)),"инженер пдо",TRIM(SUBSTITUTE(SUBSTITUTE(SUBSTITUTE(SUBSTITUTE(SUBSTITUTE(SUBSTITUTE(SUBSTITUTE(SUBSTITUTE(SUBSTITUTE(SUBSTITUTE(SUBSTITUTE(LOWER(TRIM(D50)),"ё","е")," -","-"),"- ","-")," 2 разряда","")," 3 разряда","")," 4 разряда","")," 5 разряда","")," 6 разряда","")," 1 категории","")," 2 категории","")," 3 категории","")))),IF(TRIM(SUBSTITUTE(SUBSTITUTE(SUBSTITUTE(SUBSTITUTE(SUBSTITUTE(SUBSTITUTE(SUBSTITUTE(SUBSTITUTE(SUBSTITUTE(SUBSTITUTE(SUBSTITUTE(LOWER(TRIM(D50)),"ё","е")," -","-"),"- ","-")," 2 разряда","")," 3 разряда","")," 4 разряда","")," 5 разряда","")," 6 разряда","")," 1 категории","")," 2 категории","")," 3 категории",""))="ведущий инженер",IF(ISNUMBER(SEARCH("диспетч",E50)),"ведущий инженер пдо",TRIM(SUBSTITUTE(SUBSTITUTE(SUBSTITUTE(SUBSTITUTE(SUBSTITUTE(SUBSTITUTE(SUBSTITUTE(SUBSTITUTE(SUBSTITUTE(SUBSTITUTE(SUBSTITUTE(LOWER(TRIM(D50)),"ё","е")," -","-"),"- ","-")," 2 разряда","")," 3 разряда","")," 4 разряда","")," 5 разряда","")," 6 разряда","")," 1 категории","")," 2 категории","")," 3 категории",""))),IF(TRIM(SUBSTITUTE(SUBSTITUTE(SUBSTITUTE(SUBSTITUTE(SUBSTITUTE(SUBSTITUTE(SUBSTITUTE(SUBSTITUTE(SUBSTITUTE(SUBSTITUTE(SUBSTITUTE(LOWER(TRIM(D50)),"ё","е")," -","-"),"- ","-")," 2 разряда","")," 3 разряда","")," 4 разряда","")," 5 разряда","")," 6 разряда","")," 1 категории","")," 2 категории","")," 3 категории",""))="контролер","контролер отк",TRIM(SUBSTITUTE(SUBSTITUTE(SUBSTITUTE(SUBSTITUTE(SUBSTITUTE(SUBSTITUTE(SUBSTITUTE(SUBSTITUTE(SUBSTITUTE(SUBSTITUTE(SUBSTITUTE(LOWER(TRIM(D50)),"ё","е")," -","-"),"- ","-")," 2 разряда","")," 3 разряда","")," 4 разряда","")," 5 разряда","")," 6 разряда","")," 1 категории","")," 2 категории","")," 3 категории",""))))) -> слесарь-сборщик | H50: =IFERROR(INDEX(Соответствие!$B$2:$B$76,MATCH(G50,Соответствие!$A$2:$A$76,0)),"?") -> 19 | I50: =IFERROR(INDEX('Перечень должностей'!$C$2:$C$46,MATCH(H50,'Перечень должностей'!$A$2:$A$46,0)),"") -> п.4.3.1, п.4.3.2, п.4.4, п.5.1, п.6.2, п.15 | J50: =IFERROR(INDEX('Перечень должностей'!$D$2:$D$46,MATCH(H50,'Перечень должностей'!$A$2:$A$46,0)),12) -> 12 | M50: =IF(K50="","",EDATE(IF(L50<>"",L50,K50),J50)) | N50: =IFERROR(INDEX('Перечень должностей'!$F$2:$F$46,MATCH(H50,'Перечень должностей'!$A$2:$A$46,0)),"") -> - | P50: =IF(O50="","",EDATE(O50,60)) | Q50: =IF(AND(K50<>"",F50<>"",K50>F50),"ДА","")
A51: 50 | B51: Воронеж | C51: Юрьев Александр Николаевич | D51: Слесарь - сборщик 4 разряда | E51: Производственное подразделение №6 (В н/д) | F51: 46062 | G51: =IF(TRIM(SUBSTITUTE(SUBSTITUTE(SUBSTITUTE(SUBSTITUTE(SUBSTITUTE(SUBSTITUTE(SUBSTITUTE(SUBSTITUTE(SUBSTITUTE(SUBSTITUTE(SUBSTITUTE(LOWER(TRIM(D51)),"ё","е")," -","-"),"- ","-")," 2 разряда","")," 3 разряда","")," 4 разряда","")," 5 разряда","")," 6 разряда","")," 1 категории","")," 2 категории","")," 3 категории",""))="инженер",IF(AND(ISNUMBER(SEARCH("техническ",E51)),ISNUMBER(SEARCH("контрол",E51))),"инженер отк",IF(ISNUMBER(SEARCH("диспетч",E51)),"инженер пдо",TRIM(SUBSTITUTE(SUBSTITUTE(SUBSTITUTE(SUBSTITUTE(SUBSTITUTE(SUBSTITUTE(SUBSTITUTE(SUBSTITUTE(SUBSTITUTE(SUBSTITUTE(SUBSTITUTE(LOWER(TRIM(D51)),"ё","е")," -","-"),"- ","-")," 2 разряда","")," 3 разряда","")," 4 разряда","")," 5 разряда","")," 6 разряда","")," 1 категории","")," 2 категории","")," 3 категории","")))),IF(TRIM(SUBSTITUTE(SUBSTITUTE(SUBSTITUTE(SUBSTITUTE(SUBSTITUTE(SUBSTITUTE(SUBSTITUTE(SUBSTITUTE(SUBSTITUTE(SUBSTITUTE(SUBSTITUTE(LOWER(TRIM(D51)),"ё","е")," -","-"),"- ","-")," 2 разряда","")," 3 разряда","")," 4 разряда","")," 5 разряда","")," 6 разряда","")," 1 категории","")," 2 категории","")," 3 категории",""))="ведущий инженер",IF(ISNUMBER(SEARCH("диспетч",E51)),"ведущий инженер пдо",TRIM(SUBSTITUTE(SUBSTITUTE(SUBSTITUTE(SUBSTITUTE(SUBSTITUTE(SUBSTITUTE(SUBSTITUTE(SUBSTITUTE(SUBSTITUTE(SUBSTITUTE(SUBSTITUTE(LOWER(TRIM(D51)),"ё","е")," -","-"),"- ","-")," 2 разряда","")," 3 разряда","")," 4 разряда","")," 5 разряда","")," 6 разряда","")," 1 категории","")," 2 категории","")," 3 категории",""))),IF(TRIM(SUBSTITUTE(SUBSTITUTE(SUBSTITUTE(SUBSTITUTE(SUBSTITUTE(SUBSTITUTE(SUBSTITUTE(SUBSTITUTE(SUBSTITUTE(SUBSTITUTE(SUBSTITUTE(LOWER(TRIM(D51)),"ё","е")," -","-"),"- ","-")," 2 разряда","")," 3 разряда","")," 4 разряда","")," 5 разряда","")," 6 разряда","")," 1 категории","")," 2 категории","")," 3 категории",""))="контролер","контролер отк",TRIM(SUBSTITUTE(SUBSTITUTE(SUBSTITUTE(SUBSTITUTE(SUBSTITUTE(SUBSTITUTE(SUBSTITUTE(SUBSTITUTE(SUBSTITUTE(SUBSTITUTE(SUBSTITUTE(LOWER(TRIM(D51)),"ё","е")," -","-"),"- ","-")," 2 разряда","")," 3 разряда","")," 4 разряда","")," 5 разряда","")," 6 разряда","")," 1 категории","")," 2 категории","")," 3 категории",""))))) -> слесарь-сборщик | H51: =IFERROR(INDEX(Соответствие!$B$2:$B$76,MATCH(G51,Соответствие!$A$2:$A$76,0)),"?") -> 19 | I51: =IFERROR(INDEX('Перечень должностей'!$C$2:$C$46,MATCH(H51,'Перечень должностей'!$A$2:$A$46,0)),"") -> п.4.3.1, п.4.3.2, п.4.4, п.5.1, п.6.2, п.15 | J51: =IFERROR(INDEX('Перечень должностей'!$D$2:$D$46,MATCH(H51,'Перечень должностей'!$A$2:$A$46,0)),12) -> 12 | M51: =IF(K51="","",EDATE(IF(L51<>"",L51,K51),J51)) | N51: =IFERROR(INDEX('Перечень должностей'!$F$2:$F$46,MATCH(H51,'Перечень должностей'!$A$2:$A$46,0)),"") -> - | P51: =IF(O51="","",EDATE(O51,60)) | Q51: =IF(AND(K51<>"",F51<>"",K51>F51),"ДА","")
A52: 51 | B52: Воронеж | C52: Белоусова Людмила Владимировна | D52: Кладовщик | E52: Склад В | F52: 46127 | G52: =IF(TRIM(SUBSTITUTE(SUBSTITUTE(SUBSTITUTE(SUBSTITUTE(SUBSTITUTE(SUBSTITUTE(SUBSTITUTE(SUBSTITUTE(SUBSTITUTE(SUBSTITUTE(SUBSTITUTE(LOWER(TRIM(D52)),"ё","е")," -","-"),"- ","-")," 2 разряда","")," 3 разряда","")," 4 разряда","")," 5 разряда","")," 6 разряда","")," 1 категории","")," 2 категории","")," 3 категории",""))="инженер",IF(AND(ISNUMBER(SEARCH("техническ",E52)),ISNUMBER(SEARCH("контрол",E52))),"инженер отк",IF(ISNUMBER(SEARCH("диспетч",E52)),"инженер пдо",TRIM(SUBSTITUTE(SUBSTITUTE(SUBSTITUTE(SUBSTITUTE(SUBSTITUTE(SUBSTITUTE(SUBSTITUTE(SUBSTITUTE(SUBSTITUTE(SUBSTITUTE(SUBSTITUTE(LOWER(TRIM(D52)),"ё","е")," -","-"),"- ","-")," 2 разряда","")," 3 разряда","")," 4 разряда","")," 5 разряда","")," 6 разряда","")," 1 категории","")," 2 категории","")," 3 категории","")))),IF(TRIM(SUBSTITUTE(SUBSTITUTE(SUBSTITUTE(SUBSTITUTE(SUBSTITUTE(SUBSTITUTE(SUBSTITUTE(SUBSTITUTE(SUBSTITUTE(SUBSTITUTE(SUBSTITUTE(LOWER(TRIM(D52)),"ё","е")," -","-"),"- ","-")," 2 разряда","")," 3 разряда","")," 4 разряда","")," 5 разряда","")," 6 разряда","")," 1 категории","")," 2 категории","")," 3 категории",""))="ведущий инженер",IF(ISNUMBER(SEARCH("диспетч",E52)),"ведущий инженер пдо",TRIM(SUBSTITUTE(SUBSTITUTE(SUBSTITUTE(SUBSTITUTE(SUBSTITUTE(SUBSTITUTE(SUBSTITUTE(SUBSTITUTE(SUBSTITUTE(SUBSTITUTE(SUBSTITUTE(LOWER(TRIM(D52)),"ё","е")," -","-"),"- ","-")," 2 разряда","")," 3 разряда","")," 4 разряда","")," 5 разряда","")," 6 разряда","")," 1 категории","")," 2 категории","")," 3 категории",""))),IF(TRIM(SUBSTITUTE(SUBSTITUTE(SUBSTITUTE(SUBSTITUTE(SUBSTITUTE(SUBSTITUTE(SUBSTITUTE(SUBSTITUTE(SUBSTITUTE(SUBSTITUTE(SUBSTITUTE(LOWER(TRIM(D52)),"ё","е")," -","-"),"- ","-")," 2 разряда","")," 3 разряда","")," 4 разряда","")," 5 разряда","")," 6 разряда","")," 1 категории","")," 2 категории","")," 3 категории",""))="контролер","контролер отк",TRIM(SUBSTITUTE(SUBSTITUTE(SUBSTITUTE(SUBSTITUTE(SUBSTITUTE(SUBSTITUTE(SUBSTITUTE(SUBSTITUTE(SUBSTITUTE(SUBSTITUTE(SUBSTITUTE(LOWER(TRIM(D52)),"ё","е")," -","-"),"- ","-")," 2 разряда","")," 3 разряда","")," 4 разряда","")," 5 разряда","")," 6 разряда","")," 1 категории","")," 2 категории","")," 3 категории",""))))) -> кладовщик | H52: =IFERROR(INDEX(Соответствие!$B$2:$B$76,MATCH(G52,Соответствие!$A$2:$A$76,0)),"?") -> 14 | I52: =IFERROR(INDEX('Перечень должностей'!$C$2:$C$46,MATCH(H52,'Перечень должностей'!$A$2:$A$46,0)),"") -> п.4.4, п.5.1, п.6.2 | J52: =IFERROR(INDEX('Перечень должностей'!$D$2:$D$46,MATCH(H52,'Перечень должностей'!$A$2:$A$46,0)),12) -> 12 | M52: =IF(K52="","",EDATE(IF(L52<>"",L52,K52),J52)) | N52: =IFERROR(INDEX('Перечень должностей'!$F$2:$F$46,MATCH(H52,'Перечень должностей'!$A$2:$A$46,0)),"") -> - | P52: =IF(O52="","",EDATE(O52,60)) | Q52: =IF(AND(K52<>"",F52<>"",K52>F52),"ДА","") | R52: Смена подразделения: «Производственное подразделение №6» → «Склад В»
A53: 52 | B53: Воронеж | C53: Басов Вадим Романович | D53: Электромонтажник 5 разряда | E53: Участок РЭО В | F53: 45852 | G53: =IF(TRIM(SUBSTITUTE(SUBSTITUTE(SUBSTITUTE(SUBSTITUTE(SUBSTITUTE(SUBSTITUTE(SUBSTITUTE(SUBSTITUTE(SUBSTITUTE(SUBSTITUTE(SUBSTITUTE(LOWER(TRIM(D53)),"ё","е")," -","-"),"- ","-")," 2 разряда","")," 3 разряда","")," 4 разряда","")," 5 разряда","")," 6 разряда","")," 1 категории","")," 2 категории","")," 3 категории",""))="инженер",IF(AND(ISNUMBER(SEARCH("техническ",E53)),ISNUMBER(SEARCH("контрол",E53))),"инженер отк",IF(ISNUMBER(SEARCH("диспетч",E53)),"инженер пдо",TRIM(SUBSTITUTE(SUBSTITUTE(SUBSTITUTE(SUBSTITUTE(SUBSTITUTE(SUBSTITUTE(SUBSTITUTE(SUBSTITUTE(SUBSTITUTE(SUBSTITUTE(SUBSTITUTE(LOWER(TRIM(D53)),"ё","е")," -","-"),"- ","-")," 2 разряда","")," 3 разряда","")," 4 разряда","")," 5 разряда","")," 6 разряда","")," 1 категории","")," 2 категории","")," 3 категории","")))),IF(TRIM(SUBSTITUTE(SUBSTITUTE(SUBSTITUTE(SUBSTITUTE(SUBSTITUTE(SUBSTITUTE(SUBSTITUTE(SUBSTITUTE(SUBSTITUTE(SUBSTITUTE(SUBSTITUTE(LOWER(TRIM(D53)),"ё","е")," -","-"),"- ","-")," 2 разряда","")," 3 разряда","")," 4 разряда","")," 5 разряда","")," 6 разряда","")," 1 категории","")," 2 категории","")," 3 категории",""))="ведущий инженер",IF(ISNUMBER(SEARCH("диспетч",E53)),"ведущий инженер пдо",TRIM(SUBSTITUTE(SUBSTITUTE(SUBSTITUTE(SUBSTITUTE(SUBSTITUTE(SUBSTITUTE(SUBSTITUTE(SUBSTITUTE(SUBSTITUTE(SUBSTITUTE(SUBSTITUTE(LOWER(TRIM(D53)),"ё","е")," -","-"),"- ","-")," 2 разряда","")," 3 разряда","")," 4 разряда","")," 5 разряда","")," 6 разряда","")," 1 категории","")," 2 категории","")," 3 категории",""))),IF(TRIM(SUBSTITUTE(SUBSTITUTE(SUBSTITUTE(SUBSTITUTE(SUBSTITUTE(SUBSTITUTE(SUBSTITUTE(SUBSTITUTE(SUBSTITUTE(SUBSTITUTE(SUBSTITUTE(LOWER(TRIM(D53)),"ё","е")," -","-"),"- ","-")," 2 разряда","")," 3 разряда","")," 4 разряда","")," 5 разряда","")," 6 разряда","")," 1 категории","")," 2 категории","")," 3 категории",""))="контролер","контролер отк",TRIM(SUBSTITUTE(SUBSTITUTE(SUBSTITUTE(SUBSTITUTE(SUBSTITUTE(SUBSTITUTE(SUBSTITUTE(SUBSTITUTE(SUBSTITUTE(SUBSTITUTE(SUBSTITUTE(LOWER(TRIM(D53)),"ё","е")," -","-"),"- ","-")," 2 разряда","")," 3 разряда","")," 4 разряда","")," 5 разряда","")," 6 разряда","")," 1 категории","")," 2 категории","")," 3 категории",""))))) -> электромонтажник | H53: =IFERROR(INDEX(Соответствие!$B$2:$B$76,MATCH(G53,Соответствие!$A$2:$A$76,0)),"?") -> 20 | I53: =IFERROR(INDEX('Перечень должностей'!$C$2:$C$46,MATCH(H53,'Перечень должностей'!$A$2:$A$46,0)),"") -> п.4.3.1, п.4.3.2, п.4.4, п.4.9, п.5.1, п.5.2, п.6.2, п.9 | J53: =IFERROR(INDEX('Перечень должностей'!$D$2:$D$46,MATCH(H53,'Перечень должностей'!$A$2:$A$46,0)),12) -> 12 | M53: =IF(K53="","",EDATE(IF(L53<>"",L53,K53),J53)) | N53: =IFERROR(INDEX('Перечень должностей'!$F$2:$F$46,MATCH(H53,'Перечень должностей'!$A$2:$A$46,0)),"") -> Проверить | P53: =IF(O53="","",EDATE(O53,60)) | Q53: =IF(AND(K53<>"",F53<>"",K53>F53),"ДА","") | R53: Смена подразделения: «Производственное подразделение №6» → «Участок РЭО В»
A54: 53 | B54: Воронеж | C54: Левин Александр Владимирович | D54: Электромонтажник 4 разряда | E54: Участок РЭО В | F54: 46140 | G54: =IF(TRIM(SUBSTITUTE(SUBSTITUTE(SUBSTITUTE(SUBSTITUTE(SUBSTITUTE(SUBSTITUTE(SUBSTITUTE(SUBSTITUTE(SUBSTITUTE(SUBSTITUTE(SUBSTITUTE(LOWER(TRIM(D54)),"ё","е")," -","-"),"- ","-")," 2 разряда","")," 3 разряда","")," 4 разряда","")," 5 разряда","")," 6 разряда","")," 1 категории","")," 2 категории","")," 3 категории",""))="инженер",IF(AND(ISNUMBER(SEARCH("техническ",E54)),ISNUMBER(SEARCH("контрол",E54))),"инженер отк",IF(ISNUMBER(SEARCH("диспетч",E54)),"инженер пдо",TRIM(SUBSTITUTE(SUBSTITUTE(SUBSTITUTE(SUBSTITUTE(SUBSTITUTE(SUBSTITUTE(SUBSTITUTE(SUBSTITUTE(SUBSTITUTE(SUBSTITUTE(SUBSTITUTE(LOWER(TRIM(D54)),"ё","е")," -","-"),"- ","-")," 2 разряда","")," 3 разряда","")," 4 разряда","")," 5 разряда","")," 6 разряда","")," 1 категории","")," 2 категории","")," 3 категории","")))),IF(TRIM(SUBSTITUTE(SUBSTITUTE(SUBSTITUTE(SUBSTITUTE(SUBSTITUTE(SUBSTITUTE(SUBSTITUTE(SUBSTITUTE(SUBSTITUTE(SUBSTITUTE(SUBSTITUTE(LOWER(TRIM(D54)),"ё","е")," -","-"),"- ","-")," 2 разряда","")," 3 разряда","")," 4 разряда","")," 5 разряда","")," 6 разряда","")," 1 категории","")," 2 категории","")," 3 категории",""))="ведущий инженер",IF(ISNUMBER(SEARCH("диспетч",E54)),"ведущий инженер пдо",TRIM(SUBSTITUTE(SUBSTITUTE(SUBSTITUTE(SUBSTITUTE(SUBSTITUTE(SUBSTITUTE(SUBSTITUTE(SUBSTITUTE(SUBSTITUTE(SUBSTITUTE(SUBSTITUTE(LOWER(TRIM(D54)),"ё","е")," -","-"),"- ","-")," 2 разряда","")," 3 разряда","")," 4 разряда","")," 5 разряда","")," 6 разряда","")," 1 категории","")," 2 категории","")," 3 категории",""))),IF(TRIM(SUBSTITUTE(SUBSTITUTE(SUBSTITUTE(SUBSTITUTE(SUBSTITUTE(SUBSTITUTE(SUBSTITUTE(SUBSTITUTE(SUBSTITUTE(SUBSTITUTE(SUBSTITUTE(LOWER(TRIM(D54)),"ё","е")," -","-"),"- ","-")," 2 разряда","")," 3 разряда","")," 4 разряда","")," 5 разряда","")," 6 разряда","")," 1 категории","")," 2 категории","")," 3 категории",""))="контролер","контролер отк",TRIM(SUBSTITUTE(SUBSTITUTE(SUBSTITUTE(SUBSTITUTE(SUBSTITUTE(SUBSTITUTE(SUBSTITUTE(SUBSTITUTE(SUBSTITUTE(SUBSTITUTE(SUBSTITUTE(LOWER(TRIM(D54)),"ё","е")," -","-"),"- ","-")," 2 разряда","")," 3 разряда","")," 4 разряда","")," 5 разряда","")," 6 разряда","")," 1 категории","")," 2 категории","")," 3 категории",""))))) -> электромонтажник | H54: =IFERROR(INDEX(Соответствие!$B$2:$B$76,MATCH(G54,Соответствие!$A$2:$A$76,0)),"?") -> 20 | I54: =IFERROR(INDEX('Перечень должностей'!$C$2:$C$46,MATCH(H54,'Перечень должностей'!$A$2:$A$46,0)),"") -> п.4.3.1, п.4.3.2, п.4.4, п.4.9, п.5.1, п.5.2, п.6.2, п.9 | J54: =IFERROR(INDEX('Перечень должностей'!$D$2:$D$46,MATCH(H54,'Перечень должностей'!$A$2:$A$46,0)),12) -> 12 | M54: =IF(K54="","",EDATE(IF(L54<>"",L54,K54),J54)) | N54: =IFERROR(INDEX('Перечень должностей'!$F$2:$F$46,MATCH(H54,'Перечень должностей'!$A$2:$A$46,0)),"") -> Проверить | P54: =IF(O54="","",EDATE(O54,60)) | Q54: =IF(AND(K54<>"",F54<>"",K54>F54),"ДА","") | R54: Смена подразделения: «Производственное подразделение №6» → «Участок РЭО В»
A55: 54 | B55: Воронеж | C55: Лисунов Кирилл Андреевич | D55: Электромонтажник 4 разряда | E55: Участок РЭО В | F55: 45796 | G55: =IF(TRIM(SUBSTITUTE(SUBSTITUTE(SUBSTITUTE(SUBSTITUTE(SUBSTITUTE(SUBSTITUTE(SUBSTITUTE(SUBSTITUTE(SUBSTITUTE(SUBSTITUTE(SUBSTITUTE(LOWER(TRIM(D55)),"ё","е")," -","-"),"- ","-")," 2 разряда","")," 3 разряда","")," 4 разряда","")," 5 разряда","")," 6 разряда","")," 1 категории","")," 2 категории","")," 3 категории",""))="инженер",IF(AND(ISNUMBER(SEARCH("техническ",E55)),ISNUMBER(SEARCH("контрол",E55))),"инженер отк",IF(ISNUMBER(SEARCH("диспетч",E55)),"инженер пдо",TRIM(SUBSTITUTE(SUBSTITUTE(SUBSTITUTE(SUBSTITUTE(SUBSTITUTE(SUBSTITUTE(SUBSTITUTE(SUBSTITUTE(SUBSTITUTE(SUBSTITUTE(SUBSTITUTE(LOWER(TRIM(D55)),"ё","е")," -","-"),"- ","-")," 2 разряда","")," 3 разряда","")," 4 разряда","")," 5 разряда","")," 6 разряда","")," 1 категории","")," 2 категории","")," 3 категории","")))),IF(TRIM(SUBSTITUTE(SUBSTITUTE(SUBSTITUTE(SUBSTITUTE(SUBSTITUTE(SUBSTITUTE(SUBSTITUTE(SUBSTITUTE(SUBSTITUTE(SUBSTITUTE(SUBSTITUTE(LOWER(TRIM(D55)),"ё","е")," -","-"),"- ","-")," 2 разряда","")," 3 разряда","")," 4 разряда","")," 5 разряда","")," 6 разряда","")," 1 категории","")," 2 категории","")," 3 категории",""))="ведущий инженер",IF(ISNUMBER(SEARCH("диспетч",E55)),"ведущий инженер пдо",TRIM(SUBSTITUTE(SUBSTITUTE(SUBSTITUTE(SUBSTITUTE(SUBSTITUTE(SUBSTITUTE(SUBSTITUTE(SUBSTITUTE(SUBSTITUTE(SUBSTITUTE(SUBSTITUTE(LOWER(TRIM(D55)),"ё","е")," -","-"),"- ","-")," 2 разряда","")," 3 разряда","")," 4 разряда","")," 5 разряда","")," 6 разряда","")," 1 категории","")," 2 категории","")," 3 категории",""))),IF(TRIM(SUBSTITUTE(SUBSTITUTE(SUBSTITUTE(SUBSTITUTE(SUBSTITUTE(SUBSTITUTE(SUBSTITUTE(SUBSTITUTE(SUBSTITUTE(SUBSTITUTE(SUBSTITUTE(LOWER(TRIM(D55)),"ё","е")," -","-"),"- ","-")," 2 разряда","")," 3 разряда","")," 4 разряда","")," 5 разряда","")," 6 разряда","")," 1 категории","")," 2 категории","")," 3 категории",""))="контролер","контролер отк",TRIM(SUBSTITUTE(SUBSTITUTE(SUBSTITUTE(SUBSTITUTE(SUBSTITUTE(SUBSTITUTE(SUBSTITUTE(SUBSTITUTE(SUBSTITUTE(SUBSTITUTE(SUBSTITUTE(LOWER(TRIM(D55)),"ё","е")," -","-"),"- ","-")," 2 разряда","")," 3 разряда","")," 4 разряда","")," 5 разряда","")," 6 разряда","")," 1 категории","")," 2 категории","")," 3 категории",""))))) -> электромонтажник | H55: =IFERROR(INDEX(Соответствие!$B$2:$B$76,MATCH(G55,Соответствие!$A$2:$A$76,0)),"?") -> 20 | I55: =IFERROR(INDEX('Перечень должностей'!$C$2:$C$46,MATCH(H55,'Перечень должностей'!$A$2:$A$46,0)),"") -> п.4.3.1, п.4.3.2, п.4.4, п.4.9, п.5.1, п.5.2, п.6.2, п.9 | J55: =IFERROR(INDEX('Перечень должностей'!$D$2:$D$46,MATCH(H55,'Перечень должностей'!$A$2:$A$46,0)),12) -> 12 | K55: 45784 | M55: =IF(K55="","",EDATE(IF(L55<>"",L55,K55),J55)) -> 46149 | N55: =IFERROR(INDEX('Перечень должностей'!$F$2:$F$46,MATCH(H55,'Перечень должностей'!$A$2:$A$46,0)),"") -> Проверить | P55: =IF(O55="","",EDATE(O55,60)) | Q55: =IF(AND(K55<>"",F55<>"",K55>F55),"ДА","") | R55: Смена подразделения: «Производственное подразделение №6» → «Участок РЭО В»
A56: 55 | B56: Воронеж | C56: Попов Денис Игоревич | D56: Электромонтажник 4 разряда | E56: Участок РЭО В | F56: 45873 | G56: =IF(TRIM(SUBSTITUTE(SUBSTITUTE(SUBSTITUTE(SUBSTITUTE(SUBSTITUTE(SUBSTITUTE(SUBSTITUTE(SUBSTITUTE(SUBSTITUTE(SUBSTITUTE(SUBSTITUTE(LOWER(TRIM(D56)),"ё","е")," -","-"),"- ","-")," 2 разряда","")," 3 разряда","")," 4 разряда","")," 5 разряда","")," 6 разряда","")," 1 категории","")," 2 категории","")," 3 категории",""))="инженер",IF(AND(ISNUMBER(SEARCH("техническ",E56)),ISNUMBER(SEARCH("контрол",E56))),"инженер отк",IF(ISNUMBER(SEARCH("диспетч",E56)),"инженер пдо",TRIM(SUBSTITUTE(SUBSTITUTE(SUBSTITUTE(SUBSTITUTE(SUBSTITUTE(SUBSTITUTE(SUBSTITUTE(SUBSTITUTE(SUBSTITUTE(SUBSTITUTE(SUBSTITUTE(LOWER(TRIM(D56)),"ё","е")," -","-"),"- ","-")," 2 разряда","")," 3 разряда","")," 4 разряда","")," 5 разряда","")," 6 разряда","")," 1 категории","")," 2 категории","")," 3 категории","")))),IF(TRIM(SUBSTITUTE(SUBSTITUTE(SUBSTITUTE(SUBSTITUTE(SUBSTITUTE(SUBSTITUTE(SUBSTITUTE(SUBSTITUTE(SUBSTITUTE(SUBSTITUTE(SUBSTITUTE(LOWER(TRIM(D56)),"ё","е")," -","-"),"- ","-")," 2 разряда","")," 3 разряда","")," 4 разряда","")," 5 разряда","")," 6 разряда","")," 1 категории","")," 2 категории","")," 3 категории",""))="ведущий инженер",IF(ISNUMBER(SEARCH("диспетч",E56)),"ведущий инженер пдо",TRIM(SUBSTITUTE(SUBSTITUTE(SUBSTITUTE(SUBSTITUTE(SUBSTITUTE(SUBSTITUTE(SUBSTITUTE(SUBSTITUTE(SUBSTITUTE(SUBSTITUTE(SUBSTITUTE(LOWER(TRIM(D56)),"ё","е")," -","-"),"- ","-")," 2 разряда","")," 3 разряда","")," 4 разряда","")," 5 разряда","")," 6 разряда","")," 1 категории","")," 2 категории","")," 3 категории",""))),IF(TRIM(SUBSTITUTE(SUBSTITUTE(SUBSTITUTE(SUBSTITUTE(SUBSTITUTE(SUBSTITUTE(SUBSTITUTE(SUBSTITUTE(SUBSTITUTE(SUBSTITUTE(SUBSTITUTE(LOWER(TRIM(D56)),"ё","е")," -","-"),"- ","-")," 2 разряда","")," 3 разряда","")," 4 разряда","")," 5 разряда","")," 6 разряда","")," 1 категории","")," 2 категории","")," 3 категории",""))="контролер","контролер отк",TRIM(SUBSTITUTE(SUBSTITUTE(SUBSTITUTE(SUBSTITUTE(SUBSTITUTE(SUBSTITUTE(SUBSTITUTE(SUBSTITUTE(SUBSTITUTE(SUBSTITUTE(SUBSTITUTE(LOWER(TRIM(D56)),"ё","е")," -","-"),"- ","-")," 2 разряда","")," 3 разряда","")," 4 разряда","")," 5 разряда","")," 6 разряда","")," 1 категории","")," 2 категории","")," 3 категории",""))))) -> электромонтажник | H56: =IFERROR(INDEX(Соответствие!$B$2:$B$76,MATCH(G56,Соответствие!$A$2:$A$76,0)),"?") -> 20 | I56: =IFERROR(INDEX('Перечень должностей'!$C$2:$C$46,MATCH(H56,'Перечень должностей'!$A$2:$A$46,0)),"") -> п.4.3.1, п.4.3.2, п.4.4, п.4.9, п.5.1, п.5.2, п.6.2, п.9 | J56: =IFERROR(INDEX('Перечень должностей'!$D$2:$D$46,MATCH(H56,'Перечень должностей'!$A$2:$A$46,0)),12) -> 12 | M56: =IF(K56="","",EDATE(IF(L56<>"",L56,K56),J56)) | N56: =IFERROR(INDEX('Перечень должностей'!$F$2:$F$46,MATCH(H56,'Перечень должностей'!$A$2:$A$46,0)),"") -> Проверить | P56: =IF(O56="","",EDATE(O56,60)) | Q56: =IF(AND(K56<>"",F56<>"",K56>F56),"ДА","") | R56: Смена подразделения: «Производственное подразделение №6» → «Участок РЭО В»
A57: 56 | B57: Воронеж | C57: Тимофеев Владимир Николаевич | D57: Электромонтажник 4 разряда | E57: Участок РЭО В | F57: 45813 | G57: =IF(TRIM(SUBSTITUTE(SUBSTITUTE(SUBSTITUTE(SUBSTITUTE(SUBSTITUTE(SUBSTITUTE(SUBSTITUTE(SUBSTITUTE(SUBSTITUTE(SUBSTITUTE(SUBSTITUTE(LOWER(TRIM(D57)),"ё","е")," -","-"),"- ","-")," 2 разряда","")," 3 разряда","")," 4 разряда","")," 5 разряда","")," 6 разряда","")," 1 категории","")," 2 категории","")," 3 категории",""))="инженер",IF(AND(ISNUMBER(SEARCH("техническ",E57)),ISNUMBER(SEARCH("контрол",E57))),"инженер отк",IF(ISNUMBER(SEARCH("диспетч",E57)),"инженер пдо",TRIM(SUBSTITUTE(SUBSTITUTE(SUBSTITUTE(SUBSTITUTE(SUBSTITUTE(SUBSTITUTE(SUBSTITUTE(SUBSTITUTE(SUBSTITUTE(SUBSTITUTE(SUBSTITUTE(LOWER(TRIM(D57)),"ё","е")," -","-"),"- ","-")," 2 разряда","")," 3 разряда","")," 4 разряда","")," 5 разряда","")," 6 разряда","")," 1 категории","")," 2 категории","")," 3 категории","")))),IF(TRIM(SUBSTITUTE(SUBSTITUTE(SUBSTITUTE(SUBSTITUTE(SUBSTITUTE(SUBSTITUTE(SUBSTITUTE(SUBSTITUTE(SUBSTITUTE(SUBSTITUTE(SUBSTITUTE(LOWER(TRIM(D57)),"ё","е")," -","-"),"- ","-")," 2 разряда","")," 3 разряда","")," 4 разряда","")," 5 разряда","")," 6 разряда","")," 1 категории","")," 2 категории","")," 3 категории",""))="ведущий инженер",IF(ISNUMBER(SEARCH("диспетч",E57)),"ведущий инженер пдо",TRIM(SUBSTITUTE(SUBSTITUTE(SUBSTITUTE(SUBSTITUTE(SUBSTITUTE(SUBSTITUTE(SUBSTITUTE(SUBSTITUTE(SUBSTITUTE(SUBSTITUTE(SUBSTITUTE(LOWER(TRIM(D57)),"ё","е")," -","-"),"- ","-")," 2 разряда","")," 3 разряда","")," 4 разряда","")," 5 разряда","")," 6 разряда","")," 1 категории","")," 2 категории","")," 3 категории",""))),IF(TRIM(SUBSTITUTE(SUBSTITUTE(SUBSTITUTE(SUBSTITUTE(SUBSTITUTE(SUBSTITUTE(SUBSTITUTE(SUBSTITUTE(SUBSTITUTE(SUBSTITUTE(SUBSTITUTE(LOWER(TRIM(D57)),"ё","е")," -","-"),"- ","-")," 2 разряда","")," 3 разряда","")," 4 разряда","")," 5 разряда","")," 6 разряда","")," 1 категории","")," 2 категории","")," 3 категории",""))="контролер","контролер отк",TRIM(SUBSTITUTE(SUBSTITUTE(SUBSTITUTE(SUBSTITUTE(SUBSTITUTE(SUBSTITUTE(SUBSTITUTE(SUBSTITUTE(SUBSTITUTE(SUBSTITUTE(SUBSTITUTE(LOWER(TRIM(D57)),"ё","е")," -","-"),"- ","-")," 2 разряда","")," 3 разряда","")," 4 разряда","")," 5 разряда","")," 6 разряда","")," 1 категории","")," 2 категории","")," 3 категории",""))))) -> электромонтажник | H57: =IFERROR(INDEX(Соответствие!$B$2:$B$76,MATCH(G57,Соответствие!$A$2:$A$76,0)),"?") -> 20 | I57: =IFERROR(INDEX('Перечень должностей'!$C$2:$C$46,MATCH(H57,'Перечень должностей'!$A$2:$A$46,0)),"") -> п.4.3.1, п.4.3.2, п.4.4, п.4.9, п.5.1, п.5.2, п.6.2, п.9 | J57: =IFERROR(INDEX('Перечень должностей'!$D$2:$D$46,MATCH(H57,'Перечень должностей'!$A$2:$A$46,0)),12) -> 12 | K57: 45810 | M57: =IF(K57="","",EDATE(IF(L57<>"",L57,K57),J57)) -> 46175 | N57: =IFERROR(INDEX('Перечень должностей'!$F$2:$F$46,MATCH(H57,'Перечень должностей'!$A$2:$A$46,0)),"") -> Проверить | P57: =IF(O57="","",EDATE(O57,60)) | Q57: =IF(AND(K57<>"",F57<>"",K57>F57),"ДА","") | R57: Смена подразделения: «Производственное подразделение №6» → «Участок РЭО В»
A58: 57 | B58: Воронеж | C58: Труфанов Павел Игоревич | D58: Электромонтажник 4 разряда | E58: Участок РЭО В | F58: 45789 | G58: =IF(TRIM(SUBSTITUTE(SUBSTITUTE(SUBSTITUTE(SUBSTITUTE(SUBSTITUTE(SUBSTITUTE(SUBSTITUTE(SUBSTITUTE(SUBSTITUTE(SUBSTITUTE(SUBSTITUTE(LOWER(TRIM(D58)),"ё","е")," -","-"),"- ","-")," 2 разряда","")," 3 разряда","")," 4 разряда","")," 5 разряда","")," 6 разряда","")," 1 категории","")," 2 категории","")," 3 категории",""))="инженер",IF(AND(ISNUMBER(SEARCH("техническ",E58)),ISNUMBER(SEARCH("контрол",E58))),"инженер отк",IF(ISNUMBER(SEARCH("диспетч",E58)),"инженер пдо",TRIM(SUBSTITUTE(SUBSTITUTE(SUBSTITUTE(SUBSTITUTE(SUBSTITUTE(SUBSTITUTE(SUBSTITUTE(SUBSTITUTE(SUBSTITUTE(SUBSTITUTE(SUBSTITUTE(LOWER(TRIM(D58)),"ё","е")," -","-"),"- ","-")," 2 разряда","")," 3 разряда","")," 4 разряда","")," 5 разряда","")," 6 разряда","")," 1 категории","")," 2 категории","")," 3 категории","")))),IF(TRIM(SUBSTITUTE(SUBSTITUTE(SUBSTITUTE(SUBSTITUTE(SUBSTITUTE(SUBSTITUTE(SUBSTITUTE(SUBSTITUTE(SUBSTITUTE(SUBSTITUTE(SUBSTITUTE(LOWER(TRIM(D58)),"ё","е")," -","-"),"- ","-")," 2 разряда","")," 3 разряда","")," 4 разряда","")," 5 разряда","")," 6 разряда","")," 1 категории","")," 2 категории","")," 3 категории",""))="ведущий инженер",IF(ISNUMBER(SEARCH("диспетч",E58)),"ведущий инженер пдо",TRIM(SUBSTITUTE(SUBSTITUTE(SUBSTITUTE(SUBSTITUTE(SUBSTITUTE(SUBSTITUTE(SUBSTITUTE(SUBSTITUTE(SUBSTITUTE(SUBSTITUTE(SUBSTITUTE(LOWER(TRIM(D58)),"ё","е")," -","-"),"- ","-")," 2 разряда","")," 3 разряда","")," 4 разряда","")," 5 разряда","")," 6 разряда","")," 1 категории","")," 2 категории","")," 3 категории",""))),IF(TRIM(SUBSTITUTE(SUBSTITUTE(SUBSTITUTE(SUBSTITUTE(SUBSTITUTE(SUBSTITUTE(SUBSTITUTE(SUBSTITUTE(SUBSTITUTE(SUBSTITUTE(SUBSTITUTE(LOWER(TRIM(D58)),"ё","е")," -","-"),"- ","-")," 2 разряда","")," 3 разряда","")," 4 разряда","")," 5 разряда","")," 6 разряда","")," 1 категории","")," 2 категории","")," 3 категории",""))="контролер","контролер отк",TRIM(SUBSTITUTE(SUBSTITUTE(SUBSTITUTE(SUBSTITUTE(SUBSTITUTE(SUBSTITUTE(SUBSTITUTE(SUBSTITUTE(SUBSTITUTE(SUBSTITUTE(SUBSTITUTE(LOWER(TRIM(D58)),"ё","е")," -","-"),"- ","-")," 2 разряда","")," 3 разряда","")," 4 разряда","")," 5 разряда","")," 6 разряда","")," 1 категории","")," 2 категории","")," 3 категории",""))))) -> электромонтажник | H58: =IFERROR(INDEX(Соответствие!$B$2:$B$76,MATCH(G58,Соответствие!$A$2:$A$76,0)),"?") -> 20 | I58: =IFERROR(INDEX('Перечень должностей'!$C$2:$C$46,MATCH(H58,'Перечень должностей'!$A$2:$A$46,0)),"") -> п.4.3.1, п.4.3.2, п.4.4, п.4.9, п.5.1, п.5.2, п.6.2, п.9 | J58: =IFERROR(INDEX('Перечень должностей'!$D$2:$D$46,MATCH(H58,'Перечень должностей'!$A$2:$A$46,0)),12) -> 12 | M58: =IF(K58="","",EDATE(IF(L58<>"",L58,K58),J58)) | N58: =IFERROR(INDEX('Перечень должностей'!$F$2:$F$46,MATCH(H58,'Перечень должностей'!$A$2:$A$46,0)),"") -> Проверить | P58: =IF(O58="","",EDATE(O58,60)) | Q58: =IF(AND(K58<>"",F58<>"",K58>F58),"ДА","") | R58: Смена подразделения: «Производственное подразделение №6» → «Участок РЭО В»
A59: 58 | B59: Воронеж | C59: Ячмень Евгений Григорьевич | D59: Электромонтажник 4 разряда | E59: Участок РЭО В | F59: 45769 | G59: =IF(TRIM(SUBSTITUTE(SUBSTITUTE(SUBSTITUTE(SUBSTITUTE(SUBSTITUTE(SUBSTITUTE(SUBSTITUTE(SUBSTITUTE(SUBSTITUTE(SUBSTITUTE(SUBSTITUTE(LOWER(TRIM(D59)),"ё","е")," -","-"),"- ","-")," 2 разряда","")," 3 разряда","")," 4 разряда","")," 5 разряда","")," 6 разряда","")," 1 категории","")," 2 категории","")," 3 категории",""))="инженер",IF(AND(ISNUMBER(SEARCH("техническ",E59)),ISNUMBER(SEARCH("контрол",E59))),"инженер отк",IF(ISNUMBER(SEARCH("диспетч",E59)),"инженер пдо",TRIM(SUBSTITUTE(SUBSTITUTE(SUBSTITUTE(SUBSTITUTE(SUBSTITUTE(SUBSTITUTE(SUBSTITUTE(SUBSTITUTE(SUBSTITUTE(SUBSTITUTE(SUBSTITUTE(LOWER(TRIM(D59)),"ё","е")," -","-"),"- ","-")," 2 разряда","")," 3 разряда","")," 4 разряда","")," 5 разряда","")," 6 разряда","")," 1 категории","")," 2 категории","")," 3 категории","")))),IF(TRIM(SUBSTITUTE(SUBSTITUTE(SUBSTITUTE(SUBSTITUTE(SUBSTITUTE(SUBSTITUTE(SUBSTITUTE(SUBSTITUTE(SUBSTITUTE(SUBSTITUTE(SUBSTITUTE(LOWER(TRIM(D59)),"ё","е")," -","-"),"- ","-")," 2 разряда","")," 3 разряда","")," 4 разряда","")," 5 разряда","")," 6 разряда","")," 1 категории","")," 2 категории","")," 3 категории",""))="ведущий инженер",IF(ISNUMBER(SEARCH("диспетч",E59)),"ведущий инженер пдо",TRIM(SUBSTITUTE(SUBSTITUTE(SUBSTITUTE(SUBSTITUTE(SUBSTITUTE(SUBSTITUTE(SUBSTITUTE(SUBSTITUTE(SUBSTITUTE(SUBSTITUTE(SUBSTITUTE(LOWER(TRIM(D59)),"ё","е")," -","-"),"- ","-")," 2 разряда","")," 3 разряда","")," 4 разряда","")," 5 разряда","")," 6 разряда","")," 1 категории","")," 2 категории","")," 3 категории",""))),IF(TRIM(SUBSTITUTE(SUBSTITUTE(SUBSTITUTE(SUBSTITUTE(SUBSTITUTE(SUBSTITUTE(SUBSTITUTE(SUBSTITUTE(SUBSTITUTE(SUBSTITUTE(SUBSTITUTE(LOWER(TRIM(D59)),"ё","е")," -","-"),"- ","-")," 2 разряда","")," 3 разряда","")," 4 разряда","")," 5 разряда","")," 6 разряда","")," 1 категории","")," 2 категории","")," 3 категории",""))="контролер","контролер отк",TRIM(SUBSTITUTE(SUBSTITUTE(SUBSTITUTE(SUBSTITUTE(SUBSTITUTE(SUBSTITUTE(SUBSTITUTE(SUBSTITUTE(SUBSTITUTE(SUBSTITUTE(SUBSTITUTE(LOWER(TRIM(D59)),"ё","е")," -","-"),"- ","-")," 2 разряда","")," 3 разряда","")," 4 разряда","")," 5 разряда","")," 6 разряда","")," 1 категории","")," 2 категории","")," 3 категории",""))))) -> электромонтажник | H59: =IFERROR(INDEX(Соответствие!$B$2:$B$76,MATCH(G59,Соответствие!$A$2:$A$76,0)),"?") -> 20 | I59: =IFERROR(INDEX('Перечень должностей'!$C$2:$C$46,MATCH(H59,'Перечень должностей'!$A$2:$A$46,0)),"") -> п.4.3.1, п.4.3.2, п.4.4, п.4.9, п.5.1, п.5.2, п.6.2, п.9 | J59: =IFERROR(INDEX('Перечень должностей'!$D$2:$D$46,MATCH(H59,'Перечень должностей'!$A$2:$A$46,0)),12) -> 12 | M59: =IF(K59="","",EDATE(IF(L59<>"",L59,K59),J59)) | N59: =IFERROR(INDEX('Перечень должностей'!$F$2:$F$46,MATCH(H59,'Перечень должностей'!$A$2:$A$46,0)),"") -> Проверить | P59: =IF(O59="","",EDATE(O59,60)) | Q59: =IF(AND(K59<>"",F59<>"",K59>F59),"ДА","") | R59: Смена подразделения: «Производственное подразделение №6» → «Участок РЭО В»
A60: 59 | B60: Воронеж | C60: Воробьев Николай Александрович | D60: Электромонтажник 5 разряда | E60: Участок РЭО В | F60: 45797 | G60: =IF(TRIM(SUBSTITUTE(SUBSTITUTE(SUBSTITUTE(SUBSTITUTE(SUBSTITUTE(SUBSTITUTE(SUBSTITUTE(SUBSTITUTE(SUBSTITUTE(SUBSTITUTE(SUBSTITUTE(LOWER(TRIM(D60)),"ё","е")," -","-"),"- ","-")," 2 разряда","")," 3 разряда","")," 4 разряда","")," 5 разряда","")," 6 разряда","")," 1 категории","")," 2 категории","")," 3 категории",""))="инженер",IF(AND(ISNUMBER(SEARCH("техническ",E60)),ISNUMBER(SEARCH("контрол",E60))),"инженер отк",IF(ISNUMBER(SEARCH("диспетч",E60)),"инженер пдо",TRIM(SUBSTITUTE(SUBSTITUTE(SUBSTITUTE(SUBSTITUTE(SUBSTITUTE(SUBSTITUTE(SUBSTITUTE(SUBSTITUTE(SUBSTITUTE(SUBSTITUTE(SUBSTITUTE(LOWER(TRIM(D60)),"ё","е")," -","-"),"- ","-")," 2 разряда","")," 3 разряда","")," 4 разряда","")," 5 разряда","")," 6 разряда","")," 1 категории","")," 2 категории","")," 3 категории","")))),IF(TRIM(SUBSTITUTE(SUBSTITUTE(SUBSTITUTE(SUBSTITUTE(SUBSTITUTE(SUBSTITUTE(SUBSTITUTE(SUBSTITUTE(SUBSTITUTE(SUBSTITUTE(SUBSTITUTE(LOWER(TRIM(D60)),"ё","е")," -","-"),"- ","-")," 2 разряда","")," 3 разряда","")," 4 разряда","")," 5 разряда","")," 6 разряда","")," 1 категории","")," 2 категории","")," 3 категории",""))="ведущий инженер",IF(ISNUMBER(SEARCH("диспетч",E60)),"ведущий инженер пдо",TRIM(SUBSTITUTE(SUBSTITUTE(SUBSTITUTE(SUBSTITUTE(SUBSTITUTE(SUBSTITUTE(SUBSTITUTE(SUBSTITUTE(SUBSTITUTE(SUBSTITUTE(SUBSTITUTE(LOWER(TRIM(D60)),"ё","е")," -","-"),"- ","-")," 2 разряда","")," 3 разряда","")," 4 разряда","")," 5 разряда","")," 6 разряда","")," 1 категории","")," 2 категории","")," 3 категории",""))),IF(TRIM(SUBSTITUTE(SUBSTITUTE(SUBSTITUTE(SUBSTITUTE(SUBSTITUTE(SUBSTITUTE(SUBSTITUTE(SUBSTITUTE(SUBSTITUTE(SUBSTITUTE(SUBSTITUTE(LOWER(TRIM(D60)),"ё","е")," -","-"),"- ","-")," 2 разряда","")," 3 разряда","")," 4 разряда","")," 5 разряда","")," 6 разряда","")," 1 категории","")," 2 категории","")," 3 категории",""))="контролер","контролер отк",TRIM(SUBSTITUTE(SUBSTITUTE(SUBSTITUTE(SUBSTITUTE(SUBSTITUTE(SUBSTITUTE(SUBSTITUTE(SUBSTITUTE(SUBSTITUTE(SUBSTITUTE(SUBSTITUTE(LOWER(TRIM(D60)),"ё","е")," -","-"),"- ","-")," 2 разряда","")," 3 разряда","")," 4 разряда","")," 5 разряда","")," 6 разряда","")," 1 категории","")," 2 категории","")," 3 категории",""))))) -> электромонтажник | H60: =IFERROR(INDEX(Соответствие!$B$2:$B$76,MATCH(G60,Соответствие!$A$2:$A$76,0)),"?") -> 20 | I60: =IFERROR(INDEX('Перечень должностей'!$C$2:$C$46,MATCH(H60,'Перечень должностей'!$A$2:$A$46,0)),"") -> п.4.3.1, п.4.3.2, п.4.4, п.4.9, п.5.1, п.5.2, п.6.2, п.9 | J60: =IFERROR(INDEX('Перечень должностей'!$D$2:$D$46,MATCH(H60,'Перечень должностей'!$A$2:$A$46,0)),12) -> 12 | K60: 45768 | M60: =IF(K60="","",EDATE(IF(L60<>"",L60,K60),J60)) -> 46133 | N60: =IFERROR(INDEX('Перечень должностей'!$F$2:$F$46,MATCH(H60,'Перечень должностей'!$A$2:$A$46,0)),"") -> Проверить | P60: =IF(O60="","",EDATE(O60,60)) | Q60: =IF(AND(K60<>"",F60<>"",K60>F60),"ДА","") | R60: Смена подразделения: «Производственное подразделение №6» → «Участок РЭО В»
A61: 60 | B61: Воронеж | C61: Зеленов Михаил Валерьевич | D61: Электромонтажник 5 разряда | E61: Производственное подразделение №6 (В н/д) | F61: 44124 | G61: =IF(TRIM(SUBSTITUTE(SUBSTITUTE(SUBSTITUTE(SUBSTITUTE(SUBSTITUTE(SUBSTITUTE(SUBSTITUTE(SUBSTITUTE(SUBSTITUTE(SUBSTITUTE(SUBSTITUTE(LOWER(TRIM(D61)),"ё","е")," -","-"),"- ","-")," 2 разряда","")," 3 разряда","")," 4 разряда","")," 5 разряда","")," 6 разряда","")," 1 категории","")," 2 категории","")," 3 категории",""))="инженер",IF(AND(ISNUMBER(SEARCH("техническ",E61)),ISNUMBER(SEARCH("контрол",E61))),"инженер отк",IF(ISNUMBER(SEARCH("диспетч",E61)),"инженер пдо",TRIM(SUBSTITUTE(SUBSTITUTE(SUBSTITUTE(SUBSTITUTE(SUBSTITUTE(SUBSTITUTE(SUBSTITUTE(SUBSTITUTE(SUBSTITUTE(SUBSTITUTE(SUBSTITUTE(LOWER(TRIM(D61)),"ё","е")," -","-"),"- ","-")," 2 разряда","")," 3 разряда","")," 4 разряда","")," 5 разряда","")," 6 разряда","")," 1 категории","")," 2 категории","")," 3 категории","")))),IF(TRIM(SUBSTITUTE(SUBSTITUTE(SUBSTITUTE(SUBSTITUTE(SUBSTITUTE(SUBSTITUTE(SUBSTITUTE(SUBSTITUTE(SUBSTITUTE(SUBSTITUTE(SUBSTITUTE(LOWER(TRIM(D61)),"ё","е")," -","-"),"- ","-")," 2 разряда","")," 3 разряда","")," 4 разряда","")," 5 разряда","")," 6 разряда","")," 1 категории","")," 2 категории","")," 3 категории",""))="ведущий инженер",IF(ISNUMBER(SEARCH("диспетч",E61)),"ведущий инженер пдо",TRIM(SUBSTITUTE(SUBSTITUTE(SUBSTITUTE(SUBSTITUTE(SUBSTITUTE(SUBSTITUTE(SUBSTITUTE(SUBSTITUTE(SUBSTITUTE(SUBSTITUTE(SUBSTITUTE(LOWER(TRIM(D61)),"ё","е")," -","-"),"- ","-")," 2 разряда","")," 3 разряда","")," 4 разряда","")," 5 разряда","")," 6 разряда","")," 1 категории","")," 2 категории","")," 3 категории",""))),IF(TRIM(SUBSTITUTE(SUBSTITUTE(SUBSTITUTE(SUBSTITUTE(SUBSTITUTE(SUBSTITUTE(SUBSTITUTE(SUBSTITUTE(SUBSTITUTE(SUBSTITUTE(SUBSTITUTE(LOWER(TRIM(D61)),"ё","е")," -","-"),"- ","-")," 2 разряда","")," 3 разряда","")," 4 разряда","")," 5 разряда","")," 6 разряда","")," 1 категории","")," 2 категории","")," 3 категории",""))="контролер","контролер отк",TRIM(SUBSTITUTE(SUBSTITUTE(SUBSTITUTE(SUBSTITUTE(SUBSTITUTE(SUBSTITUTE(SUBSTITUTE(SUBSTITUTE(SUBSTITUTE(SUBSTITUTE(SUBSTITUTE(LOWER(TRIM(D61)),"ё","е")," -","-"),"- ","-")," 2 разряда","")," 3 разряда","")," 4 разряда","")," 5 разряда","")," 6 разряда","")," 1 категории","")," 2 категории","")," 3 категории",""))))) -> электромонтажник | H61: =IFERROR(INDEX(Соответствие!$B$2:$B$76,MATCH(G61,Соответствие!$A$2:$A$76,0)),"?") -> 20 | I61: =IFERROR(INDEX('Перечень должностей'!$C$2:$C$46,MATCH(H61,'Перечень должностей'!$A$2:$A$46,0)),"") -> п.4.3.1, п.4.3.2, п.4.4, п.4.9, п.5.1, п.5.2, п.6.2, п.9 | J61: =IFERROR(INDEX('Перечень должностей'!$D$2:$D$46,MATCH(H61,'Перечень должностей'!$A$2:$A$46,0)),12) -> 12 | K61: 44662 | M61: =IF(K61="","",EDATE(IF(L61<>"",L61,K61),J61)) -> 45027 | N61: =IFERROR(INDEX('Перечень должностей'!$F$2:$F$46,MATCH(H61,'Перечень должностей'!$A$2:$A$46,0)),"") -> Проверить | P61: =IF(O61="","",EDATE(O61,60)) | Q61: =IF(AND(K61<>"",F61<>"",K61>F61),"ДА","") -> ДА
A62: 61 | B62: Воронеж | C62: Золотарев Сергей Константинович | D62: Электромонтажник 5 разряда | E62: Участок РЭО В | F62: 45793 | G62: =IF(TRIM(SUBSTITUTE(SUBSTITUTE(SUBSTITUTE(SUBSTITUTE(SUBSTITUTE(SUBSTITUTE(SUBSTITUTE(SUBSTITUTE(SUBSTITUTE(SUBSTITUTE(SUBSTITUTE(LOWER(TRIM(D62)),"ё","е")," -","-"),"- ","-")," 2 разряда","")," 3 разряда","")," 4 разряда","")," 5 разряда","")," 6 разряда","")," 1 категории","")," 2 категории","")," 3 категории",""))="инженер",IF(AND(ISNUMBER(SEARCH("техническ",E62)),ISNUMBER(SEARCH("контрол",E62))),"инженер отк",IF(ISNUMBER(SEARCH("диспетч",E62)),"инженер пдо",TRIM(SUBSTITUTE(SUBSTITUTE(SUBSTITUTE(SUBSTITUTE(SUBSTITUTE(SUBSTITUTE(SUBSTITUTE(SUBSTITUTE(SUBSTITUTE(SUBSTITUTE(SUBSTITUTE(LOWER(TRIM(D62)),"ё","е")," -","-"),"- ","-")," 2 разряда","")," 3 разряда","")," 4 разряда","")," 5 разряда","")," 6 разряда","")," 1 категории","")," 2 категории","")," 3 категории","")))),IF(TRIM(SUBSTITUTE(SUBSTITUTE(SUBSTITUTE(SUBSTITUTE(SUBSTITUTE(SUBSTITUTE(SUBSTITUTE(SUBSTITUTE(SUBSTITUTE(SUBSTITUTE(SUBSTITUTE(LOWER(TRIM(D62)),"ё","е")," -","-"),"- ","-")," 2 разряда","")," 3 разряда","")," 4 разряда","")," 5 разряда","")," 6 разряда","")," 1 категории","")," 2 категории","")," 3 категории",""))="ведущий инженер",IF(ISNUMBER(SEARCH("диспетч",E62)),"ведущий инженер пдо",TRIM(SUBSTITUTE(SUBSTITUTE(SUBSTITUTE(SUBSTITUTE(SUBSTITUTE(SUBSTITUTE(SUBSTITUTE(SUBSTITUTE(SUBSTITUTE(SUBSTITUTE(SUBSTITUTE(LOWER(TRIM(D62)),"ё","е")," -","-"),"- ","-")," 2 разряда","")," 3 разряда","")," 4 разряда","")," 5 разряда","")," 6 разряда","")," 1 категории","")," 2 категории","")," 3 категории",""))),IF(TRIM(SUBSTITUTE(SUBSTITUTE(SUBSTITUTE(SUBSTITUTE(SUBSTITUTE(SUBSTITUTE(SUBSTITUTE(SUBSTITUTE(SUBSTITUTE(SUBSTITUTE(SUBSTITUTE(LOWER(TRIM(D62)),"ё","е")," -","-"),"- ","-")," 2 разряда","")," 3 разряда","")," 4 разряда","")," 5 разряда","")," 6 разряда","")," 1 категории","")," 2 категории","")," 3 категории",""))="контролер","контролер отк",TRIM(SUBSTITUTE(SUBSTITUTE(SUBSTITUTE(SUBSTITUTE(SUBSTITUTE(SUBSTITUTE(SUBSTITUTE(SUBSTITUTE(SUBSTITUTE(SUBSTITUTE(SUBSTITUTE(LOWER(TRIM(D62)),"ё","е")," -","-"),"- ","-")," 2 разряда","")," 3 разряда","")," 4 разряда","")," 5 разряда","")," 6 разряда","")," 1 категории","")," 2 категории","")," 3 категории",""))))) -> электромонтажник | H62: =IFERROR(INDEX(Соответствие!$B$2:$B$76,MATCH(G62,Соответствие!$A$2:$A$76,0)),"?") -> 20 | I62: =IFERROR(INDEX('Перечень должностей'!$C$2:$C$46,MATCH(H62,'Перечень должностей'!$A$2:$A$46,0)),"") -> п.4.3.1, п.4.3.2, п.4.4, п.4.9, п.5.1, п.5.2, п.6.2, п.9 | J62: =IFERROR(INDEX('Перечень должностей'!$D$2:$D$46,MATCH(H62,'Перечень должностей'!$A$2:$A$46,0)),12) -> 12 | K62: 45791 | M62: =IF(K62="","",EDATE(IF(L62<>"",L62,K62),J62)) -> 46156 | N62: =IFERROR(INDEX('Перечень должностей'!$F$2:$F$46,MATCH(H62,'Перечень должностей'!$A$2:$A$46,0)),"") -> Проверить | P62: =IF(O62="","",EDATE(O62,60)) | Q62: =IF(AND(K62<>"",F62<>"",K62>F62),"ДА","") | R62: Смена подразделения: «Производственное подразделение №6» → «Участок РЭО В»
A63: 62 | B63: Воронеж | C63: Ковалёв Алексей Александрович | D63: Электромонтажник 5 разряда | E63: Участок РЭО В | F63: 44322 | G63: =IF(TRIM(SUBSTITUTE(SUBSTITUTE(SUBSTITUTE(SUBSTITUTE(SUBSTITUTE(SUBSTITUTE(SUBSTITUTE(SUBSTITUTE(SUBSTITUTE(SUBSTITUTE(SUBSTITUTE(LOWER(TRIM(D63)),"ё","е")," -","-"),"- ","-")," 2 разряда","")," 3 разряда","")," 4 разряда","")," 5 разряда","")," 6 разряда","")," 1 категории","")," 2 категории","")," 3 категории",""))="инженер",IF(AND(ISNUMBER(SEARCH("техническ",E63)),ISNUMBER(SEARCH("контрол",E63))),"инженер отк",IF(ISNUMBER(SEARCH("диспетч",E63)),"инженер пдо",TRIM(SUBSTITUTE(SUBSTITUTE(SUBSTITUTE(SUBSTITUTE(SUBSTITUTE(SUBSTITUTE(SUBSTITUTE(SUBSTITUTE(SUBSTITUTE(SUBSTITUTE(SUBSTITUTE(LOWER(TRIM(D63)),"ё","е")," -","-"),"- ","-")," 2 разряда","")," 3 разряда","")," 4 разряда","")," 5 разряда","")," 6 разряда","")," 1 категории","")," 2 категории","")," 3 категории","")))),IF(TRIM(SUBSTITUTE(SUBSTITUTE(SUBSTITUTE(SUBSTITUTE(SUBSTITUTE(SUBSTITUTE(SUBSTITUTE(SUBSTITUTE(SUBSTITUTE(SUBSTITUTE(SUBSTITUTE(LOWER(TRIM(D63)),"ё","е")," -","-"),"- ","-")," 2 разряда","")," 3 разряда","")," 4 разряда","")," 5 разряда","")," 6 разряда","")," 1 категории","")," 2 категории","")," 3 категории",""))="ведущий инженер",IF(ISNUMBER(SEARCH("диспетч",E63)),"ведущий инженер пдо",TRIM(SUBSTITUTE(SUBSTITUTE(SUBSTITUTE(SUBSTITUTE(SUBSTITUTE(SUBSTITUTE(SUBSTITUTE(SUBSTITUTE(SUBSTITUTE(SUBSTITUTE(SUBSTITUTE(LOWER(TRIM(D63)),"ё","е")," -","-"),"- ","-")," 2 разряда","")," 3 разряда","")," 4 разряда","")," 5 разряда","")," 6 разряда","")," 1 категории","")," 2 категории","")," 3 категории",""))),IF(TRIM(SUBSTITUTE(SUBSTITUTE(SUBSTITUTE(SUBSTITUTE(SUBSTITUTE(SUBSTITUTE(SUBSTITUTE(SUBSTITUTE(SUBSTITUTE(SUBSTITUTE(SUBSTITUTE(LOWER(TRIM(D63)),"ё","е")," -","-"),"- ","-")," 2 разряда","")," 3 разряда","")," 4 разряда","")," 5 разряда","")," 6 разряда","")," 1 категории","")," 2 категории","")," 3 категории",""))="контролер","контролер отк",TRIM(SUBSTITUTE(SUBSTITUTE(SUBSTITUTE(SUBSTITUTE(SUBSTITUTE(SUBSTITUTE(SUBSTITUTE(SUBSTITUTE(SUBSTITUTE(SUBSTITUTE(SUBSTITUTE(LOWER(TRIM(D63)),"ё","е")," -","-"),"- ","-")," 2 разряда","")," 3 разряда","")," 4 разряда","")," 5 разряда","")," 6 разряда","")," 1 категории","")," 2 категории","")," 3 категории",""))))) -> электромонтажник | H63: =IFERROR(INDEX(Соответствие!$B$2:$B$76,MATCH(G63,Соответствие!$A$2:$A$76,0)),"?") -> 20 | I63: =IFERROR(INDEX('Перечень должностей'!$C$2:$C$46,MATCH(H63,'Перечень должностей'!$A$2:$A$46,0)),"") -> п.4.3.1, п.4.3.2, п.4.4, п.4.9, п.5.1, п.5.2, п.6.2, п.9 | J63: =IFERROR(INDEX('Перечень должностей'!$D$2:$D$46,MATCH(H63,'Перечень должностей'!$A$2:$A$46,0)),12) -> 12 | K63: 44662 | M63: =IF(K63="","",EDATE(IF(L63<>"",L63,K63),J63)) -> 45027 | N63: =IFERROR(INDEX('Перечень должностей'!$F$2:$F$46,MATCH(H63,'Перечень должностей'!$A$2:$A$46,0)),"") -> Проверить | P63: =IF(O63="","",EDATE(O63,60)) | Q63: =IF(AND(K63<>"",F63<>"",K63>F63),"ДА","") -> ДА | R63: Смена подразделения: «Производственное подразделение №6» → «Участок РЭО В»
A64: 63 | B64: Воронеж | C64: Силуянов Виктор Ильич | D64: Электромонтажник 5 разряда | E64: Участок РЭО В | F64: 45810 | G64: =IF(TRIM(SUBSTITUTE(SUBSTITUTE(SUBSTITUTE(SUBSTITUTE(SUBSTITUTE(SUBSTITUTE(SUBSTITUTE(SUBSTITUTE(SUBSTITUTE(SUBSTITUTE(SUBSTITUTE(LOWER(TRIM(D64)),"ё","е")," -","-"),"- ","-")," 2 разряда","")," 3 разряда","")," 4 разряда","")," 5 разряда","")," 6 разряда","")," 1 категории","")," 2 категории","")," 3 категории",""))="инженер",IF(AND(ISNUMBER(SEARCH("техническ",E64)),ISNUMBER(SEARCH("контрол",E64))),"инженер отк",IF(ISNUMBER(SEARCH("диспетч",E64)),"инженер пдо",TRIM(SUBSTITUTE(SUBSTITUTE(SUBSTITUTE(SUBSTITUTE(SUBSTITUTE(SUBSTITUTE(SUBSTITUTE(SUBSTITUTE(SUBSTITUTE(SUBSTITUTE(SUBSTITUTE(LOWER(TRIM(D64)),"ё","е")," -","-"),"- ","-")," 2 разряда","")," 3 разряда","")," 4 разряда","")," 5 разряда","")," 6 разряда","")," 1 категории","")," 2 категории","")," 3 категории","")))),IF(TRIM(SUBSTITUTE(SUBSTITUTE(SUBSTITUTE(SUBSTITUTE(SUBSTITUTE(SUBSTITUTE(SUBSTITUTE(SUBSTITUTE(SUBSTITUTE(SUBSTITUTE(SUBSTITUTE(LOWER(TRIM(D64)),"ё","е")," -","-"),"- ","-")," 2 разряда","")," 3 разряда","")," 4 разряда","")," 5 разряда","")," 6 разряда","")," 1 категории","")," 2 категории","")," 3 категории",""))="ведущий инженер",IF(ISNUMBER(SEARCH("диспетч",E64)),"ведущий инженер пдо",TRIM(SUBSTITUTE(SUBSTITUTE(SUBSTITUTE(SUBSTITUTE(SUBSTITUTE(SUBSTITUTE(SUBSTITUTE(SUBSTITUTE(SUBSTITUTE(SUBSTITUTE(SUBSTITUTE(LOWER(TRIM(D64)),"ё","е")," -","-"),"- ","-")," 2 разряда","")," 3 разряда","")," 4 разряда","")," 5 разряда","")," 6 разряда","")," 1 категории","")," 2 категории","")," 3 категории",""))),IF(TRIM(SUBSTITUTE(SUBSTITUTE(SUBSTITUTE(SUBSTITUTE(SUBSTITUTE(SUBSTITUTE(SUBSTITUTE(SUBSTITUTE(SUBSTITUTE(SUBSTITUTE(SUBSTITUTE(LOWER(TRIM(D64)),"ё","е")," -","-"),"- ","-")," 2 разряда","")," 3 разряда","")," 4 разряда","")," 5 разряда","")," 6 разряда","")," 1 категории","")," 2 категории","")," 3 категории",""))="контролер","контролер отк",TRIM(SUBSTITUTE(SUBSTITUTE(SUBSTITUTE(SUBSTITUTE(SUBSTITUTE(SUBSTITUTE(SUBSTITUTE(SUBSTITUTE(SUBSTITUTE(SUBSTITUTE(SUBSTITUTE(LOWER(TRIM(D64)),"ё","е")," -","-"),"- ","-")," 2 разряда","")," 3 разряда","")," 4 разряда","")," 5 разряда","")," 6 разряда","")," 1 категории","")," 2 категории","")," 3 категории",""))))) -> электромонтажник | H64: =IFERROR(INDEX(Соответствие!$B$2:$B$76,MATCH(G64,Соответствие!$A$2:$A$76,0)),"?") -> 20 | I64: =IFERROR(INDEX('Перечень должностей'!$C$2:$C$46,MATCH(H64,'Перечень должностей'!$A$2:$A$46,0)),"") -> п.4.3.1, п.4.3.2, п.4.4, п.4.9, п.5.1, п.5.2, п.6.2, п.9 | J64: =IFERROR(INDEX('Перечень должностей'!$D$2:$D$46,MATCH(H64,'Перечень должностей'!$A$2:$A$46,0)),12) -> 12 | K64: 45805 | M64: =IF(K64="","",EDATE(IF(L64<>"",L64,K64),J64)) -> 46170 | N64: =IFERROR(INDEX('Перечень должностей'!$F$2:$F$46,MATCH(H64,'Перечень должностей'!$A$2:$A$46,0)),"") -> Проверить | P64: =IF(O64="","",EDATE(O64,60)) | Q64: =IF(AND(K64<>"",F64<>"",K64>F64),"ДА","") | R64: Смена подразделения: «Производственное подразделение №6» → «Участок РЭО В»
A65: 64 | B65: Воронеж | C65: Соболев Виталий Юрьевич | D65: Электромонтажник 5 разряда | E65: Участок РЭО В | F65: 45846 | G65: =IF(TRIM(SUBSTITUTE(SUBSTITUTE(SUBSTITUTE(SUBSTITUTE(SUBSTITUTE(SUBSTITUTE(SUBSTITUTE(SUBSTITUTE(SUBSTITUTE(SUBSTITUTE(SUBSTITUTE(LOWER(TRIM(D65)),"ё","е")," -","-"),"- ","-")," 2 разряда","")," 3 разряда","")," 4 разряда","")," 5 разряда","")," 6 разряда","")," 1 категории","")," 2 категории","")," 3 категории",""))="инженер",IF(AND(ISNUMBER(SEARCH("техническ",E65)),ISNUMBER(SEARCH("контрол",E65))),"инженер отк",IF(ISNUMBER(SEARCH("диспетч",E65)),"инженер пдо",TRIM(SUBSTITUTE(SUBSTITUTE(SUBSTITUTE(SUBSTITUTE(SUBSTITUTE(SUBSTITUTE(SUBSTITUTE(SUBSTITUTE(SUBSTITUTE(SUBSTITUTE(SUBSTITUTE(LOWER(TRIM(D65)),"ё","е")," -","-"),"- ","-")," 2 разряда","")," 3 разряда","")," 4 разряда","")," 5 разряда","")," 6 разряда","")," 1 категории","")," 2 категории","")," 3 категории","")))),IF(TRIM(SUBSTITUTE(SUBSTITUTE(SUBSTITUTE(SUBSTITUTE(SUBSTITUTE(SUBSTITUTE(SUBSTITUTE(SUBSTITUTE(SUBSTITUTE(SUBSTITUTE(SUBSTITUTE(LOWER(TRIM(D65)),"ё","е")," -","-"),"- ","-")," 2 разряда","")," 3 разряда","")," 4 разряда","")," 5 разряда","")," 6 разряда","")," 1 категории","")," 2 категории","")," 3 категории",""))="ведущий инженер",IF(ISNUMBER(SEARCH("диспетч",E65)),"ведущий инженер пдо",TRIM(SUBSTITUTE(SUBSTITUTE(SUBSTITUTE(SUBSTITUTE(SUBSTITUTE(SUBSTITUTE(SUBSTITUTE(SUBSTITUTE(SUBSTITUTE(SUBSTITUTE(SUBSTITUTE(LOWER(TRIM(D65)),"ё","е")," -","-"),"- ","-")," 2 разряда","")," 3 разряда","")," 4 разряда","")," 5 разряда","")," 6 разряда","")," 1 категории","")," 2 категории","")," 3 категории",""))),IF(TRIM(SUBSTITUTE(SUBSTITUTE(SUBSTITUTE(SUBSTITUTE(SUBSTITUTE(SUBSTITUTE(SUBSTITUTE(SUBSTITUTE(SUBSTITUTE(SUBSTITUTE(SUBSTITUTE(LOWER(TRIM(D65)),"ё","е")," -","-"),"- ","-")," 2 разряда","")," 3 разряда","")," 4 разряда","")," 5 разряда","")," 6 разряда","")," 1 категории","")," 2 категории","")," 3 категории",""))="контролер","контролер отк",TRIM(SUBSTITUTE(SUBSTITUTE(SUBSTITUTE(SUBSTITUTE(SUBSTITUTE(SUBSTITUTE(SUBSTITUTE(SUBSTITUTE(SUBSTITUTE(SUBSTITUTE(SUBSTITUTE(LOWER(TRIM(D65)),"ё","е")," -","-"),"- ","-")," 2 разряда","")," 3 разряда","")," 4 разряда","")," 5 разряда","")," 6 разряда","")," 1 категории","")," 2 категории","")," 3 категории",""))))) -> электромонтажник | H65: =IFERROR(INDEX(Соответствие!$B$2:$B$76,MATCH(G65,Соответствие!$A$2:$A$76,0)),"?") -> 20 | I65: =IFERROR(INDEX('Перечень должностей'!$C$2:$C$46,MATCH(H65,'Перечень должностей'!$A$2:$A$46,0)),"") -> п.4.3.1, п.4.3.2, п.4.4, п.4.9, п.5.1, п.5.2, п.6.2, п.9 | J65: =IFERROR(INDEX('Перечень должностей'!$D$2:$D$46,MATCH(H65,'Перечень должностей'!$A$2:$A$46,0)),12) -> 12 | M65: =IF(K65="","",EDATE(IF(L65<>"",L65,K65),J65)) | N65: =IFERROR(INDEX('Перечень должностей'!$F$2:$F$46,MATCH(H65,'Перечень должностей'!$A$2:$A$46,0)),"") -> Проверить | P65: =IF(O65="","",EDATE(O65,60)) | Q65: =IF(AND(K65<>"",F65<>"",K65>F65),"ДА","") | R65: Смена подразделения: «Производственное подразделение №6» → «Участок РЭО В»
A66: 65 | B66: Воронеж | C66: Солмин Александр Юрьевич | D66: Электромонтажник 5 разряда | E66: Участок РЭО В | F66: 44153 | G66: =IF(TRIM(SUBSTITUTE(SUBSTITUTE(SUBSTITUTE(SUBSTITUTE(SUBSTITUTE(SUBSTITUTE(SUBSTITUTE(SUBSTITUTE(SUBSTITUTE(SUBSTITUTE(SUBSTITUTE(LOWER(TRIM(D66)),"ё","е")," -","-"),"- ","-")," 2 разряда","")," 3 разряда","")," 4 разряда","")," 5 разряда","")," 6 разряда","")," 1 категории","")," 2 категории","")," 3 категории",""))="инженер",IF(AND(ISNUMBER(SEARCH("техническ",E66)),ISNUMBER(SEARCH("контрол",E66))),"инженер отк",IF(ISNUMBER(SEARCH("диспетч",E66)),"инженер пдо",TRIM(SUBSTITUTE(SUBSTITUTE(SUBSTITUTE(SUBSTITUTE(SUBSTITUTE(SUBSTITUTE(SUBSTITUTE(SUBSTITUTE(SUBSTITUTE(SUBSTITUTE(SUBSTITUTE(LOWER(TRIM(D66)),"ё","е")," -","-"),"- ","-")," 2 разряда","")," 3 разряда","")," 4 разряда","")," 5 разряда","")," 6 разряда","")," 1 категории","")," 2 категории","")," 3 категории","")))),IF(TRIM(SUBSTITUTE(SUBSTITUTE(SUBSTITUTE(SUBSTITUTE(SUBSTITUTE(SUBSTITUTE(SUBSTITUTE(SUBSTITUTE(SUBSTITUTE(SUBSTITUTE(SUBSTITUTE(LOWER(TRIM(D66)),"ё","е")," -","-"),"- ","-")," 2 разряда","")," 3 разряда","")," 4 разряда","")," 5 разряда","")," 6 разряда","")," 1 категории","")," 2 категории","")," 3 категории",""))="ведущий инженер",IF(ISNUMBER(SEARCH("диспетч",E66)),"ведущий инженер пдо",TRIM(SUBSTITUTE(SUBSTITUTE(SUBSTITUTE(SUBSTITUTE(SUBSTITUTE(SUBSTITUTE(SUBSTITUTE(SUBSTITUTE(SUBSTITUTE(SUBSTITUTE(SUBSTITUTE(LOWER(TRIM(D66)),"ё","е")," -","-"),"- ","-")," 2 разряда","")," 3 разряда","")," 4 разряда","")," 5 разряда","")," 6 разряда","")," 1 категории","")," 2 категории","")," 3 категории",""))),IF(TRIM(SUBSTITUTE(SUBSTITUTE(SUBSTITUTE(SUBSTITUTE(SUBSTITUTE(SUBSTITUTE(SUBSTITUTE(SUBSTITUTE(SUBSTITUTE(SUBSTITUTE(SUBSTITUTE(LOWER(TRIM(D66)),"ё","е")," -","-"),"- ","-")," 2 разряда","")," 3 разряда","")," 4 разряда","")," 5 разряда","")," 6 разряда","")," 1 категории","")," 2 категории","")," 3 категории",""))="контролер","контролер отк",TRIM(SUBSTITUTE(SUBSTITUTE(SUBSTITUTE(SUBSTITUTE(SUBSTITUTE(SUBSTITUTE(SUBSTITUTE(SUBSTITUTE(SUBSTITUTE(SUBSTITUTE(SUBSTITUTE(LOWER(TRIM(D66)),"ё","е")," -","-"),"- ","-")," 2 разряда","")," 3 разряда","")," 4 разряда","")," 5 разряда","")," 6 разряда","")," 1 категории","")," 2 категории","")," 3 категории",""))))) -> электромонтажник | H66: =IFERROR(INDEX(Соответствие!$B$2:$B$76,MATCH(G66,Соответствие!$A$2:$A$76,0)),"?") -> 20 | I66: =IFERROR(INDEX('Перечень должностей'!$C$2:$C$46,MATCH(H66,'Перечень должностей'!$A$2:$A$46,0)),"") -> п.4.3.1, п.4.3.2, п.4.4, п.4.9, п.5.1, п.5.2, п.6.2, п.9 | J66: =IFERROR(INDEX('Перечень должностей'!$D$2:$D$46,MATCH(H66,'Перечень должностей'!$A$2:$A$46,0)),12) -> 12 | K66: 44662 | M66: =IF(K66="","",EDATE(IF(L66<>"",L66,K66),J66)) -> 45027 | N66: =IFERROR(INDEX('Перечень должностей'!$F$2:$F$46,MATCH(H66,'Перечень должностей'!$A$2:$A$46,0)),"") -> Проверить | P66: =IF(O66="","",EDATE(O66,60)) | Q66: =IF(AND(K66<>"",F66<>"",K66>F66),"ДА","") -> ДА | R66: Смена подразделения: «Производственное подразделение №6» → «Участок РЭО В»
