Workbook

Sheet Сводка
A1: Сводка по площадкам: медицинские осмотры и психиатрическое освидетельствование, 2026 год
A2: Источник: «Учёт медосмотров» на 15.10.2026; статусы на 16.10.2026. Графы C–H считаются формулами по листам «Периодический 2026» и «Психиатрическое».
A4: Площадка | B4: Всего работников в журнале | C4: Периодический осмотр — всего | D4: в т.ч. нет сведений об осмотрах | E4: в т.ч. просрочен | F4: в т.ч. предстоит | G4: в т.ч. принятые в 2026 г. | H4: Психиатрическое освидетельствование
A5: Машково | B5: 175 | C5: =COUNTIF('Периодический 2026'!$B$5:$B$1000,A5) -> 165 | D5: =COUNTIFS('Периодический 2026'!$B$5:$B$1000,A5,'Периодический 2026'!$J$5:$J$1000,"Нет сведений об осмотрах") -> 159 | E5: =COUNTIFS('Периодический 2026'!$B$5:$B$1000,A5,'Периодический 2026'!$J$5:$J$1000,"Просрочен") -> 6 | F5: =COUNTIFS('Периодический 2026'!$B$5:$B$1000,A5,'Периодический 2026'!$J$5:$J$1000,"Предстоит") -> 0 | G5: =COUNTIFS('Периодический 2026'!$B$5:$B$1000,A5,'Периодический 2026'!$G$5:$G$1000,">="&DATE(2026,1,1)) -> 22 | H5: =COUNTIF(Психиатрическое!$B$5:$B$1000,A5) -> 19
A6: Руднево | B6: 69 | C6: =COUNTIF('Периодический 2026'!$B$5:$B$1000,A6) -> 54 | D6: =COUNTIFS('Периодический 2026'!$B$5:$B$1000,A6,'Периодический 2026'!$J$5:$J$1000,"Нет сведений об осмотрах") -> 48 | E6: =COUNTIFS('Периодический 2026'!$B$5:$B$1000,A6,'Периодический 2026'!$J$5:$J$1000,"Просрочен") -> 5 | F6: =COUNTIFS('Периодический 2026'!$B$5:$B$1000,A6,'Периодический 2026'!$J$5:$J$1000,"Предстоит") -> 1 | G6: =COUNTIFS('Периодический 2026'!$B$5:$B$1000,A6,'Периодический 2026'!$G$5:$G$1000,">="&DATE(2026,1,1)) -> 13 | H6: =COUNTIF(Психиатрическое!$B$5:$B$1000,A6) -> 1
A7: Воронеж | B7: 65 | C7: =COUNTIF('Периодический 2026'!$B$5:$B$1000,A7) -> 61 | D7: =COUNTIFS('Периодический 2026'!$B$5:$B$1000,A7,'Периодический 2026'!$J$5:$J$1000,"Нет сведений об осмотрах") -> 46 | E7: =COUNTIFS('Периодический 2026'!$B$5:$B$1000,A7,'Периодический 2026'!$J$5:$J$1000,"Просрочен") -> 14 | F7: =COUNTIFS('Периодический 2026'!$B$5:$B$1000,A7,'Периодический 2026'!$J$5:$J$1000,"Предстоит") -> 1 | G7: =COUNTIFS('Периодический 2026'!$B$5:$B$1000,A7,'Периодический 2026'!$G$5:$G$1000,">="&DATE(2026,1,1)) -> 9 | H7: =COUNTIF(Психиатрическое!$B$5:$B$1000,A7) -> 17
A8: Ульяновск | B8: 20 | C8: =COUNTIF('Периодический 2026'!$B$5:$B$1000,A8) -> 17 | D8: =COUNTIFS('Периодический 2026'!$B$5:$B$1000,A8,'Периодический 2026'!$J$5:$J$1000,"Нет сведений об осмотрах") -> 8 | E8: =COUNTIFS('Периодический 2026'!$B$5:$B$1000,A8,'Периодический 2026'!$J$5:$J$1000,"Просрочен") -> 4 | F8: =COUNTIFS('Периодический 2026'!$B$5:$B$1000,A8,'Периодический 2026'!$J$5:$J$1000,"Предстоит") -> 5 | G8: =COUNTIFS('Периодический 2026'!$B$5:$B$1000,A8,'Периодический 2026'!$G$5:$G$1000,">="&DATE(2026,1,1)) -> 0 | H8: =COUNTIF(Психиатрическое!$B$5:$B$1000,A8) -> 5
A9: Казань | B9: 16 | C9: =COUNTIF('Периодический 2026'!$B$5:$B$1000,A9) -> 14 | D9: =COUNTIFS('Периодический 2026'!$B$5:$B$1000,A9,'Периодический 2026'!$J$5:$J$1000,"Нет сведений об осмотрах") -> 8 | E9: =COUNTIFS('Периодический 2026'!$B$5:$B$1000,A9,'Периодический 2026'!$J$5:$J$1000,"Просрочен") -> 4 | F9: =COUNTIFS('Периодический 2026'!$B$5:$B$1000,A9,'Периодический 2026'!$J$5:$J$1000,"Предстоит") -> 2 | G9: =COUNTIFS('Периодический 2026'!$B$5:$B$1000,A9,'Периодический 2026'!$G$5:$G$1000,">="&DATE(2026,1,1)) -> 2 | H9: =COUNTIF(Психиатрическое!$B$5:$B$1000,A9) -> 6
A10: Внуково | B10: 10 | C10: =COUNTIF('Периодический 2026'!$B$5:$B$1000,A10) -> 10 | D10: =COUNTIFS('Периодический 2026'!$B$5:$B$1000,A10,'Периодический 2026'!$J$5:$J$1000,"Нет сведений об осмотрах") -> 9 | E10: =COUNTIFS('Периодический 2026'!$B$5:$B$1000,A10,'Периодический 2026'!$J$5:$J$1000,"Просрочен") -> 1 | F10: =COUNTIFS('Периодический 2026'!$B$5:$B$1000,A10,'Периодический 2026'!$J$5:$J$1000,"Предстоит") -> 0 | G10: =COUNTIFS('Периодический 2026'!$B$5:$B$1000,A10,'Периодический 2026'!$G$5:$G$1000,">="&DATE(2026,1,1)) -> 0 | H10: =COUNTIF(Психиатрическое!$B$5:$B$1000,A10) -> 2
A11: Москва | B11: 9 | C11: =COUNTIF('Периодический 2026'!$B$5:$B$1000,A11) -> 9 | D11: =COUNTIFS('Периодический 2026'!$B$5:$B$1000,A11,'Периодический 2026'!$J$5:$J$1000,"Нет сведений об осмотрах") -> 9 | E11: =COUNTIFS('Периодический 2026'!$B$5:$B$1000,A11,'Периодический 2026'!$J$5:$J$1000,"Просрочен") -> 0 | F11: =COUNTIFS('Периодический 2026'!$B$5:$B$1000,A11,'Периодический 2026'!$J$5:$J$1000,"Предстоит") -> 0 | G11: =COUNTIFS('Периодический 2026'!$B$5:$B$1000,A11,'Периодический 2026'!$G$5:$G$1000,">="&DATE(2026,1,1)) -> 2 | H11: =COUNTIF(Психиатрическое!$B$5:$B$1000,A11) -> 1
A12: Жуковский | B12: 1 | C12: =COUNTIF('Периодический 2026'!$B$5:$B$1000,A12) -> 1 | D12: =COUNTIFS('Периодический 2026'!$B$5:$B$1000,A12,'Периодический 2026'!$J$5:$J$1000,"Нет сведений об осмотрах") -> 1 | E12: =COUNTIFS('Периодический 2026'!$B$5:$B$1000,A12,'Периодический 2026'!$J$5:$J$1000,"Просрочен") -> 0 | F12: =COUNTIFS('Периодический 2026'!$B$5:$B$1000,A12,'Периодический 2026'!$J$5:$J$1000,"Предстоит") -> 0 | G12: =COUNTIFS('Периодический 2026'!$B$5:$B$1000,A12,'Периодический 2026'!$G$5:$G$1000,">="&DATE(2026,1,1)) -> 0 | H12: =COUNTIF(Психиатрическое!$B$5:$B$1000,A12) -> 0
A13: Итого | B13: =SUM(B5:B12) -> 365 | C13: =SUM(C5:C12) -> 331 | D13: =SUM(D5:D12) -> 288 | E13: =SUM(E5:E12) -> 34 | F13: =SUM(F5:F12) -> 9 | G13: =SUM(G5:G12) -> 48 | H13: =SUM(H5:H12) -> 51
A14: Контроль: «Периодический — всего» = «нет сведений» + «просрочен» + «предстоит» | C14: =IF(C13=D13+E13+F13,"сходится","ОШИБКА") -> сходится
A15: Контроль: итог по площадкам = число строк в списке | C15: =IF(C13=COUNTA('Периодический 2026'!$C$5:$C$1000),"сходится","ОШИБКА") -> сходится | H15: =IF(H13=COUNTA(Психиатрическое!$C$5:$C$1000),"сходится","ОШИБКА") -> сходится
A16: Графа B — число работников площадки в журнале (значение, не формула).

Sheet Периодический 2026
A1: Список работников, подлежащих периодическому медицинскому осмотру в 2026 году
A2: Источник: «Учёт медосмотров» на 15.10.2026. Всего: 331 чел.
A4: № | B4: Площадка | C4: ФИО | D4: Должность | E4: Подразделение | F4: Пункты приказа №29н | G4: Дата приёма | H4: Дата предварит. осмотра | I4: Дата периодич. осмотра (план) | J4: Статус на 16.10.2026
A5: 1 | B5: Внуково | C5: Алфимов Дмитрий Юрьевич | D5: Электромонтажник 5 разряда | E5: Производственное подразделение Внуково М | F5: п.4.3.1, п.4.3.2, п.4.4, п.4.9, п.5.1, п.5.2, п.6.2, п.9 | G5: 44327 | J5: Нет сведений об осмотрах
A6: 2 | B6: Внуково | C6: Варламов Олег Владимирович | D6: Менеджер-комплектовщик | E6: Производственное подразделение Внуково М | F6: п.4.4, п.5.1, п.6.2 | G6: 44152 | J6: Нет сведений об осмотрах
A7: 3 | B7: Внуково | C7: Зосимов Александр Геннадиевич | D7: Слесарь-сборщик 6 разряда | E7: Производственное подразделение Внуково М | F7: п.4.3.1, п.4.3.2, п.4.4, п.5.1, п.6.2, п.15 | G7: 40087 | J7: Нет сведений об осмотрах
A8: 4 | B8: Внуково | C8: Климачев Сергей Валерьевич | D8: Заместитель директора департамента-Начальник производственного подразделения | E8: Производственное подразделение Внуково М | F8: п.4.3.2, п.4.4, п.5.1, п.5.2, п.6.2 | G8: 41334 | J8: Нет сведений об осмотрах
A9: 5 | B9: Внуково | C9: Кукин Эрнст Валерьевич | D9: Реставратор | E9: Производственное подразделение Внуково М | F9: п.4.3.1, п.4.4, п.5.1, п.5.2, п.15 | G9: 45789 | J9: Нет сведений об осмотрах
A10: 6 | B10: Внуково | C10: Луданцев Алексей Владимирович | D10: Слесарь-сборщик 4 разряда | E10: Производственное подразделение Внуково М | F10: п.4.3.1, п.4.3.2, п.4.4, п.5.1, п.6.2, п.15 | G10: 45950 | H10: 45940 | I10: 46305 | J10: Просрочен
A11: 7 | B11: Внуково | C11: Нитяговский Сергей Александрович | D11: Слесарь-сборщик 5 разряда | E11: Производственное подразделение Внуково М | F11: п.4.3.1, п.4.3.2, п.4.4, п.5.1, п.6.2, п.15 | G11: 42438 | J11: Нет сведений об осмотрах
A12: 8 | B12: Внуково | C12: Постульгин Александр Валентинович | D12: Слесарь-сборщик 5 разряда | E12: Производственное подразделение Внуково М | F12: п.4.3.1, п.4.3.2, п.4.4, п.5.1, п.6.2, п.15 | G12: 45208 | J12: Нет сведений об осмотрах
A13: 9 | B13: Внуково | C13: Туманов Сергей Дмитриевич | D13: Электромонтажник 4 разряда | E13: Производственное подразделение Внуково М | F13: п.4.3.1, п.4.3.2, п.4.4, п.4.9, п.5.1, п.5.2, п.6.2, п.9 | G13: 45429 | J13: Нет сведений об осмотрах
A14: 10 | B14: Внуково | C14: Шевченко Сергей Васильевич | D14: Ведущий специалист по реставрации | E14: Производственное подразделение Внуково М | F14: п.4.3.1, п.4.4, п.5.1, п.5.2, п.15 | G14: 40210 | J14: Нет сведений об осмотрах
A15: 11 | B15: Воронеж | C15: Гуровская Ирина Александровна | D15: Инженер 3 категории | E15: Отдел технического контроля В | F15: п.4.4, п.5.1, п.5.2 | G15: 41351 | J15: Нет сведений об осмотрах
A16: 12 | B16: Воронеж | C16: Симоненко Дмитрий Андреевич | D16: Контролер 1 категории | E16: Отдел технического контроля В | F16: п.4.4, п.5.1, п.5.2 | G16: 45852 | J16: Нет сведений об осмотрах
A17: 13 | B17: Воронеж | C17: Свиридова Ирина Александровна | D17: Диспетчер | E17: Планово-диспетчерский отдел В | F17: п.4.4, п.5.1, п.5.2 | G17: 46245 | J17: Нет сведений об осмотрах
A18: 14 | B18: Воронеж | C18: Дуленков Александр Вячеславович | D18: Инженер по авиационному и радиоэлектронному оборудованию | E18: Производственное подразделение Воронеж | F18: п.4.4, п.4.6, п.5.1, п.6.2 | G18: 44966 | J18: Нет сведений об осмотрах
A19: 15 | B19: Воронеж | C19: Боровенский Андрей Алексеевич | D19: Слесарь - сборщик 4 разряда | E19: Производственное подразделение №6 (В н/д) | F19: п.4.3.1, п.4.3.2, п.4.4, п.5.1, п.6.2, п.15 | G19: 45693 | J19: Нет сведений об осмотрах
A20: 16 | B20: Воронеж | C20: Будавских Вадим Григорьевич | D20: Мастер участка сборки интерьера | E20: Производственное подразделение №6 (В н/д) | F20: п.4.4, п.5.1, п.5.2 | G20: 42121 | J20: Нет сведений об осмотрах
A21: 17 | B21: Воронеж | C21: Галактионов Александр Александрович | D21: Слесарь - сборщик 5 разряда | E21: Производственное подразделение №6 (В н/д) | F21: п.4.3.1, п.4.3.2, п.4.4, п.5.1, п.6.2, п.15 | G21: 45425 | H21: 45461 | I21: 45826 | J21: Просрочен
A22: 18 | B22: Воронеж | C22: Гаршин Сергей Александрович | D22: Слесарь - сборщик 4 разряда | E22: Производственное подразделение №6 (В н/д) | F22: п.4.3.1, п.4.3.2, п.4.4, п.5.1, п.6.2, п.15 | G22: 45901 | J22: Нет сведений об осмотрах
A23: 19 | B23: Воронеж | C23: Гунькин Юрий Игоревич | D23: Слесарь - сборщик 4 разряда | E23: Производственное подразделение №6 (В н/д) | F23: п.4.3.1, п.4.3.2, п.4.4, п.5.1, п.6.2, п.15 | G23: 46043 | J23: Нет сведений об осмотрах
A24: 20 | B24: Воронеж | C24: Зеленов Михаил Валерьевич | D24: Электромонтажник 5 разряда | E24: Производственное подразделение №6 (В н/д) | F24: п.4.3.1, п.4.3.2, п.4.4, п.4.9, п.5.1, п.5.2, п.6.2, п.9 | G24: 44124 | H24: 44662 | I24: 45027 | J24: Просрочен
A25: 21 | B25: Воронеж | C25: Зиновьев Вадим Дмитриевич | D25: Слесарь - сборщик 4 разряда | E25: Производственное подразделение №6 (В н/д) | F25: п.4.3.1, п.4.3.2, п.4.4, п.5.1, п.6.2, п.15 | G25: 45911 | J25: Нет сведений об осмотрах
A26: 22 | B26: Воронеж | C26: Иванов Алексей Николаевич | D26: Слесарь - сборщик 5 разряда | E26: Производственное подразделение №6 (В н/д) | F26: п.4.3.1, п.4.3.2, п.4.4, п.5.1, п.6.2, п.15 | G26: 44368 | J26: Нет сведений об осмотрах
A27: 23 | B27: Воронеж | C27: Ковряков Дмитрий Александрович | D27: Слесарь - сборщик 4 разряда | E27: Производственное подразделение №6 (В н/д) | F27: п.4.3.1, п.4.3.2, п.4.4, п.5.1, п.6.2, п.15 | G27: 45782 | J27: Нет сведений об осмотрах
A28: 24 | B28: Воронеж | C28: Кумицкий Алексей Иванович | D28: Слесарь - сборщик 4 разряда | E28: Производственное подразделение №6 (В н/д) | F28: п.4.3.1, п.4.3.2, п.4.4, п.5.1, п.6.2, п.15 | G28: 45847 | J28: Нет сведений об осмотрах
A29: 25 | B29: Воронеж | C29: Павлов Александр Сергеевич | D29: Мастер участка электромонтажных работ | E29: Производственное подразделение №6 (В н/д) | F29: п.4.3.1, п.4.3.2, п.4.4, п.4.9, п.5.1, п.5.2, п.6.2, п.9 | G29: 42983 | H29: 44662 | I29: 45027 | J29: Просрочен
A30: 26 | B30: Воронеж | C30: Самсонов Виталий Игоревич | D30: Слесарь-сборщик 3 разряда | E30: Производственное подразделение №6 (В н/д) | F30: п.4.3.1, п.4.3.2, п.4.4, п.5.1, п.6.2, п.15 | G30: 45782 | J30: Нет сведений об осмотрах
A31: 27 | B31: Воронеж | C31: Сухинин Андрей Алексеевич | D31: Слесарь - сборщик 4 разряда | E31: Производственное подразделение №6 (В н/д) | F31: п.4.3.1, п.4.3.2, п.4.4, п.5.1, п.6.2, п.15 | G31: 45765 | J31: Нет сведений об осмотрах
A32: 28 | B32: Воронеж | C32: Червяков Владислав Вячеславович | D32: Слесарь - сборщик 4 разряда | E32: Производственное подразделение №6 (В н/д) | F32: п.4.3.1, п.4.3.2, п.4.4, п.5.1, п.6.2, п.15 | G32: 45666 | J32: Нет сведений об осмотрах
A33: 29 | B33: Воронеж | C33: Юрьев Александр Николаевич | D33: Слесарь - сборщик 4 разряда | E33: Производственное подразделение №6 (В н/д) | F33: п.4.3.1, п.4.3.2, п.4.4, п.5.1, п.6.2, п.15 | G33: 46062 | J33: Нет сведений об осмотрах
A34: 30 | B34: Воронеж | C34: Белоусова Людмила Владимировна | D34: Кладовщик | E34: Склад В | F34: п.4.4, п.5.1, п.6.2 | G34: 46127 | J34: Нет сведений об осмотрах
A35: 31 | B35: Воронеж | C35: Басов Вадим Романович | D35: Электромонтажник 5 разряда | E35: Участок РЭО В | F35: п.4.3.1, п.4.3.2, п.4.4, п.4.9, п.5.1, п.5.2, п.6.2, п.9 | G35: 45852 | J35: Нет сведений об осмотрах
A36: 32 | B36: Воронеж | C36: Власова Ольга Вячеславовна | D36: Электромонтажник 3 разряда | E36: Участок РЭО В | F36: п.4.3.1, п.4.3.2, п.4.4, п.4.9, п.5.1, п.5.2, п.6.2, п.9 | G36: 46293 | J36: Нет сведений об осмотрах
A37: 33 | B37: Воронеж | C37: Воробьев Николай Александрович | D37: Электромонтажник 5 разряда | E37: Участок РЭО В | F37: п.4.3.1, п.4.3.2, п.4.4, п.4.9, п.5.1, п.5.2, п.6.2, п.9 | G37: 45797 | H37: 45768 | I37: 46133 | J37: Просрочен
A38: 34 | B38: Воронеж | C38: Золотарев Сергей Константинович | D38: Электромонтажник 5 разряда | E38: Участок РЭО В | F38: п.4.3.1, п.4.3.2, п.4.4, п.4.9, п.5.1, п.5.2, п.6.2, п.9 | G38: 45793 | H38: 45791 | I38: 46156 | J38: Просрочен
A39: 35 | B39: Воронеж | C39: Ковалёв Алексей Александрович | D39: Электромонтажник 5 разряда | E39: Участок РЭО В | F39: п.4.3.1, п.4.3.2, п.4.4, п.4.9, п.5.1, п.5.2, п.6.2, п.9 | G39: 44322 | H39: 44662 | I39: 45027 | J39: Просрочен
A40: 36 | B40: Воронеж | C40: Левин Александр Владимирович | D40: Электромонтажник 4 разряда | E40: Участок РЭО В | F40: п.4.3.1, п.4.3.2, п.4.4, п.4.9, п.5.1, п.5.2, п.6.2, п.9 | G40: 46140 | J40: Нет сведений об осмотрах
A41: 37 | B41: Воронеж | C41: Лисунов Кирилл Андреевич | D41: Электромонтажник 4 разряда | E41: Участок РЭО В | F41: п.4.3.1, п.4.3.2, п.4.4, п.4.9, п.5.1, п.5.2, п.6.2, п.9 | G41: 45796 | H41: 45784 | I41: 46149 | J41: Просрочен
A42: 38 | B42: Воронеж | C42: Попов Денис Игоревич | D42: Электромонтажник 4 разряда | E42: Участок РЭО В | F42: п.4.3.1, п.4.3.2, п.4.4, п.4.9, п.5.1, п.5.2, п.6.2, п.9 | G42: 45873 | J42: Нет сведений об осмотрах
A43: 39 | B43: Воронеж | C43: Силуянов Виктор Ильич | D43: Электромонтажник 5 разряда | E43: Участок РЭО В | F43: п.4.3.1, п.4.3.2, п.4.4, п.4.9, п.5.1, п.5.2, п.6.2, п.9 | G43: 45810 | H43: 45805 | I43: 46170 | J43: Просрочен
A44: 40 | B44: Воронеж | C44: Соболев Виталий Юрьевич | D44: Электромонтажник 5 разряда | E44: Участок РЭО В | F44: п.4.3.1, п.4.3.2, п.4.4, п.4.9, п.5.1, п.5.2, п.6.2, п.9 | G44: 45846 | J44: Нет сведений об осмотрах
A45: 41 | B45: Воронеж | C45: Солмин Александр Юрьевич | D45: Электромонтажник 5 разряда | E45: Участок РЭО В | F45: п.4.3.1, п.4.3.2, п.4.4, п.4.9, п.5.1, п.5.2, п.6.2, п.9 | G45: 44153 | H45: 44662 | I45: 45027 | J45: Просрочен
A46: 42 | B46: Воронеж | C46: Тимофеев Владимир Николаевич | D46: Электромонтажник 4 разряда | E46: Участок РЭО В | F46: п.4.3.1, п.4.3.2, п.4.4, п.4.9, п.5.1, п.5.2, п.6.2, п.9 | G46: 45813 | H46: 45810 | I46: 46175 | J46: Просрочен
A47: 43 | B47: Воронеж | C47: Толстоплётов Денис Анатольевич | D47: Электромонтажник 5 разряда | E47: Участок РЭО В | F47: п.4.3.1, п.4.3.2, п.4.4, п.4.9, п.5.1, п.5.2, п.6.2, п.9 | G47: 45806 | H47: 45784 | I47: 46149 | J47: Просрочен
A48: 44 | B48: Воронеж | C48: Труфанов Павел Игоревич | D48: Электромонтажник 4 разряда | E48: Участок РЭО В | F48: п.4.3.1, п.4.3.2, п.4.4, п.4.9, п.5.1, п.5.2, п.6.2, п.9 | G48: 45789 | J48: Нет сведений об осмотрах
A49: 45 | B49: Воронеж | C49: Ячмень Евгений Григорьевич | D49: Электромонтажник 4 разряда | E49: Участок РЭО В | F49: п.4.3.1, п.4.3.2, п.4.4, п.4.9, п.5.1, п.5.2, п.6.2, п.9 | G49: 45769 | J49: Нет сведений об осмотрах
A50: 46 | B50: Воронеж | C50: Аралов Евгений Васильевич | D50: Слесарь-сборщик 5 разряда | E50: Участок сборки В | F50: п.4.3.1, п.4.3.2, п.4.4, п.5.1, п.6.2, п.15 | G50: 45852 | J50: Нет сведений об осмотрах
A51: 47 | B51: Воронеж | C51: Бысенко Юрий Павлович | D51: Мастер участка | E51: Участок сборки В | F51: п.4.4, п.5.1, п.5.2 | G51: 45700 | J51: Нет сведений об осмотрах
A52: 48 | B52: Воронеж | C52: Вечканов Константин Дмитриевич | D52: Слесарь-сборщик 5 разряда | E52: Участок сборки В | F52: п.4.3.1, п.4.3.2, п.4.4, п.5.1, п.6.2, п.15 | G52: 45915 | J52: Нет сведений об осмотрах
A53: 49 | B53: Воронеж | C53: Голев Вадим Алексеевич | D53: Слесарь-сборщик 4 разряда | E53: Участок сборки В | F53: п.4.3.1, п.4.3.2, п.4.4, п.5.1, п.6.2, п.15 | G53: 46141 | J53: Нет сведений об осмотрах
A54: 50 | B54: Воронеж | C54: Гринёв Игорь Сергеевич | D54: Слесарь-сборщик 4 разряда | E54: Участок сборки В | F54: п.4.3.1, п.4.3.2, п.4.4, п.5.1, п.6.2, п.15 | G54: 45551 | J54: Нет сведений об осмотрах
A55: 51 | B55: Воронеж | C55: Деревянченко Андрей Павлович | D55: Мастер участка | E55: Участок сборки В | F55: п.4.4, п.5.1, п.5.2 | G55: 45838 | H55: 45825 | I55: 46190 | J55: Просрочен
A56: 52 | B56: Воронеж | C56: Долгих Георгий Дмитриевич | D56: Слесарь-сборщик 4 разряда | E56: Участок сборки В | F56: п.4.3.1, п.4.3.2, п.4.4, п.5.1, п.6.2, п.15 | G56: 45614 | J56: Нет сведений об осмотрах
A57: 53 | B57: Воронеж | C57: Ефременко Роман Вадимович | D57: Слесарь-сборщик 5 разряда | E57: Участок сборки В | F57: п.4.3.1, п.4.3.2, п.4.4, п.5.1, п.6.2, п.15 | G57: 46296 | J57: Нет сведений об осмотрах
A58: 54 | B58: Воронеж | C58: Зубарев Владимир Владимирович | D58: Слесарь-сборщик 4 разряда | E58: Участок сборки В | F58: п.4.3.1, п.4.3.2, п.4.4, п.5.1, п.6.2, п.15 | G58: 45817 | H58: 45813 | I58: 46178 | J58: Просрочен
A59: 55 | B59: Воронеж | C59: Мелконян Нерсес Эдвардович | D59: Слесарь-сборщик 5 разряда | E59: Участок сборки В | F59: п.4.3.1, п.4.3.2, п.4.4, п.5.1, п.6.2, п.15 | G59: 44600 | J59: Нет сведений об осмотрах
A60: 56 | B60: Воронеж | C60: Михайлов Никита Алексеевич | D60: Слесарь-сборщик 4 разряда | E60: Участок сборки В | F60: п.4.3.1, п.4.3.2, п.4.4, п.5.1, п.6.2, п.15 | G60: 45969 | H60: 45948 | I60: 46313 | J60: Предстоит
A61: 57 | B61: Воронеж | C61: Мысовских Александр Александрович | D61: Слесарь-сборщик 5 разряда | E61: Участок сборки В | F61: п.4.3.1, п.4.3.2, п.4.4, п.5.1, п.6.2, п.15 | G61: 45873 | J61: Нет сведений об осмотрах
A62: 58 | B62: Воронеж | C62: Петренко Дмитрий Сергеевич | D62: Слесарь-сборщик 5 разряда | E62: Участок сборки В | F62: п.4.3.1, п.4.3.2, п.4.4, п.5.1, п.6.2, п.15 | G62: 45425 | J62: Нет сведений об осмотрах
A63: 59 | B63: Воронеж | C63: Попов Андрей Михайлович | D63: Слесарь-сборщик 4 разряда | E63: Участок сборки В | F63: п.4.3.1, п.4.3.2, п.4.4, п.5.1, п.6.2, п.15 | G63: 45775 | J63: Нет сведений об осмотрах
A64: 60 | B64: Воронеж | C64: Попов Олег Владимирович | D64: Слесарь-сборщик 5 разряда | E64: Участок сборки В | F64: п.4.3.1, п.4.3.2, п.4.4, п.5.1, п.6.2, п.15 | G64: 45917 | H64: 45909 | I64: 46274 | J64: Просрочен
A65: 61 | B65: Воронеж | C65: Попов Роман Юрьевич | D65: Слесарь-сборщик 4 разряда | E65: Участок сборки В | F65: п.4.3.1, п.4.3.2, п.4.4, п.5.1, п.6.2, п.15 | G65: 45775 | J65: Нет сведений об осмотрах
A66: 62 | B66: Воронеж | C66: Потамошнев Константин Сергеевич | D66: Слесарь-сборщик 4 разряда | E66: Участок сборки В | F66: п.4.3.1, п.4.3.2, п.4.4, п.5.1, п.6.2, п.15 | G66: 45995 | J66: Нет сведений об осмотрах
A67: 63 | B67: Воронеж | C67: Роговский Александр Викторович | D67: Слесарь-сборщик 5 разряда | E67: Участок сборки В | F67: п.4.3.1, п.4.3.2, п.4.4, п.5.1, п.6.2, п.15 | G67: 44378 | J67: Нет сведений об осмотрах
A68: 64 | B68: Воронеж | C68: Русанов Александр Евгеньевич | D68: Слесарь-сборщик 5 разряда | E68: Участок сборки В | F68: п.4.3.1, п.4.3.2, п.4.4, п.5.1, п.6.2, п.15 | G68: 44789 | J68: Нет сведений об осмотрах
A69: 65 | B69: Воронеж | C69: Рябинин Александр Анатольевич | D69: Слесарь-сборщик 5 разряда | E69: Участок сборки В | F69: п.4.3.1, п.4.3.2, п.4.4, п.5.1, п.6.2, п.15 | G69: 44153 | J69: Нет сведений об осмотрах
A70: 66 | B70: Воронеж | C70: Самодуров Алексей Юрьевич | D70: Слесарь-сборщик 4 разряда | E70: Участок сборки В | F70: п.4.3.1, п.4.3.2, п.4.4, п.5.1, п.6.2, п.15 | G70: 44977 | J70: Нет сведений об осмотрах
A71: 67 | B71: Воронеж | C71: Сидоренко Сергей Владимирович | D71: Слесарь-сборщик 4 разряда | E71: Участок сборки В | F71: п.4.3.1, п.4.3.2, п.4.4, п.5.1, п.6.2, п.15 | G71: 45567 | J71: Нет сведений об осмотрах
A72: 68 | B72: Воронеж | C72: Сорокин Олег Владимирович | D72: Слесарь-сборщик 4 разряда | E72: Участок сборки В | F72: п.4.3.1, п.4.3.2, п.4.4, п.5.1, п.6.2, п.15 | G72: 45896 | J72: Нет сведений об осмотрах
A73: 69 | B73: Воронеж | C73: Студеникин Михаил Вячеславович | D73: Мастер участка | E73: Участок сборки В | F73: п.4.4, п.5.1, п.5.2 | G73: 46041 | J73: Нет сведений об осмотрах
A74: 70 | B74: Воронеж | C74: Тимошкин Сергей Александрович | D74: Слесарь-сборщик 5 разряда | E74: Участок сборки В | F74: п.4.3.1, п.4.3.2, п.4.4, п.5.1, п.6.2, п.15 | G74: 45873 | J74: Нет сведений об осмотрах
A75: 71 | B75: Воронеж | C75: Шпилев Михаил Сергеевич | D75: Слесарь-сборщик 5 разряда | E75: Участок сборки В | F75: п.4.3.1, п.4.3.2, п.4.4, п.5.1, п.6.2, п.15 | G75: 45425 | J75: Нет сведений об осмотрах
A76: 72 | B76: Жуковский | C76: Тимофеева Галина Петровна | D76: Технический работник | E76: Административно-хозяйственный отдел Ж | F76: п.1.48, п.4.3.1, п.4.4, п.5.1 | G76: 46002 | J76: Нет сведений об осмотрах
A77: 73 | B77: Казань | C77: Андреев Алексей Владимирович | D77: Электромонтажник 5 разряда | E77: Обособленное подразделение Казань | F77: п.4.3.1, п.4.3.2, п.4.4, п.4.9, п.5.1, п.5.2, п.6.2, п.9 | G77: 45509 | H77: 45496 | I77: 45861 | J77: Просрочен
A78: 74 | B78: Казань | C78: Аюпов Булат Фаилевич | D78: Электромонтажник 4 разряда | E78: Обособленное подразделение Казань | F78: п.4.3.1, п.4.3.2, п.4.4, п.4.9, п.5.1, п.5.2, п.6.2, п.9 | G78: 45968 | H78: 45951 | I78: 46316 | J78: Предстоит
A79: 75 | B79: Казань | C79: Булатова Лия Рустэмовна | D79: Электромонтажник 3 разряда | E79: Обособленное подразделение Казань | F79: п.4.3.1, п.4.3.2, п.4.4, п.4.9, п.5.1, п.5.2, п.6.2, п.9 | G79: 46125 | J79: Нет сведений об осмотрах
A80: 76 | B80: Казань | C80: Галиуллин Руслан Рустамович | D80: Слесарь-клепальщик 6 разряда | E80: Обособленное подразделение Казань | F80: п.4.3.1, п.4.3.2, п.4.4, п.5.1, п.5.2, п.15 | G80: 45460 | H80: 45454 | I80: 45819 | J80: Просрочен
A81: 77 | B81: Казань | C81: Гаранина Светлана Владимировна | D81: Кладовщик | E81: Обособленное подразделение Казань | F81: п.4.4, п.5.1, п.6.2 | G81: 46091 | J81: Нет сведений об осмотрах
A82: 78 | B82: Казань | C82: Гимранов Ильдор Фанизович | D82: Слесарь-сборщик 6 разряда | E82: Обособленное подразделение Казань | F82: п.4.3.1, п.4.3.2, п.4.4, п.5.1, п.6.2, п.15 | G82: 39730 | J82: Нет сведений об осмотрах
A83: 79 | B83: Казань | C83: Карандаев Юрий Александрович | D83: Слесарь - сборщик 4 разряда | E83: Обособленное подразделение Казань | F83: п.4.3.1, п.4.3.2, п.4.4, п.5.1, п.6.2, п.15 | G83: 45722 | H83: 45721 | I83: 46086 | J83: Просрочен
A84: 80 | B84: Казань | C84: Матвеев Александр Николаевич | D84: Мастер электромонтажного участка | E84: Обособленное подразделение Казань | F84: п.4.3.1, п.4.3.2, п.4.4, п.4.9, п.5.1, п.5.2, п.6.2, п.9 | G84: 45853 | J84: Нет сведений об осмотрах
A85: 81 | B85: Казань | C85: Мефтахутдинов Ильнар Гаптильнурович | D85: Слесарь - сборщик 4 разряда | E85: Обособленное подразделение Казань | F85: п.4.3.1, п.4.3.2, п.4.4, п.5.1, п.6.2, п.15 | G85: 45797 | J85: Нет сведений об осмотрах
A86: 82 | B86: Казань | C86: Николаева Ксения Ивановна | D86: Диспетчер | E86: Обособленное подразделение Казань | F86: п.4.4, п.5.1, п.5.2 | G86: 45497 | J86: Нет сведений об осмотрах
A87: 83 | B87: Казань | C87: Обухов Андрей Евгеньевич | D87: Электромонтажник 5 разряда | E87: Обособленное подразделение Казань | F87: п.4.3.1, п.4.3.2, п.4.4, п.4.9, п.5.1, п.5.2, п.6.2, п.9 | G87: 45506 | H87: 45503 | I87: 45868 | J87: Просрочен
A88: 84 | B88: Казань | C88: Хасипова Гульнара Ильясовна | D88: Кладовщик | E88: Обособленное подразделение Казань | F88: п.4.4, п.5.1, п.6.2 | G88: 45867 | J88: Нет сведений об осмотрах
A89: 85 | B89: Казань | C89: Юсупов Азат Рафаэлевич | D89: Электромонтажник 3 разряда | E89: Обособленное подразделение Казань | F89: п.4.3.1, п.4.3.2, п.4.4, п.4.9, п.5.1, п.5.2, п.6.2, п.9 | G89: 45968 | H89: 45966 | I89: 46331 | J89: Предстоит
A90: 86 | B90: Казань | C90: Петрунина Людмила Александровна | D90: Инженер 1 категории | E90: Отдел технического контроля М | F90: п.4.4, п.5.1, п.5.2 | G90: 45870 | J90: Нет сведений об осмотрах
A91: 87 | B91: Машково | C91: Гросс Елена Владимировна | D91: Уборщик производственных и служебных помещений | E91: Административно-хозяйственный отдел МШ | F91: п.1.48, п.4.3.1, п.4.4, п.5.1 | G91: 45098 | J91: Нет сведений об осмотрах
A92: 88 | B92: Машково | C92: Декун Лидия Петровна | D92: Уборщик производственных и служебных помещений | E92: Административно-хозяйственный отдел МШ | F92: п.1.48, п.4.3.1, п.4.4, п.5.1 | G92: 42849 | J92: Нет сведений об осмотрах
A93: 89 | B93: Машково | C93: Захарова Любовь Владимировна | D93: Специалист | E93: Административно-хозяйственный отдел МШ | F93: п.4.4, п.5.1, п.5.2 | G93: 45698 | J93: Нет сведений об осмотрах
A94: 90 | B94: Машково | C94: Михеева Наталия Петровна | D94: Уборщик производственных и служебных помещений | E94: Административно-хозяйственный отдел МШ | F94: п.1.48, п.4.3.1, п.4.4, п.5.1 | G94: 46086 | J94: Нет сведений об осмотрах
A95: 91 | B95: Машково | C95: Новоторцева Наталия Николаевна | D95: Уборщик производственных и служебных помещений | E95: Административно-хозяйственный отдел МШ | F95: п.1.48, п.4.3.1, п.4.4, п.5.1 | G95: 45978 | J95: Нет сведений об осмотрах
A96: 92 | B96: Машково | C96: Савичева Марина Анатольевна | D96: Уборщик производственных и служебных помещений | E96: Административно-хозяйственный отдел МШ | F96: п.1.48, п.4.3.1, п.4.4, п.5.1 | G96: 45936 | J96: Нет сведений об осмотрах
A97: 93 | B97: Машково | C97: Хилинская Анна Александровна | D97: Уборщик производственных и служебных помещений | E97: Административно-хозяйственный отдел МШ | F97: п.1.48, п.4.3.1, п.4.4, п.5.1 | G97: 45930 | J97: Нет сведений об осмотрах
A98: 94 | B98: Машково | C98: Анисимов Игорь Владимирович | D98: Сборщик стеклопластиковых изделий 3 разряда | E98: Мебельный участок (МШ н/д) | F98: п.1.37.1, п.3.1.8.3, п.4.3.1, п.4.4, п.5.1, п.15 | G98: 46237 | J98: Нет сведений об осмотрах
A99: 95 | B99: Машково | C99: Бредихин Евгений Васильевич | D99: Сборщик стеклопластиковых изделий 4 разряда | E99: Мебельный участок (МШ н/д) | F99: п.1.37.1, п.3.1.8.3, п.4.3.1, п.4.4, п.5.1, п.15 | G99: 45999 | J99: Нет сведений об осмотрах
A100: 96 | B100: Машково | C100: Зайцев Андрей Александрович | D100: Облицовщик деталей мебели 3 разряда | E100: Мебельный участок (МШ н/д) | F100: п.1.49.2, п.1.49.14, п.4.3.1, п.4.3.2, п.4.4, п.5.1, п.15 | G100: 45719 | J100: Нет сведений об осмотрах
A101: 97 | B101: Машково | C101: Захаров Юрий Викторович | D101: Техник-сборщик 6 разряда | E101: Мебельный участок (МШ н/д) | F101: п.1.49.2, п.1.49.14, п.4.3.1, п.4.3.2, п.4.4, п.5.1, п.15 | G101: 42494 | J101: Нет сведений об осмотрах
...

Sheet Психиатрическое
A1: Список работников, подлежащих психиатрическому освидетельствованию (графа «Подлежит» = «Да»)
A2: Источник: «Учёт медосмотров» на 15.10.2026. Всего: 51 чел.
A4: № | B4: Площадка | C4: ФИО | D4: Должность | E4: Подразделение | F4: Основание (Перечень)
A5: 1 | B5: Казань | C5: Андреев Алексей Владимирович | D5: Электромонтажник 5 разряда | E5: Обособленное подразделение Казань | F5: п.11 Прил.№2: монтаж, наладка, техническое обслуживание, ремонт электроустановок.
A6: 2 | B6: Казань | C6: Аюпов Булат Фаилевич | D6: Электромонтажник 4 разряда | E6: Обособленное подразделение Казань | F6: п.11 Прил.№2: монтаж, наладка, техническое обслуживание, ремонт электроустановок.
A7: 3 | B7: Казань | C7: Булатова Лия Рустэмовна | D7: Электромонтажник 3 разряда | E7: Обособленное подразделение Казань | F7: п.11 Прил.№2: монтаж, наладка, техническое обслуживание, ремонт электроустановок.
A8: 4 | B8: Казань | C8: Матвеев Александр Николаевич | D8: Мастер электромонтажного участка | E8: Обособленное подразделение Казань | F8: п.11 Прил.№2: руководство работами по монтажу, наладке, ремонту электроустановок. Относится также мастер участка РЭО.
A9: 5 | B9: Казань | C9: Обухов Андрей Евгеньевич | D9: Электромонтажник 5 разряда | E9: Обособленное подразделение Казань | F9: п.11 Прил.№2: монтаж, наладка, техническое обслуживание, ремонт электроустановок.
A10: 6 | B10: Казань | C10: Юсупов Азат Рафаэлевич | D10: Электромонтажник 3 разряда | E10: Обособленное подразделение Казань | F10: п.11 Прил.№2: монтаж, наладка, техническое обслуживание, ремонт электроустановок.
A11: 7 | B11: Москва | C11: Высокий Владимир Евгеньевич | D11: Водитель автомобиля (персональный 2 категории) | E11: Отдел транспортного обеспечения (М н/д) | F11: п.1 Прил.№2: управление транспортными средствами.
A12: 8 | B12: Машково | C12: Акимов Михаил Александрович | D12: Водитель автомобиля-экспедитор | E12: Отдел транспортного обеспечения МШ | F12: п.1 Прил.№2: управление транспортными средствами.
A13: 9 | B13: Машково | C13: Батуревич Юрий Викторович | D13: Водитель автомобиля-экспедитор | E13: Отдел транспортного обеспечения МШ | F13: п.1 Прил.№2: управление транспортными средствами.
A14: 10 | B14: Машково | C14: Василенко Александр Иванович | D14: Водитель автомобиля-экспедитор | E14: Отдел транспортного обеспечения МШ | F14: п.1 Прил.№2: управление транспортными средствами.
A15: 11 | B15: Машково | C15: Грязнов Анатолий Николаевич | D15: Водитель автомобиля-экспедитор | E15: Отдел транспортного обеспечения МШ | F15: п.1 Прил.№2: управление транспортными средствами.
A16: 12 | B16: Машково | C16: Евдокимов Игорь Валентинович | D16: Водитель автомобиля-экспедитор | E16: Отдел транспортного обеспечения МШ | F16: п.1 Прил.№2: управление транспортными средствами.
... A55: 51 | B55: Ульяновск | C55: Рычков Александр Анатольевич | D55: Электромонтажник 3 разряда | E55: Электромонтажный участок (У н/д) | F55: п.11 Прил.№2: монтаж, наладка, техническое обслуживание, ремонт электроустановок.
