Workbook

Sheet Инструкция
A1: Порядок ведения учёта медицинских осмотров
A2: ООО «Авиационные интерьеры-СН». Редакция от 19.10.2026.
A4: 1. Общие положения
A5: Назначение | B5: Учёт предварительных и периодических медицинских осмотров и психиатрического освидетельствования работников, занятых на должностях (профессиях) по Перечню Приказа №43 от 03.04.2026.
A6: Состав файла | B6: «Сводка» — показатели по предприятию и площадкам; «Учёт медосмотров» — журнал по работникам; «Перечень» — должности, пункты вредных факторов, периодичность и признак психиатрического освидетельствования.
A7: Ответственный | B7: Отдел охраны труда и промышленной безопасности.
A9: 2. Порядок заполнения
A10: Приём работника | B10: Внести данные в первую свободную строку журнала: площадка, ФИО, должность по штатному расписанию, подразделение, дата приёма. Номер, пункт Перечня, периодичность и признак психиатрического освидетельствования заполнятся автоматически.
A11: Предварительный осмотр | B11: Дата — в графу «Предварительный».
A12: Периодический осмотр | B12: Дата последнего пройденного осмотра — в графу «Последний периодический» (прежняя дата заменяется). Если сведений о предварительном осмотре нет, дата периодического всё равно вносится — срок следующего осмотра рассчитается от неё.
A13: Психиатрическое освид. | B13: Дата — в графу «Дата прохождения». Требуется, если в графе «Подлежит» стоит «Да».
A14: Увольнение, перевод | B14: Строку работника удалить целиком (правая кнопка мыши → «Удалить» → «Строку»). При переводе — изменить должность и подразделение.
A15: Новая должность | B15: Если в графе «№ по Перечню» появился знак «?», должность отсутствует в Перечне — требуется внести её в Приказ №43 и в лист «Перечень».
A16: Контроль сроков | B16: Фильтр по графе «Периодический осмотр»: «Просрочен», «Истекает», «Нет сведений». По графе «Психиатр. освид.»: «Не пройдено».
A17: Резерв строк | B17: В конце журнала подготовлено 35 пустых строк. При их исчерпании — вставлять строки внутри таблицы, выше последней заполненной.
A19: 3. Условные обозначения
B20: Поле для заполнения.
B21: Срок не наступил.
B22: Срок наступает в течение 30 дней; нет даты предварительного осмотра при наличии периодического.
B23: Срок прошёл; нет сведений об осмотрах; осмотр пройден позже даты приёма.
B24: Подлежит психиатрическому освидетельствованию / освидетельствование не пройдено.
A26: 4. Психиатрическое освидетельствование
A27: Подлежат | B27: Электромонтёр по ремонту и обслуживанию электрооборудования, инженер-электрик (п.2); главный энергетик (п.5); электромонтажник (п.20); мастер электромонтажного участка, мастер участка РЭО (п.29) — п.11–12 Приложения №2 к Приказу №342н. Водители (п.38, 39), кладовщик-комплектовщик (п.46) — п.1 Приложения №2.
A28: Не подлежат | B28: Главный механик (п.6), сборщик стеклопластиковых изделий (п.26), охрана (п.45) — по решению ОТиПБ. Пересматривается при непосредственном обслуживании оборудования под давлением, поставленного на учёт в Ростехнадзоре (п.13 Прил.№2); для кладовщиков (п.14) — при управлении кранами (п.6 Прил.№2).
A29: Периодичность | B29: Не установлена (письмо Минздрава России №30-0/3066769). Освидетельствование проводится при приёме (переводе) и по направлению по итогам медосмотра. Контрольная дата +5 лет — внутренняя мера.
A31: 5. Нормативные документы
A32: ТК РФ | B32: ст. 76, 214, 220.
A33: Приказ №29н | B33: Минздрава России от 28.01.2021 «Об утверждении Порядка проведения обязательных предварительных и периодических медицинских осмотров работников…».
A34: Приказ №988н/1420н | B34: Минтруда России / Минздрава России от 31.12.2020 — перечень вредных и (или) опасных производственных факторов и работ.
A35: Приказ №342н | B35: Минздрава России от 20.05.2022 — порядок прохождения обязательного психиатрического освидетельствования (изм. Приказ №392н от 02.07.2025).
A36: Приказ №43 | B36: от 03.04.2026 — перечень должностей и профессий, подлежащих медицинским осмотрам.
A38: 6. Вопросы к решению
A39: Приказ №43 | B39: Внести должности «Техник-сборщик» и «Техник» (Машково; учитываются по п.21 и п.36). Внести должности «Контролер КПП» и «Контролер КПП-старший смены» (Машково, переименование должностей «Сторож», «Старший сторож»; учитываются по п.45).
A40: Приказ №342н | B40: Сверить номера пунктов Приложения №2 с редакцией Приказа №392н.
A41: Даты осмотров | B41: Запросить в медицинском центре сведения об осмотрах работников, по которым дат нет.
A43: 7. Лист регистрации изменений
A44: 10.09.2026 | B44: Журнал сформирован по штатному расписанию на 04.09.2026.
A45: 13.10.2026 | B45: Сверка со штатным расписанием на 05.10.2026: добавлено 12 работников, исключено 6.
A46: 15.10.2026 | B46: Электромонтажник (п.20), мастер электромонтажного участка и мастер участка РЭО (п.29) отнесены к подлежащим психиатрическому освидетельствованию.
A47: 15.10.2026 | B47: Исключены из учёта: Максимов Ю.А. (перевод на должность вне Перечня); Богачева М.С., Рысева П.В., Медведева С.Е., Костин А.И., Андреева Н.В. (специалисты, Москва).
A48: 15.10.2026 | B48: Подтверждены даты предварительного осмотра 11.04.2022: Зеленов М.В., Ковалёв А.А., Солмин А.Ю., Павлов А.С.
A49: 19.10.2026 | B49: Пункты Приказа №29н: оператору склада (п.16) установлены п.4.4, п.5.1, п.6.2 (ранее п.4.3.1, п.4.3.2, п.4.4, п.5.1, п.6.2, п.18.1); кладовщик-комплектовщик выделен из п.14 в отдельную позицию п.46 с пунктами п.4.3.1, п.4.3.2, п.4.4, п.5.1, п.6.2, п.18.1 (ранее п.4.4, п.5.1, п.6.2) и отнесён к подлежащим психиатрическому освидетельствованию (п.1 Прил.№2 к Приказу №342н).
A50: 19.10.2026 | B50: Сверка со штатным расписанием на 19.10.2026: добавлено 6 работников (Архипенко О.Д., Вавилин А.А., Котов К.О., Грачев А.Н., Решилова Ю.Е., Зайцев А.В.; дата предварительного осмотра 01.10.2026), исключено 2 (уволены: Трофимов В.Д., Первоченков В.В.); у 96 работников должность и (или) подразделение приведены к штатному расписанию.
A51: 19.10.2026 | B51: Не включены в учёт: Гапеенко Э.В. (специалист, Москва) — по решению от 15.10.2026 для специалистов Москвы.
A52: 19.10.2026 | B52: Гришин А.Валерьевич (Руднево), перевод слесарь-ремонтник → слесарь механосборочных работ (добавлен п.4.3.2): решение ОТиПБ — медицинский осмотр по пунктам новой должности (п.4.3.1, п.4.3.2, п.4.4, п.5.1, п.15) в выездном осмотре 28.10.2026.
A53: 19.10.2026 | B53: Должности «Контролер КПП», «Контролер КПП-старший смены» (бывш. «Сторож», «Старший сторож») сопоставлены с п.45 Перечня (лист «Соответствие»).
A54: 19.10.2026 | B54: Наименования подразделений приведены без обозначения площадки «Р», «МШ», «(МШ н/д)», у работников Машково и Руднево — также «М» (решение ОТиПБ); площадка указывается в графе «Площадка».
A55: 19.10.2026 | B55: Решение ОТиПБ: уборщикам (п.10) установлены п.1.48, п.4.4, п.5.1 (исключён п.4.3.1); специалисту (п.12), инженеру ОТК и контролеру ОТК (п.13), мастеру участка (п.18), должностям ПДО (п.27, п.28) — п.4.4, п.5.2 (исключён п.5.1); бригадир выделен из п.18 в п.47 с прежними пунктами п.4.4, п.5.1, п.5.2; водителям-экспедиторам (п.38) подпункт п.18 указан по каждому работнику (п.18.1 или п.18.2, примечание в графе «Пункты приказа №29н»). Внести в Приказ №43.

Sheet Сводка
A1: Сводка по медицинским осмотрам
A2: ООО «Авиационные интерьеры-СН»
A3: по состоянию на | B3: =TODAY() -> 46314
A5: Медицинские осмотры
A6: Показатель | B6: чел. | C6: %
A7: Всего работников, подлежащих осмотру | B7: =COUNTA('Учёт медосмотров'!$C$6:$C$405) -> 369 | C7: =IF($B$7=0,"",B7/$B$7) -> 1
A8: Указана дата предварительного осмотра | B8: =COUNTIF('Учёт медосмотров'!$K$6:$K$405,"<>") -> 83 | C8: =IF($B$7=0,"",B8/$B$7) -> 0.22493225
A9: Не указана дата предварительного осмотра | B9: =COUNTIFS('Учёт медосмотров'!$C$6:$C$405,"<>",'Учёт медосмотров'!$K$6:$K$405,"") -> 286 | C9: =IF($B$7=0,"",B9/$B$7) -> 0.77506775
A10: в т.ч. принятые более года назад | B10: =COUNTIFS('Учёт медосмотров'!$C$6:$C$405,"<>",'Учёт медосмотров'!$F$6:$F$405,"<"&(TODAY()-365),'Учёт медосмотров'!$K$6:$K$405,"") -> 221 | C10: =IF($B$7=0,"",B10/$B$7) -> 0.59891599
A11: Указана дата периодического осмотра | B11: =COUNTIF('Учёт медосмотров'!$L$6:$L$405,"<>") -> 0 | C11: =IF($B$7=0,"",B11/$B$7) -> 0
A12: Периодический осмотр: в срок | B12: =COUNTIF('Учёт медосмотров'!$R$6:$R$405,"В срок") -> 43 | C12: =IF($B$7=0,"",B12/$B$7) -> 0.11653117
A13: Периодический осмотр: истекает в течение 30 дней | B13: =COUNTIF('Учёт медосмотров'!$R$6:$R$405,"Истекает") -> 5 | C13: =IF($B$7=0,"",B13/$B$7) -> 0.013550136
A14: Периодический осмотр: просрочен | B14: =COUNTIF('Учёт медосмотров'!$R$6:$R$405,"Просрочен") -> 35 | C14: =IF($B$7=0,"",B14/$B$7) -> 0.094850949
A15: Нет сведений об осмотрах | B15: =COUNTIF('Учёт медосмотров'!$R$6:$R$405,"Нет сведений") -> 286 | C15: =IF($B$7=0,"",B15/$B$7) -> 0.77506775
A16: Предварительный осмотр пройден позже даты приёма | B16: =COUNTIF('Учёт медосмотров'!$Q$6:$Q$405,"Да") -> 5 | C16: =IF($B$7=0,"",B16/$B$7) -> 0.013550136
A18: Психиатрическое освидетельствование
A19: Показатель | B19: чел. | C19: %
A20: Подлежат освидетельствованию | B20: =COUNTIF('Учёт медосмотров'!$N$6:$N$405,"Да") -> 59 | C20: =IF($B$7=0,"",B20/$B$7) -> 0.1598916
A21: дата прохождения указана | B21: =COUNTIFS('Учёт медосмотров'!$N$6:$N$405,"Да",'Учёт медосмотров'!$O$6:$O$405,"<>") -> 0 | C21: =IF($B$7=0,"",B21/$B$7) -> 0
A22: дата прохождения не указана | B22: =COUNTIF('Учёт медосмотров'!$S$6:$S$405,"Не пройдено") -> 59 | C22: =IF($B$7=0,"",B22/$B$7) -> 0.1598916
A23: Истёк внутренний контрольный срок (5 лет) | B23: =COUNTIFS('Учёт медосмотров'!$P$6:$P$405,"<>",'Учёт медосмотров'!$P$6:$P$405,"<"&TODAY()) -> 0 | C23: =IF($B$7=0,"",B23/$B$7) -> 0
A25: По площадкам
A26: Площадка | B26: Всего | C26: В срок | D26: Истекает (30 дн.) | E26: Просрочен | F26: Нет сведений | G26: Психиатр.: подлежат | H26: Психиатр.: не пройдено
A27: Внуково | B27: =COUNTIF('Учёт медосмотров'!$B$6:$B$405,$A27) -> 10 | C27: =COUNTIFS('Учёт медосмотров'!$B$6:$B$405,$A27,'Учёт медосмотров'!$R$6:$R$405,"В срок") -> 0 | D27: =COUNTIFS('Учёт медосмотров'!$B$6:$B$405,$A27,'Учёт медосмотров'!$R$6:$R$405,"Истекает") -> 0 | E27: =COUNTIFS('Учёт медосмотров'!$B$6:$B$405,$A27,'Учёт медосмотров'!$R$6:$R$405,"Просрочен") -> 1 | F27: =COUNTIFS('Учёт медосмотров'!$B$6:$B$405,$A27,'Учёт медосмотров'!$R$6:$R$405,"Нет сведений") -> 9 | G27: =COUNTIFS('Учёт медосмотров'!$B$6:$B$405,$A27,'Учёт медосмотров'!$N$6:$N$405,"Да") -> 2 | H27: =COUNTIFS('Учёт медосмотров'!$B$6:$B$405,$A27,'Учёт медосмотров'!$S$6:$S$405,"Не пройдено") -> 2
A28: Воронеж | B28: =COUNTIF('Учёт медосмотров'!$B$6:$B$405,$A28) -> 66 | C28: =COUNTIFS('Учёт медосмотров'!$B$6:$B$405,$A28,'Учёт медосмотров'!$R$6:$R$405,"В срок") -> 5 | D28: =COUNTIFS('Учёт медосмотров'!$B$6:$B$405,$A28,'Учёт медосмотров'!$R$6:$R$405,"Истекает") -> 0 | E28: =COUNTIFS('Учёт медосмотров'!$B$6:$B$405,$A28,'Учёт медосмотров'!$R$6:$R$405,"Просрочен") -> 15 | F28: =COUNTIFS('Учёт медосмотров'!$B$6:$B$405,$A28,'Учёт медосмотров'!$R$6:$R$405,"Нет сведений") -> 46 | G28: =COUNTIFS('Учёт медосмотров'!$B$6:$B$405,$A28,'Учёт медосмотров'!$N$6:$N$405,"Да") -> 17 | H28: =COUNTIFS('Учёт медосмотров'!$B$6:$B$405,$A28,'Учёт медосмотров'!$S$6:$S$405,"Не пройдено") -> 17
A29: Жуковский | B29: =COUNTIF('Учёт медосмотров'!$B$6:$B$405,$A29) -> 1 | C29: =COUNTIFS('Учёт медосмотров'!$B$6:$B$405,$A29,'Учёт медосмотров'!$R$6:$R$405,"В срок") -> 0 | D29: =COUNTIFS('Учёт медосмотров'!$B$6:$B$405,$A29,'Учёт медосмотров'!$R$6:$R$405,"Истекает") -> 0 | E29: =COUNTIFS('Учёт медосмотров'!$B$6:$B$405,$A29,'Учёт медосмотров'!$R$6:$R$405,"Просрочен") -> 0 | F29: =COUNTIFS('Учёт медосмотров'!$B$6:$B$405,$A29,'Учёт медосмотров'!$R$6:$R$405,"Нет сведений") -> 1 | G29: =COUNTIFS('Учёт медосмотров'!$B$6:$B$405,$A29,'Учёт медосмотров'!$N$6:$N$405,"Да") -> 0 | H29: =COUNTIFS('Учёт медосмотров'!$B$6:$B$405,$A29,'Учёт медосмотров'!$S$6:$S$405,"Не пройдено") -> 0
A30: Казань | B30: =COUNTIF('Учёт медосмотров'!$B$6:$B$405,$A30) -> 16 | C30: =COUNTIFS('Учёт медосмотров'!$B$6:$B$405,$A30,'Учёт медосмотров'!$R$6:$R$405,"В срок") -> 2 | D30: =COUNTIFS('Учёт медосмотров'!$B$6:$B$405,$A30,'Учёт медосмотров'!$R$6:$R$405,"Истекает") -> 2 | E30: =COUNTIFS('Учёт медосмотров'!$B$6:$B$405,$A30,'Учёт медосмотров'!$R$6:$R$405,"Просрочен") -> 4 | F30: =COUNTIFS('Учёт медосмотров'!$B$6:$B$405,$A30,'Учёт медосмотров'!$R$6:$R$405,"Нет сведений") -> 8 | G30: =COUNTIFS('Учёт медосмотров'!$B$6:$B$405,$A30,'Учёт медосмотров'!$N$6:$N$405,"Да") -> 6 | H30: =COUNTIFS('Учёт медосмотров'!$B$6:$B$405,$A30,'Учёт медосмотров'!$S$6:$S$405,"Не пройдено") -> 6
A31: Машково | B31: =COUNTIF('Учёт медосмотров'!$B$6:$B$405,$A31) -> 178 | C31: =COUNTIFS('Учёт медосмотров'!$B$6:$B$405,$A31,'Учёт медосмотров'!$R$6:$R$405,"В срок") -> 13 | D31: =COUNTIFS('Учёт медосмотров'!$B$6:$B$405,$A31,'Учёт медосмотров'!$R$6:$R$405,"Истекает") -> 0 | E31: =COUNTIFS('Учёт медосмотров'!$B$6:$B$405,$A31,'Учёт медосмотров'!$R$6:$R$405,"Просрочен") -> 6 | F31: =COUNTIFS('Учёт медосмотров'!$B$6:$B$405,$A31,'Учёт медосмотров'!$R$6:$R$405,"Нет сведений") -> 159 | G31: =COUNTIFS('Учёт медосмотров'!$B$6:$B$405,$A31,'Учёт медосмотров'!$N$6:$N$405,"Да") -> 24 | H31: =COUNTIFS('Учёт медосмотров'!$B$6:$B$405,$A31,'Учёт медосмотров'!$S$6:$S$405,"Не пройдено") -> 24
A32: Москва | B32: =COUNTIF('Учёт медосмотров'!$B$6:$B$405,$A32) -> 9 | C32: =COUNTIFS('Учёт медосмотров'!$B$6:$B$405,$A32,'Учёт медосмотров'!$R$6:$R$405,"В срок") -> 0 | D32: =COUNTIFS('Учёт медосмотров'!$B$6:$B$405,$A32,'Учёт медосмотров'!$R$6:$R$405,"Истекает") -> 0 | E32: =COUNTIFS('Учёт медосмотров'!$B$6:$B$405,$A32,'Учёт медосмотров'!$R$6:$R$405,"Просрочен") -> 0 | F32: =COUNTIFS('Учёт медосмотров'!$B$6:$B$405,$A32,'Учёт медосмотров'!$R$6:$R$405,"Нет сведений") -> 9 | G32: =COUNTIFS('Учёт медосмотров'!$B$6:$B$405,$A32,'Учёт медосмотров'!$N$6:$N$405,"Да") -> 1 | H32: =COUNTIFS('Учёт медосмотров'!$B$6:$B$405,$A32,'Учёт медосмотров'!$S$6:$S$405,"Не пройдено") -> 1
A33: Руднево | B33: =COUNTIF('Учёт медосмотров'!$B$6:$B$405,$A33) -> 70 | C33: =COUNTIFS('Учёт медосмотров'!$B$6:$B$405,$A33,'Учёт медосмотров'!$R$6:$R$405,"В срок") -> 17 | D33: =COUNTIFS('Учёт медосмотров'!$B$6:$B$405,$A33,'Учёт медосмотров'!$R$6:$R$405,"Истекает") -> 1 | E33: =COUNTIFS('Учёт медосмотров'!$B$6:$B$405,$A33,'Учёт медосмотров'!$R$6:$R$405,"Просрочен") -> 5 | F33: =COUNTIFS('Учёт медосмотров'!$B$6:$B$405,$A33,'Учёт медосмотров'!$R$6:$R$405,"Нет сведений") -> 47 | G33: =COUNTIFS('Учёт медосмотров'!$B$6:$B$405,$A33,'Учёт медосмотров'!$N$6:$N$405,"Да") -> 4 | H33: =COUNTIFS('Учёт медосмотров'!$B$6:$B$405,$A33,'Учёт медосмотров'!$S$6:$S$405,"Не пройдено") -> 4
A34: Ульяновск | B34: =COUNTIF('Учёт медосмотров'!$B$6:$B$405,$A34) -> 19 | C34: =COUNTIFS('Учёт медосмотров'!$B$6:$B$405,$A34,'Учёт медосмотров'!$R$6:$R$405,"В срок") -> 6 | D34: =COUNTIFS('Учёт медосмотров'!$B$6:$B$405,$A34,'Учёт медосмотров'!$R$6:$R$405,"Истекает") -> 2 | E34: =COUNTIFS('Учёт медосмотров'!$B$6:$B$405,$A34,'Учёт медосмотров'!$R$6:$R$405,"Просрочен") -> 4 | F34: =COUNTIFS('Учёт медосмотров'!$B$6:$B$405,$A34,'Учёт медосмотров'!$R$6:$R$405,"Нет сведений") -> 7 | G34: =COUNTIFS('Учёт медосмотров'!$B$6:$B$405,$A34,'Учёт медосмотров'!$N$6:$N$405,"Да") -> 5 | H34: =COUNTIFS('Учёт медосмотров'!$B$6:$B$405,$A34,'Учёт медосмотров'!$S$6:$S$405,"Не пройдено") -> 5
A35: Итого | B35: =SUM(B27:B34) -> 369 | C35: =SUM(C27:C34) -> 43 | D35: =SUM(D27:D34) -> 5 | E35: =SUM(E27:E34) -> 35 | F35: =SUM(F27:F34) -> 286 | G35: =SUM(G27:G34) -> 59 | H35: =SUM(H27:H34) -> 59
A36: =IF(B35=B7,"","Внимание: итог по площадкам не совпадает с общей численностью — проверьте графу «Площадка».")

Sheet Учёт медосмотров
A1: Учет обязательных медицинских осмотров работников | P1: на дату: | Q1: =TODAY() -> 46314
A2: основание: Приказ №43 от 03.04.2026, Приказ Минздрава России №29н от 28.01.2021, Приказ №342н от 20.05.2022
A4: Работник | H4: Перечень (Приказ №43) | K4: Медицинский осмотр, дата | N4: Психиатрическое освидетельствование | Q4: Контроль
A5: № | B5: Площадка | C5: ФИО работника | D5: Должность (профессия) | E5: Структурное подразделение | F5: Дата приёма | G5: ключ | H5: № по Перечню | I5: Пункты приказа №29н | J5: Период., мес. | K5: Предварительный | L5: Последний периодический | M5: Следующий (план) | N5: Подлежит | O5: Дата прохождения | P5: Контрольная дата | Q5: Осмотр позже приёма | R5: Периодический осмотр | S5: Психиатр. освид.
A6: =IF(C6="","",ROW()-5) -> 1 | B6: Ульяновск | C6: Юдакова Регина Юрьевна | D6: Инженер 3 категории | E6: Отдел технического контроля М | F6: 45874 | G6: =IF(C6="","",IF(TRIM(SUBSTITUTE(SUBSTITUTE(SUBSTITUTE(SUBSTITUTE(SUBSTITUTE(SUBSTITUTE(SUBSTITUTE(SUBSTITUTE(SUBSTITUTE(SUBSTITUTE(SUBSTITUTE(LOWER(TRIM(D6)),"ё","е")," -","-"),"- ","-")," 2 разряда","")," 3 разряда","")," 4 разряда","")," 5 разряда","")," 6 разряда","")," 1 категории","")," 2 категории","")," 3 категории",""))="инженер",IF(AND(ISNUMBER(SEARCH("техническ",E6)),ISNUMBER(SEARCH("контрол",E6))),"инженер отк",IF(ISNUMBER(SEARCH("диспетч",E6)),"инженер пдо",TRIM(SUBSTITUTE(SUBSTITUTE(SUBSTITUTE(SUBSTITUTE(SUBSTITUTE(SUBSTITUTE(SUBSTITUTE(SUBSTITUTE(SUBSTITUTE(SUBSTITUTE(SUBSTITUTE(LOWER(TRIM(D6)),"ё","е")," -","-"),"- ","-")," 2 разряда","")," 3 разряда","")," 4 разряда","")," 5 разряда","")," 6 разряда","")," 1 категории","")," 2 категории","")," 3 категории","")))),IF(TRIM(SUBSTITUTE(SUBSTITUTE(SUBSTITUTE(SUBSTITUTE(SUBSTITUTE(SUBSTITUTE(SUBSTITUTE(SUBSTITUTE(SUBSTITUTE(SUBSTITUTE(SUBSTITUTE(LOWER(TRIM(D6)),"ё","е")," -","-"),"- ","-")," 2 разряда","")," 3 разряда","")," 4 разряда","")," 5 разряда","")," 6 разряда","")," 1 категории","")," 2 категории","")," 3 категории",""))="ведущий инженер",IF(ISNUMBER(SEARCH("диспетч",E6)),"ведущий инженер пдо",TRIM(SUBSTITUTE(SUBSTITUTE(SUBSTITUTE(SUBSTITUTE(SUBSTITUTE(SUBSTITUTE(SUBSTITUTE(SUBSTITUTE(SUBSTITUTE(SUBSTITUTE(SUBSTITUTE(LOWER(TRIM(D6)),"ё","е")," -","-"),"- ","-")," 2 разряда","")," 3 разряда","")," 4 разряда","")," 5 разряда","")," 6 разряда","")," 1 категории","")," 2 категории","")," 3 категории",""))),IF(TRIM(SUBSTITUTE(SUBSTITUTE(SUBSTITUTE(SUBSTITUTE(SUBSTITUTE(SUBSTITUTE(SUBSTITUTE(SUBSTITUTE(SUBSTITUTE(SUBSTITUTE(SUBSTITUTE(LOWER(TRIM(D6)),"ё","е")," -","-"),"- ","-")," 2 разряда","")," 3 разряда","")," 4 разряда","")," 5 разряда","")," 6 разряда","")," 1 категории","")," 2 категории","")," 3 категории",""))="контролер","контролер отк",TRIM(SUBSTITUTE(SUBSTITUTE(SUBSTITUTE(SUBSTITUTE(SUBSTITUTE(SUBSTITUTE(SUBSTITUTE(SUBSTITUTE(SUBSTITUTE(SUBSTITUTE(SUBSTITUTE(LOWER(TRIM(D6)),"ё","е")," -","-"),"- ","-")," 2 разряда","")," 3 разряда","")," 4 разряда","")," 5 разряда","")," 6 разряда","")," 1 категории","")," 2 категории","")," 3 категории","")))))) -> инженер отк | H6: =IF(C6="","",IF(AND(G6="мастер участка",ISNUMBER(SEARCH("РЭО",E6))),29,IFERROR(INDEX(Соответствие!$B$2:$B$100,MATCH(G6,Соответствие!$A$2:$A$100,0)),"?"))) -> 13 | I6: =IF(C6="","",IFERROR(INDEX(Перечень!$C$6:$C$52,MATCH(H6,Перечень!$A$6:$A$52,0)),"")) -> п.4.4, п.5.2 | J6: =IF(C6="","",IFERROR(INDEX(Перечень!$D$6:$D$52,MATCH(H6,Перечень!$A$6:$A$52,0)),12)) -> 12 | M6: =IF(AND(K6="",L6=""),"",EDATE(MAX(K6,L6),J6)) | N6: =IF(C6="","",IFERROR(INDEX(Перечень!$F$6:$F$52,MATCH(H6,Перечень!$A$6:$A$52,0)),"")) -> - | P6: =IF(O6="","",EDATE(O6,60)) | Q6: =IF(AND(K6<>"",F6<>"",K6>F6),"Да","") | R6: =IF(C6="","",IF(M6="","Нет сведений",IF(M6<TODAY(),"Просрочен",IF(M6-TODAY()<=30,"Истекает","В срок")))) -> Нет сведений | S6: =IF(AND(N6="Да",O6=""),"Не пройдено","")
A7: =IF(C7="","",ROW()-5) -> 2 | B7: Казань | C7: Петрунина Людмила Александровна | D7: Инженер 1 категории | E7: Отдел технического контроля М | F7: 45870 | G7: =IF(C7="","",IF(TRIM(SUBSTITUTE(SUBSTITUTE(SUBSTITUTE(SUBSTITUTE(SUBSTITUTE(SUBSTITUTE(SUBSTITUTE(SUBSTITUTE(SUBSTITUTE(SUBSTITUTE(SUBSTITUTE(LOWER(TRIM(D7)),"ё","е")," -","-"),"- ","-")," 2 разряда","")," 3 разряда","")," 4 разряда","")," 5 разряда","")," 6 разряда","")," 1 категории","")," 2 категории","")," 3 категории",""))="инженер",IF(AND(ISNUMBER(SEARCH("техническ",E7)),ISNUMBER(SEARCH("контрол",E7))),"инженер отк",IF(ISNUMBER(SEARCH("диспетч",E7)),"инженер пдо",TRIM(SUBSTITUTE(SUBSTITUTE(SUBSTITUTE(SUBSTITUTE(SUBSTITUTE(SUBSTITUTE(SUBSTITUTE(SUBSTITUTE(SUBSTITUTE(SUBSTITUTE(SUBSTITUTE(LOWER(TRIM(D7)),"ё","е")," -","-"),"- ","-")," 2 разряда","")," 3 разряда","")," 4 разряда","")," 5 разряда","")," 6 разряда","")," 1 категории","")," 2 категории","")," 3 категории","")))),IF(TRIM(SUBSTITUTE(SUBSTITUTE(SUBSTITUTE(SUBSTITUTE(SUBSTITUTE(SUBSTITUTE(SUBSTITUTE(SUBSTITUTE(SUBSTITUTE(SUBSTITUTE(SUBSTITUTE(LOWER(TRIM(D7)),"ё","е")," -","-"),"- ","-")," 2 разряда","")," 3 разряда","")," 4 разряда","")," 5 разряда","")," 6 разряда","")," 1 категории","")," 2 категории","")," 3 категории",""))="ведущий инженер",IF(ISNUMBER(SEARCH("диспетч",E7)),"ведущий инженер пдо",TRIM(SUBSTITUTE(SUBSTITUTE(SUBSTITUTE(SUBSTITUTE(SUBSTITUTE(SUBSTITUTE(SUBSTITUTE(SUBSTITUTE(SUBSTITUTE(SUBSTITUTE(SUBSTITUTE(LOWER(TRIM(D7)),"ё","е")," -","-"),"- ","-")," 2 разряда","")," 3 разряда","")," 4 разряда","")," 5 разряда","")," 6 разряда","")," 1 категории","")," 2 категории","")," 3 категории",""))),IF(TRIM(SUBSTITUTE(SUBSTITUTE(SUBSTITUTE(SUBSTITUTE(SUBSTITUTE(SUBSTITUTE(SUBSTITUTE(SUBSTITUTE(SUBSTITUTE(SUBSTITUTE(SUBSTITUTE(LOWER(TRIM(D7)),"ё","е")," -","-"),"- ","-")," 2 разряда","")," 3 разряда","")," 4 разряда","")," 5 разряда","")," 6 разряда","")," 1 категории","")," 2 категории","")," 3 категории",""))="контролер","контролер отк",TRIM(SUBSTITUTE(SUBSTITUTE(SUBSTITUTE(SUBSTITUTE(SUBSTITUTE(SUBSTITUTE(SUBSTITUTE(SUBSTITUTE(SUBSTITUTE(SUBSTITUTE(SUBSTITUTE(LOWER(TRIM(D7)),"ё","е")," -","-"),"- ","-")," 2 разряда","")," 3 разряда","")," 4 разряда","")," 5 разряда","")," 6 разряда","")," 1 категории","")," 2 категории","")," 3 категории","")))))) -> инженер отк | H7: =IF(C7="","",IF(AND(G7="мастер участка",ISNUMBER(SEARCH("РЭО",E7))),29,IFERROR(INDEX(Соответствие!$B$2:$B$100,MATCH(G7,Соответствие!$A$2:$A$100,0)),"?"))) -> 13 | I7: =IF(C7="","",IFERROR(INDEX(Перечень!$C$6:$C$52,MATCH(H7,Перечень!$A$6:$A$52,0)),"")) -> п.4.4, п.5.2 | J7: =IF(C7="","",IFERROR(INDEX(Перечень!$D$6:$D$52,MATCH(H7,Перечень!$A$6:$A$52,0)),12)) -> 12 | M7: =IF(AND(K7="",L7=""),"",EDATE(MAX(K7,L7),J7)) | N7: =IF(C7="","",IFERROR(INDEX(Перечень!$F$6:$F$52,MATCH(H7,Перечень!$A$6:$A$52,0)),"")) -> - | P7: =IF(O7="","",EDATE(O7,60)) | Q7: =IF(AND(K7<>"",F7<>"",K7>F7),"Да","") | R7: =IF(C7="","",IF(M7="","Нет сведений",IF(M7<TODAY(),"Просрочен",IF(M7-TODAY()<=30,"Истекает","В срок")))) -> Нет сведений | S7: =IF(AND(N7="Да",O7=""),"Не пройдено","")
A8: =IF(C8="","",ROW()-5) -> 3 | B8: Машково | C8: Ястребов Александр Сергеевич | D8: Инженер 1 категории | E8: Отдел технического контроля | F8: 38664 | G8: =IF(C8="","",IF(TRIM(SUBSTITUTE(SUBSTITUTE(SUBSTITUTE(SUBSTITUTE(SUBSTITUTE(SUBSTITUTE(SUBSTITUTE(SUBSTITUTE(SUBSTITUTE(SUBSTITUTE(SUBSTITUTE(LOWER(TRIM(D8)),"ё","е")," -","-"),"- ","-")," 2 разряда","")," 3 разряда","")," 4 разряда","")," 5 разряда","")," 6 разряда","")," 1 категории","")," 2 категории","")," 3 категории",""))="инженер",IF(AND(ISNUMBER(SEARCH("техническ",E8)),ISNUMBER(SEARCH("контрол",E8))),"инженер отк",IF(ISNUMBER(SEARCH("диспетч",E8)),"инженер пдо",TRIM(SUBSTITUTE(SUBSTITUTE(SUBSTITUTE(SUBSTITUTE(SUBSTITUTE(SUBSTITUTE(SUBSTITUTE(SUBSTITUTE(SUBSTITUTE(SUBSTITUTE(SUBSTITUTE(LOWER(TRIM(D8)),"ё","е")," -","-"),"- ","-")," 2 разряда","")," 3 разряда","")," 4 разряда","")," 5 разряда","")," 6 разряда","")," 1 категории","")," 2 категории","")," 3 категории","")))),IF(TRIM(SUBSTITUTE(SUBSTITUTE(SUBSTITUTE(SUBSTITUTE(SUBSTITUTE(SUBSTITUTE(SUBSTITUTE(SUBSTITUTE(SUBSTITUTE(SUBSTITUTE(SUBSTITUTE(LOWER(TRIM(D8)),"ё","е")," -","-"),"- ","-")," 2 разряда","")," 3 разряда","")," 4 разряда","")," 5 разряда","")," 6 разряда","")," 1 категории","")," 2 категории","")," 3 категории",""))="ведущий инженер",IF(ISNUMBER(SEARCH("диспетч",E8)),"ведущий инженер пдо",TRIM(SUBSTITUTE(SUBSTITUTE(SUBSTITUTE(SUBSTITUTE(SUBSTITUTE(SUBSTITUTE(SUBSTITUTE(SUBSTITUTE(SUBSTITUTE(SUBSTITUTE(SUBSTITUTE(LOWER(TRIM(D8)),"ё","е")," -","-"),"- ","-")," 2 разряда","")," 3 разряда","")," 4 разряда","")," 5 разряда","")," 6 разряда","")," 1 категории","")," 2 категории","")," 3 категории",""))),IF(TRIM(SUBSTITUTE(SUBSTITUTE(SUBSTITUTE(SUBSTITUTE(SUBSTITUTE(SUBSTITUTE(SUBSTITUTE(SUBSTITUTE(SUBSTITUTE(SUBSTITUTE(SUBSTITUTE(LOWER(TRIM(D8)),"ё","е")," -","-"),"- ","-")," 2 разряда","")," 3 разряда","")," 4 разряда","")," 5 разряда","")," 6 разряда","")," 1 категории","")," 2 категории","")," 3 категории",""))="контролер","контролер отк",TRIM(SUBSTITUTE(SUBSTITUTE(SUBSTITUTE(SUBSTITUTE(SUBSTITUTE(SUBSTITUTE(SUBSTITUTE(SUBSTITUTE(SUBSTITUTE(SUBSTITUTE(SUBSTITUTE(LOWER(TRIM(D8)),"ё","е")," -","-"),"- ","-")," 2 разряда","")," 3 разряда","")," 4 разряда","")," 5 разряда","")," 6 разряда","")," 1 категории","")," 2 категории","")," 3 категории","")))))) -> инженер отк | H8: =IF(C8="","",IF(AND(G8="мастер участка",ISNUMBER(SEARCH("РЭО",E8))),29,IFERROR(INDEX(Соответствие!$B$2:$B$100,MATCH(G8,Соответствие!$A$2:$A$100,0)),"?"))) -> 13 | I8: =IF(C8="","",IFERROR(INDEX(Перечень!$C$6:$C$52,MATCH(H8,Перечень!$A$6:$A$52,0)),"")) -> п.4.4, п.5.2 | J8: =IF(C8="","",IFERROR(INDEX(Перечень!$D$6:$D$52,MATCH(H8,Перечень!$A$6:$A$52,0)),12)) -> 12 | M8: =IF(AND(K8="",L8=""),"",EDATE(MAX(K8,L8),J8)) | N8: =IF(C8="","",IFERROR(INDEX(Перечень!$F$6:$F$52,MATCH(H8,Перечень!$A$6:$A$52,0)),"")) -> - | P8: =IF(O8="","",EDATE(O8,60)) | Q8: =IF(AND(K8<>"",F8<>"",K8>F8),"Да","") | R8: =IF(C8="","",IF(M8="","Нет сведений",IF(M8<TODAY(),"Просрочен",IF(M8-TODAY()<=30,"Истекает","В срок")))) -> Нет сведений | S8: =IF(AND(N8="Да",O8=""),"Не пройдено","")
A9: =IF(C9="","",ROW()-5) -> 4 | B9: Москва | C9: Гудумак Анастасия Сергеевна | D9: Инженер 2 категории | E9: Отдел технического контроля М | F9: 44970 | G9: =IF(C9="","",IF(TRIM(SUBSTITUTE(SUBSTITUTE(SUBSTITUTE(SUBSTITUTE(SUBSTITUTE(SUBSTITUTE(SUBSTITUTE(SUBSTITUTE(SUBSTITUTE(SUBSTITUTE(SUBSTITUTE(LOWER(TRIM(D9)),"ё","е")," -","-"),"- ","-")," 2 разряда","")," 3 разряда","")," 4 разряда","")," 5 разряда","")," 6 разряда","")," 1 категории","")," 2 категории","")," 3 категории",""))="инженер",IF(AND(ISNUMBER(SEARCH("техническ",E9)),ISNUMBER(SEARCH("контрол",E9))),"инженер отк",IF(ISNUMBER(SEARCH("диспетч",E9)),"инженер пдо",TRIM(SUBSTITUTE(SUBSTITUTE(SUBSTITUTE(SUBSTITUTE(SUBSTITUTE(SUBSTITUTE(SUBSTITUTE(SUBSTITUTE(SUBSTITUTE(SUBSTITUTE(SUBSTITUTE(LOWER(TRIM(D9)),"ё","е")," -","-"),"- ","-")," 2 разряда","")," 3 разряда","")," 4 разряда","")," 5 разряда","")," 6 разряда","")," 1 категории","")," 2 категории","")," 3 категории","")))),IF(TRIM(SUBSTITUTE(SUBSTITUTE(SUBSTITUTE(SUBSTITUTE(SUBSTITUTE(SUBSTITUTE(SUBSTITUTE(SUBSTITUTE(SUBSTITUTE(SUBSTITUTE(SUBSTITUTE(LOWER(TRIM(D9)),"ё","е")," -","-"),"- ","-")," 2 разряда","")," 3 разряда","")," 4 разряда","")," 5 разряда","")," 6 разряда","")," 1 категории","")," 2 категории","")," 3 категории",""))="ведущий инженер",IF(ISNUMBER(SEARCH("диспетч",E9)),"ведущий инженер пдо",TRIM(SUBSTITUTE(SUBSTITUTE(SUBSTITUTE(SUBSTITUTE(SUBSTITUTE(SUBSTITUTE(SUBSTITUTE(SUBSTITUTE(SUBSTITUTE(SUBSTITUTE(SUBSTITUTE(LOWER(TRIM(D9)),"ё","е")," -","-"),"- ","-")," 2 разряда","")," 3 разряда","")," 4 разряда","")," 5 разряда","")," 6 разряда","")," 1 категории","")," 2 категории","")," 3 категории",""))),IF(TRIM(SUBSTITUTE(SUBSTITUTE(SUBSTITUTE(SUBSTITUTE(SUBSTITUTE(SUBSTITUTE(SUBSTITUTE(SUBSTITUTE(SUBSTITUTE(SUBSTITUTE(SUBSTITUTE(LOWER(TRIM(D9)),"ё","е")," -","-"),"- ","-")," 2 разряда","")," 3 разряда","")," 4 разряда","")," 5 разряда","")," 6 разряда","")," 1 категории","")," 2 категории","")," 3 категории",""))="контролер","контролер отк",TRIM(SUBSTITUTE(SUBSTITUTE(SUBSTITUTE(SUBSTITUTE(SUBSTITUTE(SUBSTITUTE(SUBSTITUTE(SUBSTITUTE(SUBSTITUTE(SUBSTITUTE(SUBSTITUTE(LOWER(TRIM(D9)),"ё","е")," -","-"),"- ","-")," 2 разряда","")," 3 разряда","")," 4 разряда","")," 5 разряда","")," 6 разряда","")," 1 категории","")," 2 категории","")," 3 категории","")))))) -> инженер отк | H9: =IF(C9="","",IF(AND(G9="мастер участка",ISNUMBER(SEARCH("РЭО",E9))),29,IFERROR(INDEX(Соответствие!$B$2:$B$100,MATCH(G9,Соответствие!$A$2:$A$100,0)),"?"))) -> 13 | I9: =IF(C9="","",IFERROR(INDEX(Перечень!$C$6:$C$52,MATCH(H9,Перечень!$A$6:$A$52,0)),"")) -> п.4.4, п.5.2 | J9: =IF(C9="","",IFERROR(INDEX(Перечень!$D$6:$D$52,MATCH(H9,Перечень!$A$6:$A$52,0)),12)) -> 12 | M9: =IF(AND(K9="",L9=""),"",EDATE(MAX(K9,L9),J9)) | N9: =IF(C9="","",IFERROR(INDEX(Перечень!$F$6:$F$52,MATCH(H9,Перечень!$A$6:$A$52,0)),"")) -> - | P9: =IF(O9="","",EDATE(O9,60)) | Q9: =IF(AND(K9<>"",F9<>"",K9>F9),"Да","") | R9: =IF(C9="","",IF(M9="","Нет сведений",IF(M9<TODAY(),"Просрочен",IF(M9-TODAY()<=30,"Истекает","В срок")))) -> Нет сведений | S9: =IF(AND(N9="Да",O9=""),"Не пройдено","")
A10: =IF(C10="","",ROW()-5) -> 5 | B10: Машково | C10: Ермакова Наталья Васильевна | D10: Контролер 1 категории | E10: Отдел технического контроля | F10: 45720 | G10: =IF(C10="","",IF(TRIM(SUBSTITUTE(SUBSTITUTE(SUBSTITUTE(SUBSTITUTE(SUBSTITUTE(SUBSTITUTE(SUBSTITUTE(SUBSTITUTE(SUBSTITUTE(SUBSTITUTE(SUBSTITUTE(LOWER(TRIM(D10)),"ё","е")," -","-"),"- ","-")," 2 разряда","")," 3 разряда","")," 4 разряда","")," 5 разряда","")," 6 разряда","")," 1 категории","")," 2 категории","")," 3 категории",""))="инженер",IF(AND(ISNUMBER(SEARCH("техническ",E10)),ISNUMBER(SEARCH("контрол",E10))),"инженер отк",IF(ISNUMBER(SEARCH("диспетч",E10)),"инженер пдо",TRIM(SUBSTITUTE(SUBSTITUTE(SUBSTITUTE(SUBSTITUTE(SUBSTITUTE(SUBSTITUTE(SUBSTITUTE(SUBSTITUTE(SUBSTITUTE(SUBSTITUTE(SUBSTITUTE(LOWER(TRIM(D10)),"ё","е")," -","-"),"- ","-")," 2 разряда","")," 3 разряда","")," 4 разряда","")," 5 разряда","")," 6 разряда","")," 1 категории","")," 2 категории","")," 3 категории","")))),IF(TRIM(SUBSTITUTE(SUBSTITUTE(SUBSTITUTE(SUBSTITUTE(SUBSTITUTE(SUBSTITUTE(SUBSTITUTE(SUBSTITUTE(SUBSTITUTE(SUBSTITUTE(SUBSTITUTE(LOWER(TRIM(D10)),"ё","е")," -","-"),"- ","-")," 2 разряда","")," 3 разряда","")," 4 разряда","")," 5 разряда","")," 6 разряда","")," 1 категории","")," 2 категории","")," 3 категории",""))="ведущий инженер",IF(ISNUMBER(SEARCH("диспетч",E10)),"ведущий инженер пдо",TRIM(SUBSTITUTE(SUBSTITUTE(SUBSTITUTE(SUBSTITUTE(SUBSTITUTE(SUBSTITUTE(SUBSTITUTE(SUBSTITUTE(SUBSTITUTE(SUBSTITUTE(SUBSTITUTE(LOWER(TRIM(D10)),"ё","е")," -","-"),"- ","-")," 2 разряда","")," 3 разряда","")," 4 разряда","")," 5 разряда","")," 6 разряда","")," 1 категории","")," 2 категории","")," 3 категории",""))),IF(TRIM(SUBSTITUTE(SUBSTITUTE(SUBSTITUTE(SUBSTITUTE(SUBSTITUTE(SUBSTITUTE(SUBSTITUTE(SUBSTITUTE(SUBSTITUTE(SUBSTITUTE(SUBSTITUTE(LOWER(TRIM(D10)),"ё","е")," -","-"),"- ","-")," 2 разряда","")," 3 разряда","")," 4 разряда","")," 5 разряда","")," 6 разряда","")," 1 категории","")," 2 категории","")," 3 категории",""))="контролер","контролер отк",TRIM(SUBSTITUTE(SUBSTITUTE(SUBSTITUTE(SUBSTITUTE(SUBSTITUTE(SUBSTITUTE(SUBSTITUTE(SUBSTITUTE(SUBSTITUTE(SUBSTITUTE(SUBSTITUTE(LOWER(TRIM(D10)),"ё","е")," -","-"),"- ","-")," 2 разряда","")," 3 разряда","")," 4 разряда","")," 5 разряда","")," 6 разряда","")," 1 категории","")," 2 категории","")," 3 категории","")))))) -> контролер отк | H10: =IF(C10="","",IF(AND(G10="мастер участка",ISNUMBER(SEARCH("РЭО",E10))),29,IFERROR(INDEX(Соответствие!$B$2:$B$100,MATCH(G10,Соответствие!$A$2:$A$100,0)),"?"))) -> 13 | I10: =IF(C10="","",IFERROR(INDEX(Перечень!$C$6:$C$52,MATCH(H10,Перечень!$A$6:$A$52,0)),"")) -> п.4.4, п.5.2 | J10: =IF(C10="","",IFERROR(INDEX(Перечень!$D$6:$D$52,MATCH(H10,Перечень!$A$6:$A$52,0)),12)) -> 12 | M10: =IF(AND(K10="",L10=""),"",EDATE(MAX(K10,L10),J10)) | N10: =IF(C10="","",IFERROR(INDEX(Перечень!$F$6:$F$52,MATCH(H10,Перечень!$A$6:$A$52,0)),"")) -> - | P10: =IF(O10="","",EDATE(O10,60)) | Q10: =IF(AND(K10<>"",F10<>"",K10>F10),"Да","") | R10: =IF(C10="","",IF(M10="","Нет сведений",IF(M10<TODAY(),"Просрочен",IF(M10-TODAY()<=30,"Истекает","В срок")))) -> Нет сведений | S10: =IF(AND(N10="Да",O10=""),"Не пройдено","")
A11: =IF(C11="","",ROW()-5) -> 6 | B11: Машково | C11: Шрамко Наталья Викторовна | D11: Контролер 1 категории | E11: Отдел технического контроля | F11: 45908 | G11: =IF(C11="","",IF(TRIM(SUBSTITUTE(SUBSTITUTE(SUBSTITUTE(SUBSTITUTE(SUBSTITUTE(SUBSTITUTE(SUBSTITUTE(SUBSTITUTE(SUBSTITUTE(SUBSTITUTE(SUBSTITUTE(LOWER(TRIM(D11)),"ё","е")," -","-"),"- ","-")," 2 разряда","")," 3 разряда","")," 4 разряда","")," 5 разряда","")," 6 разряда","")," 1 категории","")," 2 категории","")," 3 категории",""))="инженер",IF(AND(ISNUMBER(SEARCH("техническ",E11)),ISNUMBER(SEARCH("контрол",E11))),"инженер отк",IF(ISNUMBER(SEARCH("диспетч",E11)),"инженер пдо",TRIM(SUBSTITUTE(SUBSTITUTE(SUBSTITUTE(SUBSTITUTE(SUBSTITUTE(SUBSTITUTE(SUBSTITUTE(SUBSTITUTE(SUBSTITUTE(SUBSTITUTE(SUBSTITUTE(LOWER(TRIM(D11)),"ё","е")," -","-"),"- ","-")," 2 разряда","")," 3 разряда","")," 4 разряда","")," 5 разряда","")," 6 разряда","")," 1 категории","")," 2 категории","")," 3 категории","")))),IF(TRIM(SUBSTITUTE(SUBSTITUTE(SUBSTITUTE(SUBSTITUTE(SUBSTITUTE(SUBSTITUTE(SUBSTITUTE(SUBSTITUTE(SUBSTITUTE(SUBSTITUTE(SUBSTITUTE(LOWER(TRIM(D11)),"ё","е")," -","-"),"- ","-")," 2 разряда","")," 3 разряда","")," 4 разряда","")," 5 разряда","")," 6 разряда","")," 1 категории","")," 2 категории","")," 3 категории",""))="ведущий инженер",IF(ISNUMBER(SEARCH("диспетч",E11)),"ведущий инженер пдо",TRIM(SUBSTITUTE(SUBSTITUTE(SUBSTITUTE(SUBSTITUTE(SUBSTITUTE(SUBSTITUTE(SUBSTITUTE(SUBSTITUTE(SUBSTITUTE(SUBSTITUTE(SUBSTITUTE(LOWER(TRIM(D11)),"ё","е")," -","-"),"- ","-")," 2 разряда","")," 3 разряда","")," 4 разряда","")," 5 разряда","")," 6 разряда","")," 1 категории","")," 2 категории","")," 3 категории",""))),IF(TRIM(SUBSTITUTE(SUBSTITUTE(SUBSTITUTE(SUBSTITUTE(SUBSTITUTE(SUBSTITUTE(SUBSTITUTE(SUBSTITUTE(SUBSTITUTE(SUBSTITUTE(SUBSTITUTE(LOWER(TRIM(D11)),"ё","е")," -","-"),"- ","-")," 2 разряда","")," 3 разряда","")," 4 разряда","")," 5 разряда","")," 6 разряда","")," 1 категории","")," 2 категории","")," 3 категории",""))="контролер","контролер отк",TRIM(SUBSTITUTE(SUBSTITUTE(SUBSTITUTE(SUBSTITUTE(SUBSTITUTE(SUBSTITUTE(SUBSTITUTE(SUBSTITUTE(SUBSTITUTE(SUBSTITUTE(SUBSTITUTE(LOWER(TRIM(D11)),"ё","е")," -","-"),"- ","-")," 2 разряда","")," 3 разряда","")," 4 разряда","")," 5 разряда","")," 6 разряда","")," 1 категории","")," 2 категории","")," 3 категории","")))))) -> контролер отк | H11: =IF(C11="","",IF(AND(G11="мастер участка",ISNUMBER(SEARCH("РЭО",E11))),29,IFERROR(INDEX(Соответствие!$B$2:$B$100,MATCH(G11,Соответствие!$A$2:$A$100,0)),"?"))) -> 13 | I11: =IF(C11="","",IFERROR(INDEX(Перечень!$C$6:$C$52,MATCH(H11,Перечень!$A$6:$A$52,0)),"")) -> п.4.4, п.5.2 | J11: =IF(C11="","",IFERROR(INDEX(Перечень!$D$6:$D$52,MATCH(H11,Перечень!$A$6:$A$52,0)),12)) -> 12 | M11: =IF(AND(K11="",L11=""),"",EDATE(MAX(K11,L11),J11)) | N11: =IF(C11="","",IFERROR(INDEX(Перечень!$F$6:$F$52,MATCH(H11,Перечень!$A$6:$A$52,0)),"")) -> - | P11: =IF(O11="","",EDATE(O11,60)) | Q11: =IF(AND(K11<>"",F11<>"",K11>F11),"Да","") | R11: =IF(C11="","",IF(M11="","Нет сведений",IF(M11<TODAY(),"Просрочен",IF(M11-TODAY()<=30,"Истекает","В срок")))) -> Нет сведений | S11: =IF(AND(N11="Да",O11=""),"Не пройдено","")
A12: =IF(C12="","",ROW()-5) -> 7 | B12: Москва | C12: Высокий Владимир Евгеньевич | D12: Водитель автомобиля (персональный 2 категории) | E12: Отдел транспортного обеспечения (М н/д) | F12: 41365 | G12: =IF(C12="","",IF(TRIM(SUBSTITUTE(SUBSTITUTE(SUBSTITUTE(SUBSTITUTE(SUBSTITUTE(SUBSTITUTE(SUBSTITUTE(SUBSTITUTE(SUBSTITUTE(SUBSTITUTE(SUBSTITUTE(LOWER(TRIM(D12)),"ё","е")," -","-"),"- ","-")," 2 разряда","")," 3 разряда","")," 4 разряда","")," 5 разряда","")," 6 разряда","")," 1 категории","")," 2 категории","")," 3 категории",""))="инженер",IF(AND(ISNUMBER(SEARCH("техническ",E12)),ISNUMBER(SEARCH("контрол",E12))),"инженер отк",IF(ISNUMBER(SEARCH("диспетч",E12)),"инженер пдо",TRIM(SUBSTITUTE(SUBSTITUTE(SUBSTITUTE(SUBSTITUTE(SUBSTITUTE(SUBSTITUTE(SUBSTITUTE(SUBSTITUTE(SUBSTITUTE(SUBSTITUTE(SUBSTITUTE(LOWER(TRIM(D12)),"ё","е")," -","-"),"- ","-")," 2 разряда","")," 3 разряда","")," 4 разряда","")," 5 разряда","")," 6 разряда","")," 1 категории","")," 2 категории","")," 3 категории","")))),IF(TRIM(SUBSTITUTE(SUBSTITUTE(SUBSTITUTE(SUBSTITUTE(SUBSTITUTE(SUBSTITUTE(SUBSTITUTE(SUBSTITUTE(SUBSTITUTE(SUBSTITUTE(SUBSTITUTE(LOWER(TRIM(D12)),"ё","е")," -","-"),"- ","-")," 2 разряда","")," 3 разряда","")," 4 разряда","")," 5 разряда","")," 6 разряда","")," 1 категории","")," 2 категории","")," 3 категории",""))="ведущий инженер",IF(ISNUMBER(SEARCH("диспетч",E12)),"ведущий инженер пдо",TRIM(SUBSTITUTE(SUBSTITUTE(SUBSTITUTE(SUBSTITUTE(SUBSTITUTE(SUBSTITUTE(SUBSTITUTE(SUBSTITUTE(SUBSTITUTE(SUBSTITUTE(SUBSTITUTE(LOWER(TRIM(D12)),"ё","е")," -","-"),"- ","-")," 2 разряда","")," 3 разряда","")," 4 разряда","")," 5 разряда","")," 6 разряда","")," 1 категории","")," 2 категории","")," 3 категории",""))),IF(TRIM(SUBSTITUTE(SUBSTITUTE(SUBSTITUTE(SUBSTITUTE(SUBSTITUTE(SUBSTITUTE(SUBSTITUTE(SUBSTITUTE(SUBSTITUTE(SUBSTITUTE(SUBSTITUTE(LOWER(TRIM(D12)),"ё","е")," -","-"),"- ","-")," 2 разряда","")," 3 разряда","")," 4 разряда","")," 5 разряда","")," 6 разряда","")," 1 категории","")," 2 категории","")," 3 категории",""))="контролер","контролер отк",TRIM(SUBSTITUTE(SUBSTITUTE(SUBSTITUTE(SUBSTITUTE(SUBSTITUTE(SUBSTITUTE(SUBSTITUTE(SUBSTITUTE(SUBSTITUTE(SUBSTITUTE(SUBSTITUTE(LOWER(TRIM(D12)),"ё","е")," -","-"),"- ","-")," 2 разряда","")," 3 разряда","")," 4 разряда","")," 5 разряда","")," 6 разряда","")," 1 категории","")," 2 категории","")," 3 категории","")))))) -> водитель автомобиля (персональный) | H12: =IF(C12="","",IF(AND(G12="мастер участка",ISNUMBER(SEARCH("РЭО",E12))),29,IFERROR(INDEX(Соответствие!$B$2:$B$100,MATCH(G12,Соответствие!$A$2:$A$100,0)),"?"))) -> 39 | I12: =IF(C12="","",IFERROR(INDEX(Перечень!$C$6:$C$52,MATCH(H12,Перечень!$A$6:$A$52,0)),"")) -> п.4.3.1, п.4.3.2, п.4.4, п.5.1, п.5.2, п.18.1 | J12: =IF(C12="","",IFERROR(INDEX(Перечень!$D$6:$D$52,MATCH(H12,Перечень!$A$6:$A$52,0)),12)) -> 12 | M12: =IF(AND(K12="",L12=""),"",EDATE(MAX(K12,L12),J12)) | N12: =IF(C12="","",IFERROR(INDEX(Перечень!$F$6:$F$52,MATCH(H12,Перечень!$A$6:$A$52,0)),"")) -> Да | P12: =IF(O12="","",EDATE(O12,60)) | Q12: =IF(AND(K12<>"",F12<>"",K12>F12),"Да","") | R12: =IF(C12="","",IF(M12="","Нет сведений",IF(M12<TODAY(),"Просрочен",IF(M12-TODAY()<=30,"Истекает","В срок")))) -> Нет сведений | S12: =IF(AND(N12="Да",O12=""),"Не пройдено","") -> Не пройдено
A13: =IF(C13="","",ROW()-5) -> 8 | B13: Москва | C13: Киреева Вера Антоновна | D13: Старший технический работник | E13: Административно-хозяйственный отдел М | F13: 43283 | G13: =IF(C13="","",IF(TRIM(SUBSTITUTE(SUBSTITUTE(SUBSTITUTE(SUBSTITUTE(SUBSTITUTE(SUBSTITUTE(SUBSTITUTE(SUBSTITUTE(SUBSTITUTE(SUBSTITUTE(SUBSTITUTE(LOWER(TRIM(D13)),"ё","е")," -","-"),"- ","-")," 2 разряда","")," 3 разряда","")," 4 разряда","")," 5 разряда","")," 6 разряда","")," 1 категории","")," 2 категории","")," 3 категории",""))="инженер",IF(AND(ISNUMBER(SEARCH("техническ",E13)),ISNUMBER(SEARCH("контрол",E13))),"инженер отк",IF(ISNUMBER(SEARCH("диспетч",E13)),"инженер пдо",TRIM(SUBSTITUTE(SUBSTITUTE(SUBSTITUTE(SUBSTITUTE(SUBSTITUTE(SUBSTITUTE(SUBSTITUTE(SUBSTITUTE(SUBSTITUTE(SUBSTITUTE(SUBSTITUTE(LOWER(TRIM(D13)),"ё","е")," -","-"),"- ","-")," 2 разряда","")," 3 разряда","")," 4 разряда","")," 5 разряда","")," 6 разряда","")," 1 категории","")," 2 категории","")," 3 категории","")))),IF(TRIM(SUBSTITUTE(SUBSTITUTE(SUBSTITUTE(SUBSTITUTE(SUBSTITUTE(SUBSTITUTE(SUBSTITUTE(SUBSTITUTE(SUBSTITUTE(SUBSTITUTE(SUBSTITUTE(LOWER(TRIM(D13)),"ё","е")," -","-"),"- ","-")," 2 разряда","")," 3 разряда","")," 4 разряда","")," 5 разряда","")," 6 разряда","")," 1 категории","")," 2 категории","")," 3 категории",""))="ведущий инженер",IF(ISNUMBER(SEARCH("диспетч",E13)),"ведущий инженер пдо",TRIM(SUBSTITUTE(SUBSTITUTE(SUBSTITUTE(SUBSTITUTE(SUBSTITUTE(SUBSTITUTE(SUBSTITUTE(SUBSTITUTE(SUBSTITUTE(SUBSTITUTE(SUBSTITUTE(LOWER(TRIM(D13)),"ё","е")," -","-"),"- ","-")," 2 разряда","")," 3 разряда","")," 4 разряда","")," 5 разряда","")," 6 разряда","")," 1 категории","")," 2 категории","")," 3 категории",""))),IF(TRIM(SUBSTITUTE(SUBSTITUTE(SUBSTITUTE(SUBSTITUTE(SUBSTITUTE(SUBSTITUTE(SUBSTITUTE(SUBSTITUTE(SUBSTITUTE(SUBSTITUTE(SUBSTITUTE(LOWER(TRIM(D13)),"ё","е")," -","-"),"- ","-")," 2 разряда","")," 3 разряда","")," 4 разряда","")," 5 разряда","")," 6 разряда","")," 1 категории","")," 2 категории","")," 3 категории",""))="контролер","контролер отк",TRIM(SUBSTITUTE(SUBSTITUTE(SUBSTITUTE(SUBSTITUTE(SUBSTITUTE(SUBSTITUTE(SUBSTITUTE(SUBSTITUTE(SUBSTITUTE(SUBSTITUTE(SUBSTITUTE(LOWER(TRIM(D13)),"ё","е")," -","-"),"- ","-")," 2 разряда","")," 3 разряда","")," 4 разряда","")," 5 разряда","")," 6 разряда","")," 1 категории","")," 2 категории","")," 3 категории","")))))) -> старший технический работник | H13: =IF(C13="","",IF(AND(G13="мастер участка",ISNUMBER(SEARCH("РЭО",E13))),29,IFERROR(INDEX(Соответствие!$B$2:$B$100,MATCH(G13,Соответствие!$A$2:$A$100,0)),"?"))) -> 10 | I13: =IF(C13="","",IFERROR(INDEX(Перечень!$C$6:$C$52,MATCH(H13,Перечень!$A$6:$A$52,0)),"")) -> п.1.48, п.4.4, п.5.1 | J13: =IF(C13="","",IFERROR(INDEX(Перечень!$D$6:$D$52,MATCH(H13,Перечень!$A$6:$A$52,0)),12)) -> 12 | M13: =IF(AND(K13="",L13=""),"",EDATE(MAX(K13,L13),J13)) | N13: =IF(C13="","",IFERROR(INDEX(Перечень!$F$6:$F$52,MATCH(H13,Перечень!$A$6:$A$52,0)),"")) -> - | P13: =IF(O13="","",EDATE(O13,60)) | Q13: =IF(AND(K13<>"",F13<>"",K13>F13),"Да","") | R13: =IF(C13="","",IF(M13="","Нет сведений",IF(M13<TODAY(),"Просрочен",IF(M13-TODAY()<=30,"Истекает","В срок")))) -> Нет сведений | S13: =IF(AND(N13="Да",O13=""),"Не пройдено","")
A14: =IF(C14="","",ROW()-5) -> 9 | B14: Москва | C14: Лебедева Валентина Михайловна | D14: Старший технический работник | E14: Административно-хозяйственный отдел М | F14: 46065 | G14: =IF(C14="","",IF(TRIM(SUBSTITUTE(SUBSTITUTE(SUBSTITUTE(SUBSTITUTE(SUBSTITUTE(SUBSTITUTE(SUBSTITUTE(SUBSTITUTE(SUBSTITUTE(SUBSTITUTE(SUBSTITUTE(LOWER(TRIM(D14)),"ё","е")," -","-"),"- ","-")," 2 разряда","")," 3 разряда","")," 4 разряда","")," 5 разряда","")," 6 разряда","")," 1 категории","")," 2 категории","")," 3 категории",""))="инженер",IF(AND(ISNUMBER(SEARCH("техническ",E14)),ISNUMBER(SEARCH("контрол",E14))),"инженер отк",IF(ISNUMBER(SEARCH("диспетч",E14)),"инженер пдо",TRIM(SUBSTITUTE(SUBSTITUTE(SUBSTITUTE(SUBSTITUTE(SUBSTITUTE(SUBSTITUTE(SUBSTITUTE(SUBSTITUTE(SUBSTITUTE(SUBSTITUTE(SUBSTITUTE(LOWER(TRIM(D14)),"ё","е")," -","-"),"- ","-")," 2 разряда","")," 3 разряда","")," 4 разряда","")," 5 разряда","")," 6 разряда","")," 1 категории","")," 2 категории","")," 3 категории","")))),IF(TRIM(SUBSTITUTE(SUBSTITUTE(SUBSTITUTE(SUBSTITUTE(SUBSTITUTE(SUBSTITUTE(SUBSTITUTE(SUBSTITUTE(SUBSTITUTE(SUBSTITUTE(SUBSTITUTE(LOWER(TRIM(D14)),"ё","е")," -","-"),"- ","-")," 2 разряда","")," 3 разряда","")," 4 разряда","")," 5 разряда","")," 6 разряда","")," 1 категории","")," 2 категории","")," 3 категории",""))="ведущий инженер",IF(ISNUMBER(SEARCH("диспетч",E14)),"ведущий инженер пдо",TRIM(SUBSTITUTE(SUBSTITUTE(SUBSTITUTE(SUBSTITUTE(SUBSTITUTE(SUBSTITUTE(SUBSTITUTE(SUBSTITUTE(SUBSTITUTE(SUBSTITUTE(SUBSTITUTE(LOWER(TRIM(D14)),"ё","е")," -","-"),"- ","-")," 2 разряда","")," 3 разряда","")," 4 разряда","")," 5 разряда","")," 6 разряда","")," 1 категории","")," 2 категории","")," 3 категории",""))),IF(TRIM(SUBSTITUTE(SUBSTITUTE(SUBSTITUTE(SUBSTITUTE(SUBSTITUTE(SUBSTITUTE(SUBSTITUTE(SUBSTITUTE(SUBSTITUTE(SUBSTITUTE(SUBSTITUTE(LOWER(TRIM(D14)),"ё","е")," -","-"),"- ","-")," 2 разряда","")," 3 разряда","")," 4 разряда","")," 5 разряда","")," 6 разряда","")," 1 категории","")," 2 категории","")," 3 категории",""))="контролер","контролер отк",TRIM(SUBSTITUTE(SUBSTITUTE(SUBSTITUTE(SUBSTITUTE(SUBSTITUTE(SUBSTITUTE(SUBSTITUTE(SUBSTITUTE(SUBSTITUTE(SUBSTITUTE(SUBSTITUTE(LOWER(TRIM(D14)),"ё","е")," -","-"),"- ","-")," 2 разряда","")," 3 разряда","")," 4 разряда","")," 5 разряда","")," 6 разряда","")," 1 категории","")," 2 категории","")," 3 категории","")))))) -> старший технический работник | H14: =IF(C14="","",IF(AND(G14="мастер участка",ISNUMBER(SEARCH("РЭО",E14))),29,IFERROR(INDEX(Соответствие!$B$2:$B$100,MATCH(G14,Соответствие!$A$2:$A$100,0)),"?"))) -> 10 | I14: =IF(C14="","",IFERROR(INDEX(Перечень!$C$6:$C$52,MATCH(H14,Перечень!$A$6:$A$52,0)),"")) -> п.1.48, п.4.4, п.5.1 | J14: =IF(C14="","",IFERROR(INDEX(Перечень!$D$6:$D$52,MATCH(H14,Перечень!$A$6:$A$52,0)),12)) -> 12 | M14: =IF(AND(K14="",L14=""),"",EDATE(MAX(K14,L14),J14)) | N14: =IF(C14="","",IFERROR(INDEX(Перечень!$F$6:$F$52,MATCH(H14,Перечень!$A$6:$A$52,0)),"")) -> - | P14: =IF(O14="","",EDATE(O14,60)) | Q14: =IF(AND(K14<>"",F14<>"",K14>F14),"Да","") | R14: =IF(C14="","",IF(M14="","Нет сведений",IF(M14<TODAY(),"Просрочен",IF(M14-TODAY()<=30,"Истекает","В срок")))) -> Нет сведений | S14: =IF(AND(N14="Да",O14=""),"Не пройдено","")
A15: =IF(C15="","",ROW()-5) -> 10 | B15: Москва | C15: Никонова Наталия Евгеньевна | D15: Старший технический работник | E15: Административно-хозяйственный отдел М | F15: 43845 | G15: =IF(C15="","",IF(TRIM(SUBSTITUTE(SUBSTITUTE(SUBSTITUTE(SUBSTITUTE(SUBSTITUTE(SUBSTITUTE(SUBSTITUTE(SUBSTITUTE(SUBSTITUTE(SUBSTITUTE(SUBSTITUTE(LOWER(TRIM(D15)),"ё","е")," -","-"),"- ","-")," 2 разряда","")," 3 разряда","")," 4 разряда","")," 5 разряда","")," 6 разряда","")," 1 категории","")," 2 категории","")," 3 категории",""))="инженер",IF(AND(ISNUMBER(SEARCH("техническ",E15)),ISNUMBER(SEARCH("контрол",E15))),"инженер отк",IF(ISNUMBER(SEARCH("диспетч",E15)),"инженер пдо",TRIM(SUBSTITUTE(SUBSTITUTE(SUBSTITUTE(SUBSTITUTE(SUBSTITUTE(SUBSTITUTE(SUBSTITUTE(SUBSTITUTE(SUBSTITUTE(SUBSTITUTE(SUBSTITUTE(LOWER(TRIM(D15)),"ё","е")," -","-"),"- ","-")," 2 разряда","")," 3 разряда","")," 4 разряда","")," 5 разряда","")," 6 разряда","")," 1 категории","")," 2 категории","")," 3 категории","")))),IF(TRIM(SUBSTITUTE(SUBSTITUTE(SUBSTITUTE(SUBSTITUTE(SUBSTITUTE(SUBSTITUTE(SUBSTITUTE(SUBSTITUTE(SUBSTITUTE(SUBSTITUTE(SUBSTITUTE(LOWER(TRIM(D15)),"ё","е")," -","-"),"- ","-")," 2 разряда","")," 3 разряда","")," 4 разряда","")," 5 разряда","")," 6 разряда","")," 1 категории","")," 2 категории","")," 3 категории",""))="ведущий инженер",IF(ISNUMBER(SEARCH("диспетч",E15)),"ведущий инженер пдо",TRIM(SUBSTITUTE(SUBSTITUTE(SUBSTITUTE(SUBSTITUTE(SUBSTITUTE(SUBSTITUTE(SUBSTITUTE(SUBSTITUTE(SUBSTITUTE(SUBSTITUTE(SUBSTITUTE(LOWER(TRIM(D15)),"ё","е")," -","-"),"- ","-")," 2 разряда","")," 3 разряда","")," 4 разряда","")," 5 разряда","")," 6 разряда","")," 1 категории","")," 2 категории","")," 3 категории",""))),IF(TRIM(SUBSTITUTE(SUBSTITUTE(SUBSTITUTE(SUBSTITUTE(SUBSTITUTE(SUBSTITUTE(SUBSTITUTE(SUBSTITUTE(SUBSTITUTE(SUBSTITUTE(SUBSTITUTE(LOWER(TRIM(D15)),"ё","е")," -","-"),"- ","-")," 2 разряда","")," 3 разряда","")," 4 разряда","")," 5 разряда","")," 6 разряда","")," 1 категории","")," 2 категории","")," 3 категории",""))="контролер","контролер отк",TRIM(SUBSTITUTE(SUBSTITUTE(SUBSTITUTE(SUBSTITUTE(SUBSTITUTE(SUBSTITUTE(SUBSTITUTE(SUBSTITUTE(SUBSTITUTE(SUBSTITUTE(SUBSTITUTE(LOWER(TRIM(D15)),"ё","е")," -","-"),"- ","-")," 2 разряда","")," 3 разряда","")," 4 разряда","")," 5 разряда","")," 6 разряда","")," 1 категории","")," 2 категории","")," 3 категории","")))))) -> старший технический работник | H15: =IF(C15="","",IF(AND(G15="мастер участка",ISNUMBER(SEARCH("РЭО",E15))),29,IFERROR(INDEX(Соответствие!$B$2:$B$100,MATCH(G15,Соответствие!$A$2:$A$100,0)),"?"))) -> 10 | I15: =IF(C15="","",IFERROR(INDEX(Перечень!$C$6:$C$52,MATCH(H15,Перечень!$A$6:$A$52,0)),"")) -> п.1.48, п.4.4, п.5.1 | J15: =IF(C15="","",IFERROR(INDEX(Перечень!$D$6:$D$52,MATCH(H15,Перечень!$A$6:$A$52,0)),12)) -> 12 | M15: =IF(AND(K15="",L15=""),"",EDATE(MAX(K15,L15),J15)) | N15: =IF(C15="","",IFERROR(INDEX(Перечень!$F$6:$F$52,MATCH(H15,Перечень!$A$6:$A$52,0)),"")) -> - | P15: =IF(O15="","",EDATE(O15,60)) | Q15: =IF(AND(K15<>"",F15<>"",K15>F15),"Да","") | R15: =IF(C15="","",IF(M15="","Нет сведений",IF(M15<TODAY(),"Просрочен",IF(M15-TODAY()<=30,"Истекает","В срок")))) -> Нет сведений | S15: =IF(AND(N15="Да",O15=""),"Не пройдено","")
A16: =IF(C16="","",ROW()-5) -> 11 | B16: Внуково | C16: Кукин Эрнст Валерьевич | D16: Реставратор | E16: Производственное подразделение Внуково М | F16: 45789 | G16: =IF(C16="","",IF(TRIM(SUBSTITUTE(SUBSTITUTE(SUBSTITUTE(SUBSTITUTE(SUBSTITUTE(SUBSTITUTE(SUBSTITUTE(SUBSTITUTE(SUBSTITUTE(SUBSTITUTE(SUBSTITUTE(LOWER(TRIM(D16)),"ё","е")," -","-"),"- ","-")," 2 разряда","")," 3 разряда","")," 4 разряда","")," 5 разряда","")," 6 разряда","")," 1 категории","")," 2 категории","")," 3 категории",""))="инженер",IF(AND(ISNUMBER(SEARCH("техническ",E16)),ISNUMBER(SEARCH("контрол",E16))),"инженер отк",IF(ISNUMBER(SEARCH("диспетч",E16)),"инженер пдо",TRIM(SUBSTITUTE(SUBSTITUTE(SUBSTITUTE(SUBSTITUTE(SUBSTITUTE(SUBSTITUTE(SUBSTITUTE(SUBSTITUTE(SUBSTITUTE(SUBSTITUTE(SUBSTITUTE(LOWER(TRIM(D16)),"ё","е")," -","-"),"- ","-")," 2 разряда","")," 3 разряда","")," 4 разряда","")," 5 разряда","")," 6 разряда","")," 1 категории","")," 2 категории","")," 3 категории","")))),IF(TRIM(SUBSTITUTE(SUBSTITUTE(SUBSTITUTE(SUBSTITUTE(SUBSTITUTE(SUBSTITUTE(SUBSTITUTE(SUBSTITUTE(SUBSTITUTE(SUBSTITUTE(SUBSTITUTE(LOWER(TRIM(D16)),"ё","е")," -","-"),"- ","-")," 2 разряда","")," 3 разряда","")," 4 разряда","")," 5 разряда","")," 6 разряда","")," 1 категории","")," 2 категории","")," 3 категории",""))="ведущий инженер",IF(ISNUMBER(SEARCH("диспетч",E16)),"ведущий инженер пдо",TRIM(SUBSTITUTE(SUBSTITUTE(SUBSTITUTE(SUBSTITUTE(SUBSTITUTE(SUBSTITUTE(SUBSTITUTE(SUBSTITUTE(SUBSTITUTE(SUBSTITUTE(SUBSTITUTE(LOWER(TRIM(D16)),"ё","е")," -","-"),"- ","-")," 2 разряда","")," 3 разряда","")," 4 разряда","")," 5 разряда","")," 6 разряда","")," 1 категории","")," 2 категории","")," 3 категории",""))),IF(TRIM(SUBSTITUTE(SUBSTITUTE(SUBSTITUTE(SUBSTITUTE(SUBSTITUTE(SUBSTITUTE(SUBSTITUTE(SUBSTITUTE(SUBSTITUTE(SUBSTITUTE(SUBSTITUTE(LOWER(TRIM(D16)),"ё","е")," -","-"),"- ","-")," 2 разряда","")," 3 разряда","")," 4 разряда","")," 5 разряда","")," 6 разряда","")," 1 категории","")," 2 категории","")," 3 категории",""))="контролер","контролер отк",TRIM(SUBSTITUTE(SUBSTITUTE(SUBSTITUTE(SUBSTITUTE(SUBSTITUTE(SUBSTITUTE(SUBSTITUTE(SUBSTITUTE(SUBSTITUTE(SUBSTITUTE(SUBSTITUTE(LOWER(TRIM(D16)),"ё","е")," -","-"),"- ","-")," 2 разряда","")," 3 разряда","")," 4 разряда","")," 5 разряда","")," 6 разряда","")," 1 категории","")," 2 категории","")," 3 категории","")))))) -> реставратор | H16: =IF(C16="","",IF(AND(G16="мастер участка",ISNUMBER(SEARCH("РЭО",E16))),29,IFERROR(INDEX(Соответствие!$B$2:$B$100,MATCH(G16,Соответствие!$A$2:$A$100,0)),"?"))) -> 9 | I16: =IF(C16="","",IFERROR(INDEX(Перечень!$C$6:$C$52,MATCH(H16,Перечень!$A$6:$A$52,0)),"")) -> п.4.3.1, п.4.4, п.5.1, п.5.2, п.15 | J16: =IF(C16="","",IFERROR(INDEX(Перечень!$D$6:$D$52,MATCH(H16,Перечень!$A$6:$A$52,0)),12)) -> 12 | M16: =IF(AND(K16="",L16=""),"",EDATE(MAX(K16,L16),J16)) | N16: =IF(C16="","",IFERROR(INDEX(Перечень!$F$6:$F$52,MATCH(H16,Перечень!$A$6:$A$52,0)),"")) -> - | P16: =IF(O16="","",EDATE(O16,60)) | Q16: =IF(AND(K16<>"",F16<>"",K16>F16),"Да","") | R16: =IF(C16="","",IF(M16="","Нет сведений",IF(M16<TODAY(),"Просрочен",IF(M16-TODAY()<=30,"Истекает","В срок")))) -> Нет сведений | S16: =IF(AND(N16="Да",O16=""),"Не пройдено","")
A17: =IF(C17="","",ROW()-5) -> 12 | B17: Внуково | C17: Туманов Сергей Дмитриевич | D17: Электромонтажник 4 разряда | E17: Производственное подразделение Внуково М | F17: 45429 | G17: =IF(C17="","",IF(TRIM(SUBSTITUTE(SUBSTITUTE(SUBSTITUTE(SUBSTITUTE(SUBSTITUTE(SUBSTITUTE(SUBSTITUTE(SUBSTITUTE(SUBSTITUTE(SUBSTITUTE(SUBSTITUTE(LOWER(TRIM(D17)),"ё","е")," -","-"),"- ","-")," 2 разряда","")," 3 разряда","")," 4 разряда","")," 5 разряда","")," 6 разряда","")," 1 категории","")," 2 категории","")," 3 категории",""))="инженер",IF(AND(ISNUMBER(SEARCH("техническ",E17)),ISNUMBER(SEARCH("контрол",E17))),"инженер отк",IF(ISNUMBER(SEARCH("диспетч",E17)),"инженер пдо",TRIM(SUBSTITUTE(SUBSTITUTE(SUBSTITUTE(SUBSTITUTE(SUBSTITUTE(SUBSTITUTE(SUBSTITUTE(SUBSTITUTE(SUBSTITUTE(SUBSTITUTE(SUBSTITUTE(LOWER(TRIM(D17)),"ё","е")," -","-"),"- ","-")," 2 разряда","")," 3 разряда","")," 4 разряда","")," 5 разряда","")," 6 разряда","")," 1 категории","")," 2 категории","")," 3 категории","")))),IF(TRIM(SUBSTITUTE(SUBSTITUTE(SUBSTITUTE(SUBSTITUTE(SUBSTITUTE(SUBSTITUTE(SUBSTITUTE(SUBSTITUTE(SUBSTITUTE(SUBSTITUTE(SUBSTITUTE(LOWER(TRIM(D17)),"ё","е")," -","-"),"- ","-")," 2 разряда","")," 3 разряда","")," 4 разряда","")," 5 разряда","")," 6 разряда","")," 1 категории","")," 2 категории","")," 3 категории",""))="ведущий инженер",IF(ISNUMBER(SEARCH("диспетч",E17)),"ведущий инженер пдо",TRIM(SUBSTITUTE(SUBSTITUTE(SUBSTITUTE(SUBSTITUTE(SUBSTITUTE(SUBSTITUTE(SUBSTITUTE(SUBSTITUTE(SUBSTITUTE(SUBSTITUTE(SUBSTITUTE(LOWER(TRIM(D17)),"ё","е")," -","-"),"- ","-")," 2 разряда","")," 3 разряда","")," 4 разряда","")," 5 разряда","")," 6 разряда","")," 1 категории","")," 2 категории","")," 3 категории",""))),IF(TRIM(SUBSTITUTE(SUBSTITUTE(SUBSTITUTE(SUBSTITUTE(SUBSTITUTE(SUBSTITUTE(SUBSTITUTE(SUBSTITUTE(SUBSTITUTE(SUBSTITUTE(SUBSTITUTE(LOWER(TRIM(D17)),"ё","е")," -","-"),"- ","-")," 2 разряда","")," 3 разряда","")," 4 разряда","")," 5 разряда","")," 6 разряда","")," 1 категории","")," 2 категории","")," 3 категории",""))="контролер","контролер отк",TRIM(SUBSTITUTE(SUBSTITUTE(SUBSTITUTE(SUBSTITUTE(SUBSTITUTE(SUBSTITUTE(SUBSTITUTE(SUBSTITUTE(SUBSTITUTE(SUBSTITUTE(SUBSTITUTE(LOWER(TRIM(D17)),"ё","е")," -","-"),"- ","-")," 2 разряда","")," 3 разряда","")," 4 разряда","")," 5 разряда","")," 6 разряда","")," 1 категории","")," 2 категории","")," 3 категории","")))))) -> электромонтажник | H17: =IF(C17="","",IF(AND(G17="мастер участка",ISNUMBER(SEARCH("РЭО",E17))),29,IFERROR(INDEX(Соответствие!$B$2:$B$100,MATCH(G17,Соответствие!$A$2:$A$100,0)),"?"))) -> 20 | I17: =IF(C17="","",IFERROR(INDEX(Перечень!$C$6:$C$52,MATCH(H17,Перечень!$A$6:$A$52,0)),"")) -> п.4.3.1, п.4.3.2, п.4.4, п.4.9, п.5.1, п.5.2, п.6.2, п.9 | J17: =IF(C17="","",IFERROR(INDEX(Перечень!$D$6:$D$52,MATCH(H17,Перечень!$A$6:$A$52,0)),12)) -> 12 | M17: =IF(AND(K17="",L17=""),"",EDATE(MAX(K17,L17),J17)) | N17: =IF(C17="","",IFERROR(INDEX(Перечень!$F$6:$F$52,MATCH(H17,Перечень!$A$6:$A$52,0)),"")) -> Да | P17: =IF(O17="","",EDATE(O17,60)) | Q17: =IF(AND(K17<>"",F17<>"",K17>F17),"Да","") | R17: =IF(C17="","",IF(M17="","Нет сведений",IF(M17<TODAY(),"Просрочен",IF(M17-TODAY()<=30,"Истекает","В срок")))) -> Нет сведений | S17: =IF(AND(N17="Да",O17=""),"Не пройдено","") -> Не пройдено
... A22: =IF(C22="","",ROW()-5) -> 17 | B22: Внуково | C22: Постульгин Александр Валентинович | D22: Слесарь-сборщик 5 разряда | E22: Производственное подразделение Внуково М | F22: 45208 | G22: =IF(C22="","",IF(TRIM(SUBSTITUTE(SUBSTITUTE(SUBSTITUTE(SUBSTITUTE(SUBSTITUTE(SUBSTITUTE(SUBSTITUTE(SUBSTITUTE(SUBSTITUTE(SUBSTITUTE(SUBSTITUTE(LOWER(TRIM(D22)),"ё","е")," -","-"),"- ","-")," 2 разряда","")," 3 разряда","")," 4 разряда","")," 5 разряда","")," 6 разряда","")," 1 категории","")," 2 категории","")," 3 категории",""))="инженер",IF(AND(ISNUMBER(SEARCH("техническ",E22)),ISNUMBER(SEARCH("контрол",E22))),"инженер отк",IF(ISNUMBER(SEARCH("диспетч",E22)),"инженер пдо",TRIM(SUBSTITUTE(SUBSTITUTE(SUBSTITUTE(SUBSTITUTE(SUBSTITUTE(SUBSTITUTE(SUBSTITUTE(SUBSTITUTE(SUBSTITUTE(SUBSTITUTE(SUBSTITUTE(LOWER(TRIM(D22)),"ё","е")," -","-"),"- ","-")," 2 разряда","")," 3 разряда","")," 4 разряда","")," 5 разряда","")," 6 разряда","")," 1 категории","")," 2 категории","")," 3 категории","")))),IF(TRIM(SUBSTITUTE(SUBSTITUTE(SUBSTITUTE(SUBSTITUTE(SUBSTITUTE(SUBSTITUTE(SUBSTITUTE(SUBSTITUTE(SUBSTITUTE(SUBSTITUTE(SUBSTITUTE(LOWER(TRIM(D22)),"ё","е")," -","-"),"- ","-")," 2 разряда","")," 3 разряда","")," 4 разряда","")," 5 разряда","")," 6 разряда","")," 1 категории","")," 2 категории","")," 3 категории",""))="ведущий инженер",IF(ISNUMBER(SEARCH("диспетч",E22)),"ведущий инженер пдо",TRIM(SUBSTITUTE(SUBSTITUTE(SUBSTITUTE(SUBSTITUTE(SUBSTITUTE(SUBSTITUTE(SUBSTITUTE(SUBSTITUTE(SUBSTITUTE(SUBSTITUTE(SUBSTITUTE(LOWER(TRIM(D22)),"ё","е")," -","-"),"- ","-")," 2 разряда","")," 3 разряда","")," 4 разряда","")," 5 разряда","")," 6 разряда","")," 1 категории","")," 2 категории","")," 3 категории",""))),IF(TRIM(SUBSTITUTE(SUBSTITUTE(SUBSTITUTE(SUBSTITUTE(SUBSTITUTE(SUBSTITUTE(SUBSTITUTE(SUBSTITUTE(SUBSTITUTE(SUBSTITUTE(SUBSTITUTE(LOWER(TRIM(D22)),"ё","е")," -","-"),"- ","-")," 2 разряда","")," 3 разряда","")," 4 разряда","")," 5 разряда","")," 6 разряда","")," 1 категории","")," 2 категории","")," 3 категории",""))="контролер","контролер отк",TRIM(SUBSTITUTE(SUBSTITUTE(SUBSTITUTE(SUBSTITUTE(SUBSTITUTE(SUBSTITUTE(SUBSTITUTE(SUBSTITUTE(SUBSTITUTE(SUBSTITUTE(SUBSTITUTE(LOWER(TRIM(D22)),"ё","е")," -","-"),"- ","-")," 2 разряда","")," 3 разряда","")," 4 разряда","")," 5 разряда","")," 6 разряда","")," 1 категории","")," 2 категории","")," 3 категории","")))))) -> слесарь-сборщик | H22: =IF(C22="","",IF(AND(G22="мастер участка",ISNUMBER(SEARCH("РЭО",E22))),29,IFERROR(INDEX(Соответствие!$B$2:$B$100,MATCH(G22,Соответствие!$A$2:$A$100,0)),"?"))) -> 19 | I22: =IF(C22="","",IFERROR(INDEX(Перечень!$C$6:$C$52,MATCH(H22,Перечень!$A$6:$A$52,0)),"")) -> п.4.3.1, п.4.3.2, п.4.4, п.5.1, п.6.2, п.15 | J22: =IF(C22="","",IFERROR(INDEX(Перечень!$D$6:$D$52,MATCH(H22,Перечень!$A$6:$A$52,0)),12)) -> 12 | M22: =IF(AND(K22="",L22=""),"",EDATE(MAX(K22,L22),J22)) | N22: =IF(C22="","",IFERROR(INDEX(Перечень!$F$6:$F$52,MATCH(H22,Перечень!$A$6:$A$52,0)),"")) -> - | P22: =IF(O22="","",EDATE(O22,60)) | Q22: =IF(AND(K22<>"",F22<>"",K22>F22),"Да","") | R22: =IF(C22="","",IF(M22="","Нет сведений",IF(M22<TODAY(),"Просрочен",IF(M22-TODAY()<=30,"Истекает","В срок")))) -> Нет сведений | S22: =IF(AND(N22="Да",O22=""),"Не пройдено","")
A23: =IF(C23="","",ROW()-5) -> 18 | B23: Внуково | C23: Луданцев Алексей Владимирович | D23: Слесарь-сборщик 4 разряда | E23: Производственное подразделение Внуково М | F23: 45950 | G23: =IF(C23="","",IF(TRIM(SUBSTITUTE(SUBSTITUTE(SUBSTITUTE(SUBSTITUTE(SUBSTITUTE(SUBSTITUTE(SUBSTITUTE(SUBSTITUTE(SUBSTITUTE(SUBSTITUTE(SUBSTITUTE(LOWER(TRIM(D23)),"ё","е")," -","-"),"- ","-")," 2 разряда","")," 3 разряда","")," 4 разряда","")," 5 разряда","")," 6 разряда","")," 1 категории","")," 2 категории","")," 3 категории",""))="инженер",IF(AND(ISNUMBER(SEARCH("техническ",E23)),ISNUMBER(SEARCH("контрол",E23))),"инженер отк",IF(ISNUMBER(SEARCH("диспетч",E23)),"инженер пдо",TRIM(SUBSTITUTE(SUBSTITUTE(SUBSTITUTE(SUBSTITUTE(SUBSTITUTE(SUBSTITUTE(SUBSTITUTE(SUBSTITUTE(SUBSTITUTE(SUBSTITUTE(SUBSTITUTE(LOWER(TRIM(D23)),"ё","е")," -","-"),"- ","-")," 2 разряда","")," 3 разряда","")," 4 разряда","")," 5 разряда","")," 6 разряда","")," 1 категории","")," 2 категории","")," 3 категории","")))),IF(TRIM(SUBSTITUTE(SUBSTITUTE(SUBSTITUTE(SUBSTITUTE(SUBSTITUTE(SUBSTITUTE(SUBSTITUTE(SUBSTITUTE(SUBSTITUTE(SUBSTITUTE(SUBSTITUTE(LOWER(TRIM(D23)),"ё","е")," -","-"),"- ","-")," 2 разряда","")," 3 разряда","")," 4 разряда","")," 5 разряда","")," 6 разряда","")," 1 категории","")," 2 категории","")," 3 категории",""))="ведущий инженер",IF(ISNUMBER(SEARCH("диспетч",E23)),"ведущий инженер пдо",TRIM(SUBSTITUTE(SUBSTITUTE(SUBSTITUTE(SUBSTITUTE(SUBSTITUTE(SUBSTITUTE(SUBSTITUTE(SUBSTITUTE(SUBSTITUTE(SUBSTITUTE(SUBSTITUTE(LOWER(TRIM(D23)),"ё","е")," -","-"),"- ","-")," 2 разряда","")," 3 разряда","")," 4 разряда","")," 5 разряда","")," 6 разряда","")," 1 категории","")," 2 категории","")," 3 категории",""))),IF(TRIM(SUBSTITUTE(SUBSTITUTE(SUBSTITUTE(SUBSTITUTE(SUBSTITUTE(SUBSTITUTE(SUBSTITUTE(SUBSTITUTE(SUBSTITUTE(SUBSTITUTE(SUBSTITUTE(LOWER(TRIM(D23)),"ё","е")," -","-"),"- ","-")," 2 разряда","")," 3 разряда","")," 4 разряда","")," 5 разряда","")," 6 разряда","")," 1 категории","")," 2 категории","")," 3 категории",""))="контролер","контролер отк",TRIM(SUBSTITUTE(SUBSTITUTE(SUBSTITUTE(SUBSTITUTE(SUBSTITUTE(SUBSTITUTE(SUBSTITUTE(SUBSTITUTE(SUBSTITUTE(SUBSTITUTE(SUBSTITUTE(LOWER(TRIM(D23)),"ё","е")," -","-"),"- ","-")," 2 разряда","")," 3 разряда","")," 4 разряда","")," 5 разряда","")," 6 разряда","")," 1 категории","")," 2 категории","")," 3 категории","")))))) -> слесарь-сборщик | H23: =IF(C23="","",IF(AND(G23="мастер участка",ISNUMBER(SEARCH("РЭО",E23))),29,IFERROR(INDEX(Соответствие!$B$2:$B$100,MATCH(G23,Соответствие!$A$2:$A$100,0)),"?"))) -> 19 | I23: =IF(C23="","",IFERROR(INDEX(Перечень!$C$6:$C$52,MATCH(H23,Перечень!$A$6:$A$52,0)),"")) -> п.4.3.1, п.4.3.2, п.4.4, п.5.1, п.6.2, п.15 | J23: =IF(C23="","",IFERROR(INDEX(Перечень!$D$6:$D$52,MATCH(H23,Перечень!$A$6:$A$52,0)),12)) -> 12 | K23: 45940 | M23: =IF(AND(K23="",L23=""),"",EDATE(MAX(K23,L23),J23)) -> 46305 | N23: =IF(C23="","",IFERROR(INDEX(Перечень!$F$6:$F$52,MATCH(H23,Перечень!$A$6:$A$52,0)),"")) -> - | P23: =IF(O23="","",EDATE(O23,60)) | Q23: =IF(AND(K23<>"",F23<>"",K23>F23),"Да","") | R23: =IF(C23="","",IF(M23="","Нет сведений",IF(M23<TODAY(),"Просрочен",IF(M23-TODAY()<=30,"Истекает","В срок")))) -> Просрочен | S23: =IF(AND(N23="Да",O23=""),"Не пройдено","")
A24: =IF(C24="","",ROW()-5) -> 19 | B24: Внуково | C24: Варламов Олег Владимирович | D24: Менеджер-комплектовщик | E24: Производственное подразделение Внуково М | F24: 44152 | G24: =IF(C24="","",IF(TRIM(SUBSTITUTE(SUBSTITUTE(SUBSTITUTE(SUBSTITUTE(SUBSTITUTE(SUBSTITUTE(SUBSTITUTE(SUBSTITUTE(SUBSTITUTE(SUBSTITUTE(SUBSTITUTE(LOWER(TRIM(D24)),"ё","е")," -","-"),"- ","-")," 2 разряда","")," 3 разряда","")," 4 разряда","")," 5 разряда","")," 6 разряда","")," 1 категории","")," 2 категории","")," 3 категории",""))="инженер",IF(AND(ISNUMBER(SEARCH("техническ",E24)),ISNUMBER(SEARCH("контрол",E24))),"инженер отк",IF(ISNUMBER(SEARCH("диспетч",E24)),"инженер пдо",TRIM(SUBSTITUTE(SUBSTITUTE(SUBSTITUTE(SUBSTITUTE(SUBSTITUTE(SUBSTITUTE(SUBSTITUTE(SUBSTITUTE(SUBSTITUTE(SUBSTITUTE(SUBSTITUTE(LOWER(TRIM(D24)),"ё","е")," -","-"),"- ","-")," 2 разряда","")," 3 разряда","")," 4 разряда","")," 5 разряда","")," 6 разряда","")," 1 категории","")," 2 категории","")," 3 категории","")))),IF(TRIM(SUBSTITUTE(SUBSTITUTE(SUBSTITUTE(SUBSTITUTE(SUBSTITUTE(SUBSTITUTE(SUBSTITUTE(SUBSTITUTE(SUBSTITUTE(SUBSTITUTE(SUBSTITUTE(LOWER(TRIM(D24)),"ё","е")," -","-"),"- ","-")," 2 разряда","")," 3 разряда","")," 4 разряда","")," 5 разряда","")," 6 разряда","")," 1 категории","")," 2 категории","")," 3 категории",""))="ведущий инженер",IF(ISNUMBER(SEARCH("диспетч",E24)),"ведущий инженер пдо",TRIM(SUBSTITUTE(SUBSTITUTE(SUBSTITUTE(SUBSTITUTE(SUBSTITUTE(SUBSTITUTE(SUBSTITUTE(SUBSTITUTE(SUBSTITUTE(SUBSTITUTE(SUBSTITUTE(LOWER(TRIM(D24)),"ё","е")," -","-"),"- ","-")," 2 разряда","")," 3 разряда","")," 4 разряда","")," 5 разряда","")," 6 разряда","")," 1 категории","")," 2 категории","")," 3 категории",""))),IF(TRIM(SUBSTITUTE(SUBSTITUTE(SUBSTITUTE(SUBSTITUTE(SUBSTITUTE(SUBSTITUTE(SUBSTITUTE(SUBSTITUTE(SUBSTITUTE(SUBSTITUTE(SUBSTITUTE(LOWER(TRIM(D24)),"ё","е")," -","-"),"- ","-")," 2 разряда","")," 3 разряда","")," 4 разряда","")," 5 разряда","")," 6 разряда","")," 1 категории","")," 2 категории","")," 3 категории",""))="контролер","контролер отк",TRIM(SUBSTITUTE(SUBSTITUTE(SUBSTITUTE(SUBSTITUTE(SUBSTITUTE(SUBSTITUTE(SUBSTITUTE(SUBSTITUTE(SUBSTITUTE(SUBSTITUTE(SUBSTITUTE(LOWER(TRIM(D24)),"ё","е")," -","-"),"- ","-")," 2 разряда","")," 3 разряда","")," 4 разряда","")," 5 разряда","")," 6 разряда","")," 1 категории","")," 2 категории","")," 3 категории","")))))) -> менеджер-комплектовщик | H24: =IF(C24="","",IF(AND(G24="мастер участка",ISNUMBER(SEARCH("РЭО",E24))),29,IFERROR(INDEX(Соответствие!$B$2:$B$100,MATCH(G24,Соответствие!$A$2:$A$100,0)),"?"))) -> 22 | I24: =IF(C24="","",IFERROR(INDEX(Перечень!$C$6:$C$52,MATCH(H24,Перечень!$A$6:$A$52,0)),"")) -> п.4.4, п.5.1, п.6.2 | J24: =IF(C24="","",IFERROR(INDEX(Перечень!$D$6:$D$52,MATCH(H24,Перечень!$A$6:$A$52,0)),12)) -> 12 | M24: =IF(AND(K24="",L24=""),"",EDATE(MAX(K24,L24),J24)) | N24: =IF(C24="","",IFERROR(INDEX(Перечень!$F$6:$F$52,MATCH(H24,Перечень!$A$6:$A$52,0)),"")) -> - | P24: =IF(O24="","",EDATE(O24,60)) | Q24: =IF(AND(K24<>"",F24<>"",K24>F24),"Да","") | R24: =IF(C24="","",IF(M24="","Нет сведений",IF(M24<TODAY(),"Просрочен",IF(M24-TODAY()<=30,"Истекает","В срок")))) -> Нет сведений | S24: =IF(AND(N24="Да",O24=""),"Не пройдено","")
A25: =IF(C25="","",ROW()-5) -> 20 | B25: Внуково | C25: Климачев Сергей Валерьевич | D25: Заместитель директора департамента-Начальник производственного подразделения | E25: Производственное подразделение Внуково М | F25: 41334 | G25: =IF(C25="","",IF(TRIM(SUBSTITUTE(SUBSTITUTE(SUBSTITUTE(SUBSTITUTE(SUBSTITUTE(SUBSTITUTE(SUBSTITUTE(SUBSTITUTE(SUBSTITUTE(SUBSTITUTE(SUBSTITUTE(LOWER(TRIM(D25)),"ё","е")," -","-"),"- ","-")," 2 разряда","")," 3 разряда","")," 4 разряда","")," 5 разряда","")," 6 разряда","")," 1 категории","")," 2 категории","")," 3 категории",""))="инженер",IF(AND(ISNUMBER(SEARCH("техническ",E25)),ISNUMBER(SEARCH("контрол",E25))),"инженер отк",IF(ISNUMBER(SEARCH("диспетч",E25)),"инженер пдо",TRIM(SUBSTITUTE(SUBSTITUTE(SUBSTITUTE(SUBSTITUTE(SUBSTITUTE(SUBSTITUTE(SUBSTITUTE(SUBSTITUTE(SUBSTITUTE(SUBSTITUTE(SUBSTITUTE(LOWER(TRIM(D25)),"ё","е")," -","-"),"- ","-")," 2 разряда","")," 3 разряда","")," 4 разряда","")," 5 разряда","")," 6 разряда","")," 1 категории","")," 2 категории","")," 3 категории","")))),IF(TRIM(SUBSTITUTE(SUBSTITUTE(SUBSTITUTE(SUBSTITUTE(SUBSTITUTE(SUBSTITUTE(SUBSTITUTE(SUBSTITUTE(SUBSTITUTE(SUBSTITUTE(SUBSTITUTE(LOWER(TRIM(D25)),"ё","е")," -","-"),"- ","-")," 2 разряда","")," 3 разряда","")," 4 разряда","")," 5 разряда","")," 6 разряда","")," 1 категории","")," 2 категории","")," 3 категории",""))="ведущий инженер",IF(ISNUMBER(SEARCH("диспетч",E25)),"ведущий инженер пдо",TRIM(SUBSTITUTE(SUBSTITUTE(SUBSTITUTE(SUBSTITUTE(SUBSTITUTE(SUBSTITUTE(SUBSTITUTE(SUBSTITUTE(SUBSTITUTE(SUBSTITUTE(SUBSTITUTE(LOWER(TRIM(D25)),"ё","е")," -","-"),"- ","-")," 2 разряда","")," 3 разряда","")," 4 разряда","")," 5 разряда","")," 6 разряда","")," 1 категории","")," 2 категории","")," 3 категории",""))),IF(TRIM(SUBSTITUTE(SUBSTITUTE(SUBSTITUTE(SUBSTITUTE(SUBSTITUTE(SUBSTITUTE(SUBSTITUTE(SUBSTITUTE(SUBSTITUTE(SUBSTITUTE(SUBSTITUTE(LOWER(TRIM(D25)),"ё","е")," -","-"),"- ","-")," 2 разряда","")," 3 разряда","")," 4 разряда","")," 5 разряда","")," 6 разряда","")," 1 категории","")," 2 категории","")," 3 категории",""))="контролер","контролер отк",TRIM(SUBSTITUTE(SUBSTITUTE(SUBSTITUTE(SUBSTITUTE(SUBSTITUTE(SUBSTITUTE(SUBSTITUTE(SUBSTITUTE(SUBSTITUTE(SUBSTITUTE(SUBSTITUTE(LOWER(TRIM(D25)),"ё","е")," -","-"),"- ","-")," 2 разряда","")," 3 разряда","")," 4 разряда","")," 5 разряда","")," 6 разряда","")," 1 категории","")," 2 категории","")," 3 категории","")))))) -> заместитель директора департамента-начальник производственного подразделения | H25: =IF(C25="","",IF(AND(G25="мастер участка",ISNUMBER(SEARCH("РЭО",E25))),29,IFERROR(INDEX(Соответствие!$B$2:$B$100,MATCH(G25,Соответствие!$A$2:$A$100,0)),"?"))) -> 42 | I25: =IF(C25="","",IFERROR(INDEX(Перечень!$C$6:$C$52,MATCH(H25,Перечень!$A$6:$A$52,0)),"")) -> п.4.3.2, п.4.4, п.5.1, п.5.2, п.6.2 | J25: =IF(C25="","",IFERROR(INDEX(Перечень!$D$6:$D$52,MATCH(H25,Перечень!$A$6:$A$52,0)),12)) -> 12 | M25: =IF(AND(K25="",L25=""),"",EDATE(MAX(K25,L25),J25)) | N25: =IF(C25="","",IFERROR(INDEX(Перечень!$F$6:$F$52,MATCH(H25,Перечень!$A$6:$A$52,0)),"")) -> - | P25: =IF(O25="","",EDATE(O25,60)) | Q25: =IF(AND(K25<>"",F25<>"",K25>F25),"Да","") | R25: =IF(C25="","",IF(M25="","Нет сведений",IF(M25<TODAY(),"Просрочен",IF(M25-TODAY()<=30,"Истекает","В срок")))) -> Нет сведений | S25: =IF(AND(N25="Да",O25=""),"Не пройдено","")
A26: =IF(C26="","",ROW()-5) -> 21 | B26: Москва | C26: Заворотный Дмитрий Дмитриевич | D26: Старший оперативный дежурный | E26: Отдел режима М | F26: 45957 | G26: =IF(C26="","",IF(TRIM(SUBSTITUTE(SUBSTITUTE(SUBSTITUTE(SUBSTITUTE(SUBSTITUTE(SUBSTITUTE(SUBSTITUTE(SUBSTITUTE(SUBSTITUTE(SUBSTITUTE(SUBSTITUTE(LOWER(TRIM(D26)),"ё","е")," -","-"),"- ","-")," 2 разряда","")," 3 разряда","")," 4 разряда","")," 5 разряда","")," 6 разряда","")," 1 категории","")," 2 категории","")," 3 категории",""))="инженер",IF(AND(ISNUMBER(SEARCH("техническ",E26)),ISNUMBER(SEARCH("контрол",E26))),"инженер отк",IF(ISNUMBER(SEARCH("диспетч",E26)),"инженер пдо",TRIM(SUBSTITUTE(SUBSTITUTE(SUBSTITUTE(SUBSTITUTE(SUBSTITUTE(SUBSTITUTE(SUBSTITUTE(SUBSTITUTE(SUBSTITUTE(SUBSTITUTE(SUBSTITUTE(LOWER(TRIM(D26)),"ё","е")," -","-"),"- ","-")," 2 разряда","")," 3 разряда","")," 4 разряда","")," 5 разряда","")," 6 разряда","")," 1 категории","")," 2 категории","")," 3 категории","")))),IF(TRIM(SUBSTITUTE(SUBSTITUTE(SUBSTITUTE(SUBSTITUTE(SUBSTITUTE(SUBSTITUTE(SUBSTITUTE(SUBSTITUTE(SUBSTITUTE(SUBSTITUTE(SUBSTITUTE(LOWER(TRIM(D26)),"ё","е")," -","-"),"- ","-")," 2 разряда","")," 3 разряда","")," 4 разряда","")," 5 разряда","")," 6 разряда","")," 1 категории","")," 2 категории","")," 3 категории",""))="ведущий инженер",IF(ISNUMBER(SEARCH("диспетч",E26)),"ведущий инженер пдо",TRIM(SUBSTITUTE(SUBSTITUTE(SUBSTITUTE(SUBSTITUTE(SUBSTITUTE(SUBSTITUTE(SUBSTITUTE(SUBSTITUTE(SUBSTITUTE(SUBSTITUTE(SUBSTITUTE(LOWER(TRIM(D26)),"ё","е")," -","-"),"- ","-")," 2 разряда","")," 3 разряда","")," 4 разряда","")," 5 разряда","")," 6 разряда","")," 1 категории","")," 2 категории","")," 3 категории",""))),IF(TRIM(SUBSTITUTE(SUBSTITUTE(SUBSTITUTE(SUBSTITUTE(SUBSTITUTE(SUBSTITUTE(SUBSTITUTE(SUBSTITUTE(SUBSTITUTE(SUBSTITUTE(SUBSTITUTE(LOWER(TRIM(D26)),"ё","е")," -","-"),"- ","-")," 2 разряда","")," 3 разряда","")," 4 разряда","")," 5 разряда","")," 6 разряда","")," 1 категории","")," 2 категории","")," 3 категории",""))="контролер","контролер отк",TRIM(SUBSTITUTE(SUBSTITUTE(SUBSTITUTE(SUBSTITUTE(SUBSTITUTE(SUBSTITUTE(SUBSTITUTE(SUBSTITUTE(SUBSTITUTE(SUBSTITUTE(SUBSTITUTE(LOWER(TRIM(D26)),"ё","е")," -","-"),"- ","-")," 2 разряда","")," 3 разряда","")," 4 разряда","")," 5 разряда","")," 6 разряда","")," 1 категории","")," 2 категории","")," 3 категории","")))))) -> старший оперативный дежурный | H26: =IF(C26="","",IF(AND(G26="мастер участка",ISNUMBER(SEARCH("РЭО",E26))),29,IFERROR(INDEX(Соответствие!$B$2:$B$100,MATCH(G26,Соответствие!$A$2:$A$100,0)),"?"))) -> 45 | I26: =IF(C26="","",IFERROR(INDEX(Перечень!$C$6:$C$52,MATCH(H26,Перечень!$A$6:$A$52,0)),"")) -> п.4.7, п.4.8, п.5.1, п.5.2 | J26: =IF(C26="","",IFERROR(INDEX(Перечень!$D$6:$D$52,MATCH(H26,Перечень!$A$6:$A$52,0)),12)) -> 12 | M26: =IF(AND(K26="",L26=""),"",EDATE(MAX(K26,L26),J26)) | N26: =IF(C26="","",IFERROR(INDEX(Перечень!$F$6:$F$52,MATCH(H26,Перечень!$A$6:$A$52,0)),"")) -> Нет | P26: =IF(O26="","",EDATE(O26,60)) | Q26: =IF(AND(K26<>"",F26<>"",K26>F26),"Да","") | R26: =IF(C26="","",IF(M26="","Нет сведений",IF(M26<TODAY(),"Просрочен",IF(M26-TODAY()<=30,"Истекает","В срок")))) -> Нет сведений | S26: =IF(AND(N26="Да",O26=""),"Не пройдено","")
A27: =IF(C27="","",ROW()-5) -> 22 | B27: Москва | C27: Горбушин Сергей Юрьевич | D27: Оперативный дежурный | E27: Отдел режима М | F27: 45551 | G27: =IF(C27="","",IF(TRIM(SUBSTITUTE(SUBSTITUTE(SUBSTITUTE(SUBSTITUTE(SUBSTITUTE(SUBSTITUTE(SUBSTITUTE(SUBSTITUTE(SUBSTITUTE(SUBSTITUTE(SUBSTITUTE(LOWER(TRIM(D27)),"ё","е")," -","-"),"- ","-")," 2 разряда","")," 3 разряда","")," 4 разряда","")," 5 разряда","")," 6 разряда","")," 1 категории","")," 2 категории","")," 3 категории",""))="инженер",IF(AND(ISNUMBER(SEARCH("техническ",E27)),ISNUMBER(SEARCH("контрол",E27))),"инженер отк",IF(ISNUMBER(SEARCH("диспетч",E27)),"инженер пдо",TRIM(SUBSTITUTE(SUBSTITUTE(SUBSTITUTE(SUBSTITUTE(SUBSTITUTE(SUBSTITUTE(SUBSTITUTE(SUBSTITUTE(SUBSTITUTE(SUBSTITUTE(SUBSTITUTE(LOWER(TRIM(D27)),"ё","е")," -","-"),"- ","-")," 2 разряда","")," 3 разряда","")," 4 разряда","")," 5 разряда","")," 6 разряда","")," 1 категории","")," 2 категории","")," 3 категории","")))),IF(TRIM(SUBSTITUTE(SUBSTITUTE(SUBSTITUTE(SUBSTITUTE(SUBSTITUTE(SUBSTITUTE(SUBSTITUTE(SUBSTITUTE(SUBSTITUTE(SUBSTITUTE(SUBSTITUTE(LOWER(TRIM(D27)),"ё","е")," -","-"),"- ","-")," 2 разряда","")," 3 разряда","")," 4 разряда","")," 5 разряда","")," 6 разряда","")," 1 категории","")," 2 категории","")," 3 категории",""))="ведущий инженер",IF(ISNUMBER(SEARCH("диспетч",E27)),"ведущий инженер пдо",TRIM(SUBSTITUTE(SUBSTITUTE(SUBSTITUTE(SUBSTITUTE(SUBSTITUTE(SUBSTITUTE(SUBSTITUTE(SUBSTITUTE(SUBSTITUTE(SUBSTITUTE(SUBSTITUTE(LOWER(TRIM(D27)),"ё","е")," -","-"),"- ","-")," 2 разряда","")," 3 разряда","")," 4 разряда","")," 5 разряда","")," 6 разряда","")," 1 категории","")," 2 категории","")," 3 категории",""))),IF(TRIM(SUBSTITUTE(SUBSTITUTE(SUBSTITUTE(SUBSTITUTE(SUBSTITUTE(SUBSTITUTE(SUBSTITUTE(SUBSTITUTE(SUBSTITUTE(SUBSTITUTE(SUBSTITUTE(LOWER(TRIM(D27)),"ё","е")," -","-"),"- ","-")," 2 разряда","")," 3 разряда","")," 4 разряда","")," 5 разряда","")," 6 разряда","")," 1 категории","")," 2 категории","")," 3 категории",""))="контролер","контролер отк",TRIM(SUBSTITUTE(SUBSTITUTE(SUBSTITUTE(SUBSTITUTE(SUBSTITUTE(SUBSTITUTE(SUBSTITUTE(SUBSTITUTE(SUBSTITUTE(SUBSTITUTE(SUBSTITUTE(LOWER(TRIM(D27)),"ё","е")," -","-"),"- ","-")," 2 разряда","")," 3 разряда","")," 4 разряда","")," 5 разряда","")," 6 разряда","")," 1 категории","")," 2 категории","")," 3 категории","")))))) -> оперативный дежурный | H27: =IF(C27="","",IF(AND(G27="мастер участка",ISNUMBER(SEARCH("РЭО",E27))),29,IFERROR(INDEX(Соответствие!$B$2:$B$100,MATCH(G27,Соответствие!$A$2:$A$100,0)),"?"))) -> 45 | I27: =IF(C27="","",IFERROR(INDEX(Перечень!$C$6:$C$52,MATCH(H27,Перечень!$A$6:$A$52,0)),"")) -> п.4.7, п.4.8, п.5.1, п.5.2 | J27: =IF(C27="","",IFERROR(INDEX(Перечень!$D$6:$D$52,MATCH(H27,Перечень!$A$6:$A$52,0)),12)) -> 12 | M27: =IF(AND(K27="",L27=""),"",EDATE(MAX(K27,L27),J27)) | N27: =IF(C27="","",IFERROR(INDEX(Перечень!$F$6:$F$52,MATCH(H27,Перечень!$A$6:$A$52,0)),"")) -> Нет | P27: =IF(O27="","",EDATE(O27,60)) | Q27: =IF(AND(K27<>"",F27<>"",K27>F27),"Да","") | R27: =IF(C27="","",IF(M27="","Нет сведений",IF(M27<TODAY(),"Просрочен",IF(M27-TODAY()<=30,"Истекает","В срок")))) -> Нет сведений | S27: =IF(AND(N27="Да",O27=""),"Не пройдено","")
A28: =IF(C28="","",ROW()-5) -> 23 | B28: Москва | C28: Кисельников Николай Михайлович | D28: Оперативный дежурный | E28: Отдел режима М | F28: 44092 | G28: =IF(C28="","",IF(TRIM(SUBSTITUTE(SUBSTITUTE(SUBSTITUTE(SUBSTITUTE(SUBSTITUTE(SUBSTITUTE(SUBSTITUTE(SUBSTITUTE(SUBSTITUTE(SUBSTITUTE(SUBSTITUTE(LOWER(TRIM(D28)),"ё","е")," -","-"),"- ","-")," 2 разряда","")," 3 разряда","")," 4 разряда","")," 5 разряда","")," 6 разряда","")," 1 категории","")," 2 категории","")," 3 категории",""))="инженер",IF(AND(ISNUMBER(SEARCH("техническ",E28)),ISNUMBER(SEARCH("контрол",E28))),"инженер отк",IF(ISNUMBER(SEARCH("диспетч",E28)),"инженер пдо",TRIM(SUBSTITUTE(SUBSTITUTE(SUBSTITUTE(SUBSTITUTE(SUBSTITUTE(SUBSTITUTE(SUBSTITUTE(SUBSTITUTE(SUBSTITUTE(SUBSTITUTE(SUBSTITUTE(LOWER(TRIM(D28)),"ё","е")," -","-"),"- ","-")," 2 разряда","")," 3 разряда","")," 4 разряда","")," 5 разряда","")," 6 разряда","")," 1 категории","")," 2 категории","")," 3 категории","")))),IF(TRIM(SUBSTITUTE(SUBSTITUTE(SUBSTITUTE(SUBSTITUTE(SUBSTITUTE(SUBSTITUTE(SUBSTITUTE(SUBSTITUTE(SUBSTITUTE(SUBSTITUTE(SUBSTITUTE(LOWER(TRIM(D28)),"ё","е")," -","-"),"- ","-")," 2 разряда","")," 3 разряда","")," 4 разряда","")," 5 разряда","")," 6 разряда","")," 1 категории","")," 2 категории","")," 3 категории",""))="ведущий инженер",IF(ISNUMBER(SEARCH("диспетч",E28)),"ведущий инженер пдо",TRIM(SUBSTITUTE(SUBSTITUTE(SUBSTITUTE(SUBSTITUTE(SUBSTITUTE(SUBSTITUTE(SUBSTITUTE(SUBSTITUTE(SUBSTITUTE(SUBSTITUTE(SUBSTITUTE(LOWER(TRIM(D28)),"ё","е")," -","-"),"- ","-")," 2 разряда","")," 3 разряда","")," 4 разряда","")," 5 разряда","")," 6 разряда","")," 1 категории","")," 2 категории","")," 3 категории",""))),IF(TRIM(SUBSTITUTE(SUBSTITUTE(SUBSTITUTE(SUBSTITUTE(SUBSTITUTE(SUBSTITUTE(SUBSTITUTE(SUBSTITUTE(SUBSTITUTE(SUBSTITUTE(SUBSTITUTE(LOWER(TRIM(D28)),"ё","е")," -","-"),"- ","-")," 2 разряда","")," 3 разряда","")," 4 разряда","")," 5 разряда","")," 6 разряда","")," 1 категории","")," 2 категории","")," 3 категории",""))="контролер","контролер отк",TRIM(SUBSTITUTE(SUBSTITUTE(SUBSTITUTE(SUBSTITUTE(SUBSTITUTE(SUBSTITUTE(SUBSTITUTE(SUBSTITUTE(SUBSTITUTE(SUBSTITUTE(SUBSTITUTE(LOWER(TRIM(D28)),"ё","е")," -","-"),"- ","-")," 2 разряда","")," 3 разряда","")," 4 разряда","")," 5 разряда","")," 6 разряда","")," 1 категории","")," 2 категории","")," 3 категории","")))))) -> оперативный дежурный | H28: =IF(C28="","",IF(AND(G28="мастер участка",ISNUMBER(SEARCH("РЭО",E28))),29,IFERROR(INDEX(Соответствие!$B$2:$B$100,MATCH(G28,Соответствие!$A$2:$A$100,0)),"?"))) -> 45 | I28: =IF(C28="","",IFERROR(INDEX(Перечень!$C$6:$C$52,MATCH(H28,Перечень!$A$6:$A$52,0)),"")) -> п.4.7, п.4.8, п.5.1, п.5.2 | J28: =IF(C28="","",IFERROR(INDEX(Перечень!$D$6:$D$52,MATCH(H28,Перечень!$A$6:$A$52,0)),12)) -> 12 | M28: =IF(AND(K28="",L28=""),"",EDATE(MAX(K28,L28),J28)) | N28: =IF(C28="","",IFERROR(INDEX(Перечень!$F$6:$F$52,MATCH(H28,Перечень!$A$6:$A$52,0)),"")) -> Нет | P28: =IF(O28="","",EDATE(O28,60)) | Q28: =IF(AND(K28<>"",F28<>"",K28>F28),"Да","") | R28: =IF(C28="","",IF(M28="","Нет сведений",IF(M28<TODAY(),"Просрочен",IF(M28-TODAY()<=30,"Истекает","В срок")))) -> Нет сведений | S28: =IF(AND(N28="Да",O28=""),"Не пройдено","")
A29: =IF(C29="","",ROW()-5) -> 24 | B29: Москва | C29: Сорокин Виктор Фомич | D29: Оперативный дежурный | E29: Отдел режима М | F29: 46052 | G29: =IF(C29="","",IF(TRIM(SUBSTITUTE(SUBSTITUTE(SUBSTITUTE(SUBSTITUTE(SUBSTITUTE(SUBSTITUTE(SUBSTITUTE(SUBSTITUTE(SUBSTITUTE(SUBSTITUTE(SUBSTITUTE(LOWER(TRIM(D29)),"ё","е")," -","-"),"- ","-")," 2 разряда","")," 3 разряда","")," 4 разряда","")," 5 разряда","")," 6 разряда","")," 1 категории","")," 2 категории","")," 3 категории",""))="инженер",IF(AND(ISNUMBER(SEARCH("техническ",E29)),ISNUMBER(SEARCH("контрол",E29))),"инженер отк",IF(ISNUMBER(SEARCH("диспетч",E29)),"инженер пдо",TRIM(SUBSTITUTE(SUBSTITUTE(SUBSTITUTE(SUBSTITUTE(SUBSTITUTE(SUBSTITUTE(SUBSTITUTE(SUBSTITUTE(SUBSTITUTE(SUBSTITUTE(SUBSTITUTE(LOWER(TRIM(D29)),"ё","е")," -","-"),"- ","-")," 2 разряда","")," 3 разряда","")," 4 разряда","")," 5 разряда","")," 6 разряда","")," 1 категории","")," 2 категории","")," 3 категории","")))),IF(TRIM(SUBSTITUTE(SUBSTITUTE(SUBSTITUTE(SUBSTITUTE(SUBSTITUTE(SUBSTITUTE(SUBSTITUTE(SUBSTITUTE(SUBSTITUTE(SUBSTITUTE(SUBSTITUTE(LOWER(TRIM(D29)),"ё","е")," -","-"),"- ","-")," 2 разряда","")," 3 разряда","")," 4 разряда","")," 5 разряда","")," 6 разряда","")," 1 категории","")," 2 категории","")," 3 категории",""))="ведущий инженер",IF(ISNUMBER(SEARCH("диспетч",E29)),"ведущий инженер пдо",TRIM(SUBSTITUTE(SUBSTITUTE(SUBSTITUTE(SUBSTITUTE(SUBSTITUTE(SUBSTITUTE(SUBSTITUTE(SUBSTITUTE(SUBSTITUTE(SUBSTITUTE(SUBSTITUTE(LOWER(TRIM(D29)),"ё","е")," -","-"),"- ","-")," 2 разряда","")," 3 разряда","")," 4 разряда","")," 5 разряда","")," 6 разряда","")," 1 категории","")," 2 категории","")," 3 категории",""))),IF(TRIM(SUBSTITUTE(SUBSTITUTE(SUBSTITUTE(SUBSTITUTE(SUBSTITUTE(SUBSTITUTE(SUBSTITUTE(SUBSTITUTE(SUBSTITUTE(SUBSTITUTE(SUBSTITUTE(LOWER(TRIM(D29)),"ё","е")," -","-"),"- ","-")," 2 разряда","")," 3 разряда","")," 4 разряда","")," 5 разряда","")," 6 разряда","")," 1 категории","")," 2 категории","")," 3 категории",""))="контролер","контролер отк",TRIM(SUBSTITUTE(SUBSTITUTE(SUBSTITUTE(SUBSTITUTE(SUBSTITUTE(SUBSTITUTE(SUBSTITUTE(SUBSTITUTE(SUBSTITUTE(SUBSTITUTE(SUBSTITUTE(LOWER(TRIM(D29)),"ё","е")," -","-"),"- ","-")," 2 разряда","")," 3 разряда","")," 4 разряда","")," 5 разряда","")," 6 разряда","")," 1 категории","")," 2 категории","")," 3 категории","")))))) -> оперативный дежурный | H29: =IF(C29="","",IF(AND(G29="мастер участка",ISNUMBER(SEARCH("РЭО",E29))),29,IFERROR(INDEX(Соответствие!$B$2:$B$100,MATCH(G29,Соответствие!$A$2:$A$100,0)),"?"))) -> 45 | I29: =IF(C29="","",IFERROR(INDEX(Перечень!$C$6:$C$52,MATCH(H29,Перечень!$A$6:$A$52,0)),"")) -> п.4.7, п.4.8, п.5.1, п.5.2 | J29: =IF(C29="","",IFERROR(INDEX(Перечень!$D$6:$D$52,MATCH(H29,Перечень!$A$6:$A$52,0)),12)) -> 12 | M29: =IF(AND(K29="",L29=""),"",EDATE(MAX(K29,L29),J29)) | N29: =IF(C29="","",IFERROR(INDEX(Перечень!$F$6:$F$52,MATCH(H29,Перечень!$A$6:$A$52,0)),"")) -> Нет | P29: =IF(O29="","",EDATE(O29,60)) | Q29: =IF(AND(K29<>"",F29<>"",K29>F29),"Да","") | R29: =IF(C29="","",IF(M29="","Нет сведений",IF(M29<TODAY(),"Просрочен",IF(M29-TODAY()<=30,"Истекает","В срок")))) -> Нет сведений | S29: =IF(AND(N29="Да",O29=""),"Не пройдено","")
A30: =IF(C30="","",ROW()-5) -> 25 | B30: Воронеж | C30: Боровенский Андрей Алексеевич | D30: Слесарь-сборщик 4 разряда | E30: Участок сборки В | F30: 45693 | G30: =IF(C30="","",IF(TRIM(SUBSTITUTE(SUBSTITUTE(SUBSTITUTE(SUBSTITUTE(SUBSTITUTE(SUBSTITUTE(SUBSTITUTE(SUBSTITUTE(SUBSTITUTE(SUBSTITUTE(SUBSTITUTE(LOWER(TRIM(D30)),"ё","е")," -","-"),"- ","-")," 2 разряда","")," 3 разряда","")," 4 разряда","")," 5 разряда","")," 6 разряда","")," 1 категории","")," 2 категории","")," 3 категории",""))="инженер",IF(AND(ISNUMBER(SEARCH("техническ",E30)),ISNUMBER(SEARCH("контрол",E30))),"инженер отк",IF(ISNUMBER(SEARCH("диспетч",E30)),"инженер пдо",TRIM(SUBSTITUTE(SUBSTITUTE(SUBSTITUTE(SUBSTITUTE(SUBSTITUTE(SUBSTITUTE(SUBSTITUTE(SUBSTITUTE(SUBSTITUTE(SUBSTITUTE(SUBSTITUTE(LOWER(TRIM(D30)),"ё","е")," -","-"),"- ","-")," 2 разряда","")," 3 разряда","")," 4 разряда","")," 5 разряда","")," 6 разряда","")," 1 категории","")," 2 категории","")," 3 категории","")))),IF(TRIM(SUBSTITUTE(SUBSTITUTE(SUBSTITUTE(SUBSTITUTE(SUBSTITUTE(SUBSTITUTE(SUBSTITUTE(SUBSTITUTE(SUBSTITUTE(SUBSTITUTE(SUBSTITUTE(LOWER(TRIM(D30)),"ё","е")," -","-"),"- ","-")," 2 разряда","")," 3 разряда","")," 4 разряда","")," 5 разряда","")," 6 разряда","")," 1 категории","")," 2 категории","")," 3 категории",""))="ведущий инженер",IF(ISNUMBER(SEARCH("диспетч",E30)),"ведущий инженер пдо",TRIM(SUBSTITUTE(SUBSTITUTE(SUBSTITUTE(SUBSTITUTE(SUBSTITUTE(SUBSTITUTE(SUBSTITUTE(SUBSTITUTE(SUBSTITUTE(SUBSTITUTE(SUBSTITUTE(LOWER(TRIM(D30)),"ё","е")," -","-"),"- ","-")," 2 разряда","")," 3 разряда","")," 4 разряда","")," 5 разряда","")," 6 разряда","")," 1 категории","")," 2 категории","")," 3 категории",""))),IF(TRIM(SUBSTITUTE(SUBSTITUTE(SUBSTITUTE(SUBSTITUTE(SUBSTITUTE(SUBSTITUTE(SUBSTITUTE(SUBSTITUTE(SUBSTITUTE(SUBSTITUTE(SUBSTITUTE(LOWER(TRIM(D30)),"ё","е")," -","-"),"- ","-")," 2 разряда","")," 3 разряда","")," 4 разряда","")," 5 разряда","")," 6 разряда","")," 1 категории","")," 2 категории","")," 3 категории",""))="контролер","контролер отк",TRIM(SUBSTITUTE(SUBSTITUTE(SUBSTITUTE(SUBSTITUTE(SUBSTITUTE(SUBSTITUTE(SUBSTITUTE(SUBSTITUTE(SUBSTITUTE(SUBSTITUTE(SUBSTITUTE(LOWER(TRIM(D30)),"ё","е")," -","-"),"- ","-")," 2 разряда","")," 3 разряда","")," 4 разряда","")," 5 разряда","")," 6 разряда","")," 1 категории","")," 2 категории","")," 3 категории","")))))) -> слесарь-сборщик | H30: =IF(C30="","",IF(AND(G30="мастер участка",ISNUMBER(SEARCH("РЭО",E30))),29,IFERROR(INDEX(Соответствие!$B$2:$B$100,MATCH(G30,Соответствие!$A$2:$A$100,0)),"?"))) -> 19 | I30: =IF(C30="","",IFERROR(INDEX(Перечень!$C$6:$C$52,MATCH(H30,Перечень!$A$6:$A$52,0)),"")) -> п.4.3.1, п.4.3.2, п.4.4, п.5.1, п.6.2, п.15 | J30: =IF(C30="","",IFERROR(INDEX(Перечень!$D$6:$D$52,MATCH(H30,Перечень!$A$6:$A$52,0)),12)) -> 12 | M30: =IF(AND(K30="",L30=""),"",EDATE(MAX(K30,L30),J30)) | N30: =IF(C30="","",IFERROR(INDEX(Перечень!$F$6:$F$52,MATCH(H30,Перечень!$A$6:$A$52,0)),"")) -> - | P30: =IF(O30="","",EDATE(O30,60)) | Q30: =IF(AND(K30<>"",F30<>"",K30>F30),"Да","") | R30: =IF(C30="","",IF(M30="","Нет сведений",IF(M30<TODAY(),"Просрочен",IF(M30-TODAY()<=30,"Истекает","В срок")))) -> Нет сведений | S30: =IF(AND(N30="Да",O30=""),"Не пройдено","")
A31: =IF(C31="","",ROW()-5) -> 26 | B31: Воронеж | C31: Гаршин Сергей Александрович | D31: Слесарь-сборщик 4 разряда | E31: Участок сборки В | F31: 45901 | G31: =IF(C31="","",IF(TRIM(SUBSTITUTE(SUBSTITUTE(SUBSTITUTE(SUBSTITUTE(SUBSTITUTE(SUBSTITUTE(SUBSTITUTE(SUBSTITUTE(SUBSTITUTE(SUBSTITUTE(SUBSTITUTE(LOWER(TRIM(D31)),"ё","е")," -","-"),"- ","-")," 2 разряда","")," 3 разряда","")," 4 разряда","")," 5 разряда","")," 6 разряда","")," 1 категории","")," 2 категории","")," 3 категории",""))="инженер",IF(AND(ISNUMBER(SEARCH("техническ",E31)),ISNUMBER(SEARCH("контрол",E31))),"инженер отк",IF(ISNUMBER(SEARCH("диспетч",E31)),"инженер пдо",TRIM(SUBSTITUTE(SUBSTITUTE(SUBSTITUTE(SUBSTITUTE(SUBSTITUTE(SUBSTITUTE(SUBSTITUTE(SUBSTITUTE(SUBSTITUTE(SUBSTITUTE(SUBSTITUTE(LOWER(TRIM(D31)),"ё","е")," -","-"),"- ","-")," 2 разряда","")," 3 разряда","")," 4 разряда","")," 5 разряда","")," 6 разряда","")," 1 категории","")," 2 категории","")," 3 категории","")))),IF(TRIM(SUBSTITUTE(SUBSTITUTE(SUBSTITUTE(SUBSTITUTE(SUBSTITUTE(SUBSTITUTE(SUBSTITUTE(SUBSTITUTE(SUBSTITUTE(SUBSTITUTE(SUBSTITUTE(LOWER(TRIM(D31)),"ё","е")," -","-"),"- ","-")," 2 разряда","")," 3 разряда","")," 4 разряда","")," 5 разряда","")," 6 разряда","")," 1 категории","")," 2 категории","")," 3 категории",""))="ведущий инженер",IF(ISNUMBER(SEARCH("диспетч",E31)),"ведущий инженер пдо",TRIM(SUBSTITUTE(SUBSTITUTE(SUBSTITUTE(SUBSTITUTE(SUBSTITUTE(SUBSTITUTE(SUBSTITUTE(SUBSTITUTE(SUBSTITUTE(SUBSTITUTE(SUBSTITUTE(LOWER(TRIM(D31)),"ё","е")," -","-"),"- ","-")," 2 разряда","")," 3 разряда","")," 4 разряда","")," 5 разряда","")," 6 разряда","")," 1 категории","")," 2 категории","")," 3 категории",""))),IF(TRIM(SUBSTITUTE(SUBSTITUTE(SUBSTITUTE(SUBSTITUTE(SUBSTITUTE(SUBSTITUTE(SUBSTITUTE(SUBSTITUTE(SUBSTITUTE(SUBSTITUTE(SUBSTITUTE(LOWER(TRIM(D31)),"ё","е")," -","-"),"- ","-")," 2 разряда","")," 3 разряда","")," 4 разряда","")," 5 разряда","")," 6 разряда","")," 1 категории","")," 2 категории","")," 3 категории",""))="контролер","контролер отк",TRIM(SUBSTITUTE(SUBSTITUTE(SUBSTITUTE(SUBSTITUTE(SUBSTITUTE(SUBSTITUTE(SUBSTITUTE(SUBSTITUTE(SUBSTITUTE(SUBSTITUTE(SUBSTITUTE(LOWER(TRIM(D31)),"ё","е")," -","-"),"- ","-")," 2 разряда","")," 3 разряда","")," 4 разряда","")," 5 разряда","")," 6 разряда","")," 1 категории","")," 2 категории","")," 3 категории","")))))) -> слесарь-сборщик | H31: =IF(C31="","",IF(AND(G31="мастер участка",ISNUMBER(SEARCH("РЭО",E31))),29,IFERROR(INDEX(Соответствие!$B$2:$B$100,MATCH(G31,Соответствие!$A$2:$A$100,0)),"?"))) -> 19 | I31: =IF(C31="","",IFERROR(INDEX(Перечень!$C$6:$C$52,MATCH(H31,Перечень!$A$6:$A$52,0)),"")) -> п.4.3.1, п.4.3.2, п.4.4, п.5.1, п.6.2, п.15 | J31: =IF(C31="","",IFERROR(INDEX(Перечень!$D$6:$D$52,MATCH(H31,Перечень!$A$6:$A$52,0)),12)) -> 12 | M31: =IF(AND(K31="",L31=""),"",EDATE(MAX(K31,L31),J31)) | N31: =IF(C31="","",IFERROR(INDEX(Перечень!$F$6:$F$52,MATCH(H31,Перечень!$A$6:$A$52,0)),"")) -> - | P31: =IF(O31="","",EDATE(O31,60)) | Q31: =IF(AND(K31<>"",F31<>"",K31>F31),"Да","") | R31: =IF(C31="","",IF(M31="","Нет сведений",IF(M31<TODAY(),"Просрочен",IF(M31-TODAY()<=30,"Истекает","В срок")))) -> Нет сведений | S31: =IF(AND(N31="Да",O31=""),"Не пройдено","")
A32: =IF(C32="","",ROW()-5) -> 27 | B32: Воронеж | C32: Голев Вадим Алексеевич | D32: Слесарь-сборщик 4 разряда | E32: Участок сборки В | F32: 46141 | G32: =IF(C32="","",IF(TRIM(SUBSTITUTE(SUBSTITUTE(SUBSTITUTE(SUBSTITUTE(SUBSTITUTE(SUBSTITUTE(SUBSTITUTE(SUBSTITUTE(SUBSTITUTE(SUBSTITUTE(SUBSTITUTE(LOWER(TRIM(D32)),"ё","е")," -","-"),"- ","-")," 2 разряда","")," 3 разряда","")," 4 разряда","")," 5 разряда","")," 6 разряда","")," 1 категории","")," 2 категории","")," 3 категории",""))="инженер",IF(AND(ISNUMBER(SEARCH("техническ",E32)),ISNUMBER(SEARCH("контрол",E32))),"инженер отк",IF(ISNUMBER(SEARCH("диспетч",E32)),"инженер пдо",TRIM(SUBSTITUTE(SUBSTITUTE(SUBSTITUTE(SUBSTITUTE(SUBSTITUTE(SUBSTITUTE(SUBSTITUTE(SUBSTITUTE(SUBSTITUTE(SUBSTITUTE(SUBSTITUTE(LOWER(TRIM(D32)),"ё","е")," -","-"),"- ","-")," 2 разряда","")," 3 разряда","")," 4 разряда","")," 5 разряда","")," 6 разряда","")," 1 категории","")," 2 категории","")," 3 категории","")))),IF(TRIM(SUBSTITUTE(SUBSTITUTE(SUBSTITUTE(SUBSTITUTE(SUBSTITUTE(SUBSTITUTE(SUBSTITUTE(SUBSTITUTE(SUBSTITUTE(SUBSTITUTE(SUBSTITUTE(LOWER(TRIM(D32)),"ё","е")," -","-"),"- ","-")," 2 разряда","")," 3 разряда","")," 4 разряда","")," 5 разряда","")," 6 разряда","")," 1 категории","")," 2 категории","")," 3 категории",""))="ведущий инженер",IF(ISNUMBER(SEARCH("диспетч",E32)),"ведущий инженер пдо",TRIM(SUBSTITUTE(SUBSTITUTE(SUBSTITUTE(SUBSTITUTE(SUBSTITUTE(SUBSTITUTE(SUBSTITUTE(SUBSTITUTE(SUBSTITUTE(SUBSTITUTE(SUBSTITUTE(LOWER(TRIM(D32)),"ё","е")," -","-"),"- ","-")," 2 разряда","")," 3 разряда","")," 4 разряда","")," 5 разряда","")," 6 разряда","")," 1 категории","")," 2 категории","")," 3 категории",""))),IF(TRIM(SUBSTITUTE(SUBSTITUTE(SUBSTITUTE(SUBSTITUTE(SUBSTITUTE(SUBSTITUTE(SUBSTITUTE(SUBSTITUTE(SUBSTITUTE(SUBSTITUTE(SUBSTITUTE(LOWER(TRIM(D32)),"ё","е")," -","-"),"- ","-")," 2 разряда","")," 3 разряда","")," 4 разряда","")," 5 разряда","")," 6 разряда","")," 1 категории","")," 2 категории","")," 3 категории",""))="контролер","контролер отк",TRIM(SUBSTITUTE(SUBSTITUTE(SUBSTITUTE(SUBSTITUTE(SUBSTITUTE(SUBSTITUTE(SUBSTITUTE(SUBSTITUTE(SUBSTITUTE(SUBSTITUTE(SUBSTITUTE(LOWER(TRIM(D32)),"ё","е")," -","-"),"- ","-")," 2 разряда","")," 3 разряда","")," 4 разряда","")," 5 разряда","")," 6 разряда","")," 1 категории","")," 2 категории","")," 3 категории","")))))) -> слесарь-сборщик | H32: =IF(C32="","",IF(AND(G32="мастер участка",ISNUMBER(SEARCH("РЭО",E32))),29,IFERROR(INDEX(Соответствие!$B$2:$B$100,MATCH(G32,Соответствие!$A$2:$A$100,0)),"?"))) -> 19 | I32: =IF(C32="","",IFERROR(INDEX(Перечень!$C$6:$C$52,MATCH(H32,Перечень!$A$6:$A$52,0)),"")) -> п.4.3.1, п.4.3.2, п.4.4, п.5.1, п.6.2, п.15 | J32: =IF(C32="","",IFERROR(INDEX(Перечень!$D$6:$D$52,MATCH(H32,Перечень!$A$6:$A$52,0)),12)) -> 12 | M32: =IF(AND(K32="",L32=""),"",EDATE(MAX(K32,L32),J32)) | N32: =IF(C32="","",IFERROR(INDEX(Перечень!$F$6:$F$52,MATCH(H32,Перечень!$A$6:$A$52,0)),"")) -> - | P32: =IF(O32="","",EDATE(O32,60)) | Q32: =IF(AND(K32<>"",F32<>"",K32>F32),"Да","") | R32: =IF(C32="","",IF(M32="","Нет сведений",IF(M32<TODAY(),"Просрочен",IF(M32-TODAY()<=30,"Истекает","В срок")))) -> Нет сведений | S32: =IF(AND(N32="Да",O32=""),"Не пройдено","")
A33: =IF(C33="","",ROW()-5) -> 28 | B33: Воронеж | C33: Гринёв Игорь Сергеевич | D33: Слесарь-сборщик 4 разряда | E33: Участок сборки В | F33: 45551 | G33: =IF(C33="","",IF(TRIM(SUBSTITUTE(SUBSTITUTE(SUBSTITUTE(SUBSTITUTE(SUBSTITUTE(SUBSTITUTE(SUBSTITUTE(SUBSTITUTE(SUBSTITUTE(SUBSTITUTE(SUBSTITUTE(LOWER(TRIM(D33)),"ё","е")," -","-"),"- ","-")," 2 разряда","")," 3 разряда","")," 4 разряда","")," 5 разряда","")," 6 разряда","")," 1 категории","")," 2 категории","")," 3 категории",""))="инженер",IF(AND(ISNUMBER(SEARCH("техническ",E33)),ISNUMBER(SEARCH("контрол",E33))),"инженер отк",IF(ISNUMBER(SEARCH("диспетч",E33)),"инженер пдо",TRIM(SUBSTITUTE(SUBSTITUTE(SUBSTITUTE(SUBSTITUTE(SUBSTITUTE(SUBSTITUTE(SUBSTITUTE(SUBSTITUTE(SUBSTITUTE(SUBSTITUTE(SUBSTITUTE(LOWER(TRIM(D33)),"ё","е")," -","-"),"- ","-")," 2 разряда","")," 3 разряда","")," 4 разряда","")," 5 разряда","")," 6 разряда","")," 1 категории","")," 2 категории","")," 3 категории","")))),IF(TRIM(SUBSTITUTE(SUBSTITUTE(SUBSTITUTE(SUBSTITUTE(SUBSTITUTE(SUBSTITUTE(SUBSTITUTE(SUBSTITUTE(SUBSTITUTE(SUBSTITUTE(SUBSTITUTE(LOWER(TRIM(D33)),"ё","е")," -","-"),"- ","-")," 2 разряда","")," 3 разряда","")," 4 разряда","")," 5 разряда","")," 6 разряда","")," 1 категории","")," 2 категории","")," 3 категории",""))="ведущий инженер",IF(ISNUMBER(SEARCH("диспетч",E33)),"ведущий инженер пдо",TRIM(SUBSTITUTE(SUBSTITUTE(SUBSTITUTE(SUBSTITUTE(SUBSTITUTE(SUBSTITUTE(SUBSTITUTE(SUBSTITUTE(SUBSTITUTE(SUBSTITUTE(SUBSTITUTE(LOWER(TRIM(D33)),"ё","е")," -","-"),"- ","-")," 2 разряда","")," 3 разряда","")," 4 разряда","")," 5 разряда","")," 6 разряда","")," 1 категории","")," 2 категории","")," 3 категории",""))),IF(TRIM(SUBSTITUTE(SUBSTITUTE(SUBSTITUTE(SUBSTITUTE(SUBSTITUTE(SUBSTITUTE(SUBSTITUTE(SUBSTITUTE(SUBSTITUTE(SUBSTITUTE(SUBSTITUTE(LOWER(TRIM(D33)),"ё","е")," -","-"),"- ","-")," 2 разряда","")," 3 разряда","")," 4 разряда","")," 5 разряда","")," 6 разряда","")," 1 категории","")," 2 категории","")," 3 категории",""))="контролер","контролер отк",TRIM(SUBSTITUTE(SUBSTITUTE(SUBSTITUTE(SUBSTITUTE(SUBSTITUTE(SUBSTITUTE(SUBSTITUTE(SUBSTITUTE(SUBSTITUTE(SUBSTITUTE(SUBSTITUTE(LOWER(TRIM(D33)),"ё","е")," -","-"),"- ","-")," 2 разряда","")," 3 разряда","")," 4 разряда","")," 5 разряда","")," 6 разряда","")," 1 категории","")," 2 категории","")," 3 категории","")))))) -> слесарь-сборщик | H33: =IF(C33="","",IF(AND(G33="мастер участка",ISNUMBER(SEARCH("РЭО",E33))),29,IFERROR(INDEX(Соответствие!$B$2:$B$100,MATCH(G33,Соответствие!$A$2:$A$100,0)),"?"))) -> 19 | I33: =IF(C33="","",IFERROR(INDEX(Перечень!$C$6:$C$52,MATCH(H33,Перечень!$A$6:$A$52,0)),"")) -> п.4.3.1, п.4.3.2, п.4.4, п.5.1, п.6.2, п.15 | J33: =IF(C33="","",IFERROR(INDEX(Перечень!$D$6:$D$52,MATCH(H33,Перечень!$A$6:$A$52,0)),12)) -> 12 | M33: =IF(AND(K33="",L33=""),"",EDATE(MAX(K33,L33),J33)) | N33: =IF(C33="","",IFERROR(INDEX(Перечень!$F$6:$F$52,MATCH(H33,Перечень!$A$6:$A$52,0)),"")) -> - | P33: =IF(O33="","",EDATE(O33,60)) | Q33: =IF(AND(K33<>"",F33<>"",K33>F33),"Да","") | R33: =IF(C33="","",IF(M33="","Нет сведений",IF(M33<TODAY(),"Просрочен",IF(M33-TODAY()<=30,"Истекает","В срок")))) -> Нет сведений | S33: =IF(AND(N33="Да",O33=""),"Не пройдено","")
A34: =IF(C34="","",ROW()-5) -> 29 | B34: Воронеж | C34: Гунькин Юрий Игоревич | D34: Слесарь-сборщик 4 разряда | E34: Участок сборки В | F34: 46043 | G34: =IF(C34="","",IF(TRIM(SUBSTITUTE(SUBSTITUTE(SUBSTITUTE(SUBSTITUTE(SUBSTITUTE(SUBSTITUTE(SUBSTITUTE(SUBSTITUTE(SUBSTITUTE(SUBSTITUTE(SUBSTITUTE(LOWER(TRIM(D34)),"ё","е")," -","-"),"- ","-")," 2 разряда","")," 3 разряда","")," 4 разряда","")," 5 разряда","")," 6 разряда","")," 1 категории","")," 2 категории","")," 3 категории",""))="инженер",IF(AND(ISNUMBER(SEARCH("техническ",E34)),ISNUMBER(SEARCH("контрол",E34))),"инженер отк",IF(ISNUMBER(SEARCH("диспетч",E34)),"инженер пдо",TRIM(SUBSTITUTE(SUBSTITUTE(SUBSTITUTE(SUBSTITUTE(SUBSTITUTE(SUBSTITUTE(SUBSTITUTE(SUBSTITUTE(SUBSTITUTE(SUBSTITUTE(SUBSTITUTE(LOWER(TRIM(D34)),"ё","е")," -","-"),"- ","-")," 2 разряда","")," 3 разряда","")," 4 разряда","")," 5 разряда","")," 6 разряда","")," 1 категории","")," 2 категории","")," 3 категории","")))),IF(TRIM(SUBSTITUTE(SUBSTITUTE(SUBSTITUTE(SUBSTITUTE(SUBSTITUTE(SUBSTITUTE(SUBSTITUTE(SUBSTITUTE(SUBSTITUTE(SUBSTITUTE(SUBSTITUTE(LOWER(TRIM(D34)),"ё","е")," -","-"),"- ","-")," 2 разряда","")," 3 разряда","")," 4 разряда","")," 5 разряда","")," 6 разряда","")," 1 категории","")," 2 категории","")," 3 категории",""))="ведущий инженер",IF(ISNUMBER(SEARCH("диспетч",E34)),"ведущий инженер пдо",TRIM(SUBSTITUTE(SUBSTITUTE(SUBSTITUTE(SUBSTITUTE(SUBSTITUTE(SUBSTITUTE(SUBSTITUTE(SUBSTITUTE(SUBSTITUTE(SUBSTITUTE(SUBSTITUTE(LOWER(TRIM(D34)),"ё","е")," -","-"),"- ","-")," 2 разряда","")," 3 разряда","")," 4 разряда","")," 5 разряда","")," 6 разряда","")," 1 категории","")," 2 категории","")," 3 категории",""))),IF(TRIM(SUBSTITUTE(SUBSTITUTE(SUBSTITUTE(SUBSTITUTE(SUBSTITUTE(SUBSTITUTE(SUBSTITUTE(SUBSTITUTE(SUBSTITUTE(SUBSTITUTE(SUBSTITUTE(LOWER(TRIM(D34)),"ё","е")," -","-"),"- ","-")," 2 разряда","")," 3 разряда","")," 4 разряда","")," 5 разряда","")," 6 разряда","")," 1 категории","")," 2 категории","")," 3 категории",""))="контролер","контролер отк",TRIM(SUBSTITUTE(SUBSTITUTE(SUBSTITUTE(SUBSTITUTE(SUBSTITUTE(SUBSTITUTE(SUBSTITUTE(SUBSTITUTE(SUBSTITUTE(SUBSTITUTE(SUBSTITUTE(LOWER(TRIM(D34)),"ё","е")," -","-"),"- ","-")," 2 разряда","")," 3 разряда","")," 4 разряда","")," 5 разряда","")," 6 разряда","")," 1 категории","")," 2 категории","")," 3 категории","")))))) -> слесарь-сборщик | H34: =IF(C34="","",IF(AND(G34="мастер участка",ISNUMBER(SEARCH("РЭО",E34))),29,IFERROR(INDEX(Соответствие!$B$2:$B$100,MATCH(G34,Соответствие!$A$2:$A$100,0)),"?"))) -> 19 | I34: =IF(C34="","",IFERROR(INDEX(Перечень!$C$6:$C$52,MATCH(H34,Перечень!$A$6:$A$52,0)),"")) -> п.4.3.1, п.4.3.2, п.4.4, п.5.1, п.6.2, п.15 | J34: =IF(C34="","",IFERROR(INDEX(Перечень!$D$6:$D$52,MATCH(H34,Перечень!$A$6:$A$52,0)),12)) -> 12 | M34: =IF(AND(K34="",L34=""),"",EDATE(MAX(K34,L34),J34)) | N34: =IF(C34="","",IFERROR(INDEX(Перечень!$F$6:$F$52,MATCH(H34,Перечень!$A$6:$A$52,0)),"")) -> - | P34: =IF(O34="","",EDATE(O34,60)) | Q34: =IF(AND(K34<>"",F34<>"",K34>F34),"Да","") | R34: =IF(C34="","",IF(M34="","Нет сведений",IF(M34<TODAY(),"Просрочен",IF(M34-TODAY()<=30,"Истекает","В срок")))) -> Нет сведений | S34: =IF(AND(N34="Да",O34=""),"Не пройдено","")
A35: =IF(C35="","",ROW()-5) -> 30 | B35: Воронеж | C35: Долгих Георгий Дмитриевич | D35: Слесарь-сборщик 4 разряда | E35: Участок сборки В | F35: 45614 | G35: =IF(C35="","",IF(TRIM(SUBSTITUTE(SUBSTITUTE(SUBSTITUTE(SUBSTITUTE(SUBSTITUTE(SUBSTITUTE(SUBSTITUTE(SUBSTITUTE(SUBSTITUTE(SUBSTITUTE(SUBSTITUTE(LOWER(TRIM(D35)),"ё","е")," -","-"),"- ","-")," 2 разряда","")," 3 разряда","")," 4 разряда","")," 5 разряда","")," 6 разряда","")," 1 категории","")," 2 категории","")," 3 категории",""))="инженер",IF(AND(ISNUMBER(SEARCH("техническ",E35)),ISNUMBER(SEARCH("контрол",E35))),"инженер отк",IF(ISNUMBER(SEARCH("диспетч",E35)),"инженер пдо",TRIM(SUBSTITUTE(SUBSTITUTE(SUBSTITUTE(SUBSTITUTE(SUBSTITUTE(SUBSTITUTE(SUBSTITUTE(SUBSTITUTE(SUBSTITUTE(SUBSTITUTE(SUBSTITUTE(LOWER(TRIM(D35)),"ё","е")," -","-"),"- ","-")," 2 разряда","")," 3 разряда","")," 4 разряда","")," 5 разряда","")," 6 разряда","")," 1 категории","")," 2 категории","")," 3 категории","")))),IF(TRIM(SUBSTITUTE(SUBSTITUTE(SUBSTITUTE(SUBSTITUTE(SUBSTITUTE(SUBSTITUTE(SUBSTITUTE(SUBSTITUTE(SUBSTITUTE(SUBSTITUTE(SUBSTITUTE(LOWER(TRIM(D35)),"ё","е")," -","-"),"- ","-")," 2 разряда","")," 3 разряда","")," 4 разряда","")," 5 разряда","")," 6 разряда","")," 1 категории","")," 2 категории","")," 3 категории",""))="ведущий инженер",IF(ISNUMBER(SEARCH("диспетч",E35)),"ведущий инженер пдо",TRIM(SUBSTITUTE(SUBSTITUTE(SUBSTITUTE(SUBSTITUTE(SUBSTITUTE(SUBSTITUTE(SUBSTITUTE(SUBSTITUTE(SUBSTITUTE(SUBSTITUTE(SUBSTITUTE(LOWER(TRIM(D35)),"ё","е")," -","-"),"- ","-")," 2 разряда","")," 3 разряда","")," 4 разряда","")," 5 разряда","")," 6 разряда","")," 1 категории","")," 2 категории","")," 3 категории",""))),IF(TRIM(SUBSTITUTE(SUBSTITUTE(SUBSTITUTE(SUBSTITUTE(SUBSTITUTE(SUBSTITUTE(SUBSTITUTE(SUBSTITUTE(SUBSTITUTE(SUBSTITUTE(SUBSTITUTE(LOWER(TRIM(D35)),"ё","е")," -","-"),"- ","-")," 2 разряда","")," 3 разряда","")," 4 разряда","")," 5 разряда","")," 6 разряда","")," 1 категории","")," 2 категории","")," 3 категории",""))="контролер","контролер отк",TRIM(SUBSTITUTE(SUBSTITUTE(SUBSTITUTE(SUBSTITUTE(SUBSTITUTE(SUBSTITUTE(SUBSTITUTE(SUBSTITUTE(SUBSTITUTE(SUBSTITUTE(SUBSTITUTE(LOWER(TRIM(D35)),"ё","е")," -","-"),"- ","-")," 2 разряда","")," 3 разряда","")," 4 разряда","")," 5 разряда","")," 6 разряда","")," 1 категории","")," 2 категории","")," 3 категории","")))))) -> слесарь-сборщик | H35: =IF(C35="","",IF(AND(G35="мастер участка",ISNUMBER(SEARCH("РЭО",E35))),29,IFERROR(INDEX(Соответствие!$B$2:$B$100,MATCH(G35,Соответствие!$A$2:$A$100,0)),"?"))) -> 19 | I35: =IF(C35="","",IFERROR(INDEX(Перечень!$C$6:$C$52,MATCH(H35,Перечень!$A$6:$A$52,0)),"")) -> п.4.3.1, п.4.3.2, п.4.4, п.5.1, п.6.2, п.15 | J35: =IF(C35="","",IFERROR(INDEX(Перечень!$D$6:$D$52,MATCH(H35,Перечень!$A$6:$A$52,0)),12)) -> 12 | M35: =IF(AND(K35="",L35=""),"",EDATE(MAX(K35,L35),J35)) | N35: =IF(C35="","",IFERROR(INDEX(Перечень!$F$6:$F$52,MATCH(H35,Перечень!$A$6:$A$52,0)),"")) -> - | P35: =IF(O35="","",EDATE(O35,60)) | Q35: =IF(AND(K35<>"",F35<>"",K35>F35),"Да","") | R35: =IF(C35="","",IF(M35="","Нет сведений",IF(M35<TODAY(),"Просрочен",IF(M35-TODAY()<=30,"Истекает","В срок")))) -> Нет сведений | S35: =IF(AND(N35="Да",O35=""),"Не пройдено","")
A36: =IF(C36="","",ROW()-5) -> 31 | B36: Воронеж | C36: Зиновьев Вадим Дмитриевич | D36: Слесарь-сборщик 4 разряда | E36: Участок сборки В | F36: 45911 | G36: =IF(C36="","",IF(TRIM(SUBSTITUTE(SUBSTITUTE(SUBSTITUTE(SUBSTITUTE(SUBSTITUTE(SUBSTITUTE(SUBSTITUTE(SUBSTITUTE(SUBSTITUTE(SUBSTITUTE(SUBSTITUTE(LOWER(TRIM(D36)),"ё","е")," -","-"),"- ","-")," 2 разряда","")," 3 разряда","")," 4 разряда","")," 5 разряда","")," 6 разряда","")," 1 категории","")," 2 категории","")," 3 категории",""))="инженер",IF(AND(ISNUMBER(SEARCH("техническ",E36)),ISNUMBER(SEARCH("контрол",E36))),"инженер отк",IF(ISNUMBER(SEARCH("диспетч",E36)),"инженер пдо",TRIM(SUBSTITUTE(SUBSTITUTE(SUBSTITUTE(SUBSTITUTE(SUBSTITUTE(SUBSTITUTE(SUBSTITUTE(SUBSTITUTE(SUBSTITUTE(SUBSTITUTE(SUBSTITUTE(LOWER(TRIM(D36)),"ё","е")," -","-"),"- ","-")," 2 разряда","")," 3 разряда","")," 4 разряда","")," 5 разряда","")," 6 разряда","")," 1 категории","")," 2 категории","")," 3 категории","")))),IF(TRIM(SUBSTITUTE(SUBSTITUTE(SUBSTITUTE(SUBSTITUTE(SUBSTITUTE(SUBSTITUTE(SUBSTITUTE(SUBSTITUTE(SUBSTITUTE(SUBSTITUTE(SUBSTITUTE(LOWER(TRIM(D36)),"ё","е")," -","-"),"- ","-")," 2 разряда","")," 3 разряда","")," 4 разряда","")," 5 разряда","")," 6 разряда","")," 1 категории","")," 2 категории","")," 3 категории",""))="ведущий инженер",IF(ISNUMBER(SEARCH("диспетч",E36)),"ведущий инженер пдо",TRIM(SUBSTITUTE(SUBSTITUTE(SUBSTITUTE(SUBSTITUTE(SUBSTITUTE(SUBSTITUTE(SUBSTITUTE(SUBSTITUTE(SUBSTITUTE(SUBSTITUTE(SUBSTITUTE(LOWER(TRIM(D36)),"ё","е")," -","-"),"- ","-")," 2 разряда","")," 3 разряда","")," 4 разряда","")," 5 разряда","")," 6 разряда","")," 1 категории","")," 2 категории","")," 3 категории",""))),IF(TRIM(SUBSTITUTE(SUBSTITUTE(SUBSTITUTE(SUBSTITUTE(SUBSTITUTE(SUBSTITUTE(SUBSTITUTE(SUBSTITUTE(SUBSTITUTE(SUBSTITUTE(SUBSTITUTE(LOWER(TRIM(D36)),"ё","е")," -","-"),"- ","-")," 2 разряда","")," 3 разряда","")," 4 разряда","")," 5 разряда","")," 6 разряда","")," 1 категории","")," 2 категории","")," 3 категории",""))="контролер","контролер отк",TRIM(SUBSTITUTE(SUBSTITUTE(SUBSTITUTE(SUBSTITUTE(SUBSTITUTE(SUBSTITUTE(SUBSTITUTE(SUBSTITUTE(SUBSTITUTE(SUBSTITUTE(SUBSTITUTE(LOWER(TRIM(D36)),"ё","е")," -","-"),"- ","-")," 2 разряда","")," 3 разряда","")," 4 разряда","")," 5 разряда","")," 6 разряда","")," 1 категории","")," 2 категории","")," 3 категории","")))))) -> слесарь-сборщик | H36: =IF(C36="","",IF(AND(G36="мастер участка",ISNUMBER(SEARCH("РЭО",E36))),29,IFERROR(INDEX(Соответствие!$B$2:$B$100,MATCH(G36,Соответствие!$A$2:$A$100,0)),"?"))) -> 19 | I36: =IF(C36="","",IFERROR(INDEX(Перечень!$C$6:$C$52,MATCH(H36,Перечень!$A$6:$A$52,0)),"")) -> п.4.3.1, п.4.3.2, п.4.4, п.5.1, п.6.2, п.15 | J36: =IF(C36="","",IFERROR(INDEX(Перечень!$D$6:$D$52,MATCH(H36,Перечень!$A$6:$A$52,0)),12)) -> 12 | M36: =IF(AND(K36="",L36=""),"",EDATE(MAX(K36,L36),J36)) | N36: =IF(C36="","",IFERROR(INDEX(Перечень!$F$6:$F$52,MATCH(H36,Перечень!$A$6:$A$52,0)),"")) -> - | P36: =IF(O36="","",EDATE(O36,60)) | Q36: =IF(AND(K36<>"",F36<>"",K36>F36),"Да","") | R36: =IF(C36="","",IF(M36="","Нет сведений",IF(M36<TODAY(),"Просрочен",IF(M36-TODAY()<=30,"Истекает","В срок")))) -> Нет сведений | S36: =IF(AND(N36="Да",O36=""),"Не пройдено","")
A37: =IF(C37="","",ROW()-5) -> 32 | B37: Воронеж | C37: Зубарев Владимир Владимирович | D37: Слесарь-сборщик 4 разряда | E37: Участок сборки В | F37: 45817 | G37: =IF(C37="","",IF(TRIM(SUBSTITUTE(SUBSTITUTE(SUBSTITUTE(SUBSTITUTE(SUBSTITUTE(SUBSTITUTE(SUBSTITUTE(SUBSTITUTE(SUBSTITUTE(SUBSTITUTE(SUBSTITUTE(LOWER(TRIM(D37)),"ё","е")," -","-"),"- ","-")," 2 разряда","")," 3 разряда","")," 4 разряда","")," 5 разряда","")," 6 разряда","")," 1 категории","")," 2 категории","")," 3 категории",""))="инженер",IF(AND(ISNUMBER(SEARCH("техническ",E37)),ISNUMBER(SEARCH("контрол",E37))),"инженер отк",IF(ISNUMBER(SEARCH("диспетч",E37)),"инженер пдо",TRIM(SUBSTITUTE(SUBSTITUTE(SUBSTITUTE(SUBSTITUTE(SUBSTITUTE(SUBSTITUTE(SUBSTITUTE(SUBSTITUTE(SUBSTITUTE(SUBSTITUTE(SUBSTITUTE(LOWER(TRIM(D37)),"ё","е")," -","-"),"- ","-")," 2 разряда","")," 3 разряда","")," 4 разряда","")," 5 разряда","")," 6 разряда","")," 1 категории","")," 2 категории","")," 3 категории","")))),IF(TRIM(SUBSTITUTE(SUBSTITUTE(SUBSTITUTE(SUBSTITUTE(SUBSTITUTE(SUBSTITUTE(SUBSTITUTE(SUBSTITUTE(SUBSTITUTE(SUBSTITUTE(SUBSTITUTE(LOWER(TRIM(D37)),"ё","е")," -","-"),"- ","-")," 2 разряда","")," 3 разряда","")," 4 разряда","")," 5 разряда","")," 6 разряда","")," 1 категории","")," 2 категории","")," 3 категории",""))="ведущий инженер",IF(ISNUMBER(SEARCH("диспетч",E37)),"ведущий инженер пдо",TRIM(SUBSTITUTE(SUBSTITUTE(SUBSTITUTE(SUBSTITUTE(SUBSTITUTE(SUBSTITUTE(SUBSTITUTE(SUBSTITUTE(SUBSTITUTE(SUBSTITUTE(SUBSTITUTE(LOWER(TRIM(D37)),"ё","е")," -","-"),"- ","-")," 2 разряда","")," 3 разряда","")," 4 разряда","")," 5 разряда","")," 6 разряда","")," 1 категории","")," 2 категории","")," 3 категории",""))),IF(TRIM(SUBSTITUTE(SUBSTITUTE(SUBSTITUTE(SUBSTITUTE(SUBSTITUTE(SUBSTITUTE(SUBSTITUTE(SUBSTITUTE(SUBSTITUTE(SUBSTITUTE(SUBSTITUTE(LOWER(TRIM(D37)),"ё","е")," -","-"),"- ","-")," 2 разряда","")," 3 разряда","")," 4 разряда","")," 5 разряда","")," 6 разряда","")," 1 категории","")," 2 категории","")," 3 категории",""))="контролер","контролер отк",TRIM(SUBSTITUTE(SUBSTITUTE(SUBSTITUTE(SUBSTITUTE(SUBSTITUTE(SUBSTITUTE(SUBSTITUTE(SUBSTITUTE(SUBSTITUTE(SUBSTITUTE(SUBSTITUTE(LOWER(TRIM(D37)),"ё","е")," -","-"),"- ","-")," 2 разряда","")," 3 разряда","")," 4 разряда","")," 5 разряда","")," 6 разряда","")," 1 категории","")," 2 категории","")," 3 категории","")))))) -> слесарь-сборщик | H37: =IF(C37="","",IF(AND(G37="мастер участка",ISNUMBER(SEARCH("РЭО",E37))),29,IFERROR(INDEX(Соответствие!$B$2:$B$100,MATCH(G37,Соответствие!$A$2:$A$100,0)),"?"))) -> 19 | I37: =IF(C37="","",IFERROR(INDEX(Перечень!$C$6:$C$52,MATCH(H37,Перечень!$A$6:$A$52,0)),"")) -> п.4.3.1, п.4.3.2, п.4.4, п.5.1, п.6.2, п.15 | J37: =IF(C37="","",IFERROR(INDEX(Перечень!$D$6:$D$52,MATCH(H37,Перечень!$A$6:$A$52,0)),12)) -> 12 | K37: 45813 | M37: =IF(AND(K37="",L37=""),"",EDATE(MAX(K37,L37),J37)) -> 46178 | N37: =IF(C37="","",IFERROR(INDEX(Перечень!$F$6:$F$52,MATCH(H37,Перечень!$A$6:$A$52,0)),"")) -> - | P37: =IF(O37="","",EDATE(O37,60)) | Q37: =IF(AND(K37<>"",F37<>"",K37>F37),"Да","") | R37: =IF(C37="","",IF(M37="","Нет сведений",IF(M37<TODAY(),"Просрочен",IF(M37-TODAY()<=30,"Истекает","В срок")))) -> Просрочен | S37: =IF(AND(N37="Да",O37=""),"Не пройдено","")
A38: =IF(C38="","",ROW()-5) -> 33 | B38: Воронеж | C38: Ковряков Дмитрий Александрович | D38: Слесарь-сборщик 4 разряда | E38: Участок сборки В | F38: 45782 | G38: =IF(C38="","",IF(TRIM(SUBSTITUTE(SUBSTITUTE(SUBSTITUTE(SUBSTITUTE(SUBSTITUTE(SUBSTITUTE(SUBSTITUTE(SUBSTITUTE(SUBSTITUTE(SUBSTITUTE(SUBSTITUTE(LOWER(TRIM(D38)),"ё","е")," -","-"),"- ","-")," 2 разряда","")," 3 разряда","")," 4 разряда","")," 5 разряда","")," 6 разряда","")," 1 категории","")," 2 категории","")," 3 категории",""))="инженер",IF(AND(ISNUMBER(SEARCH("техническ",E38)),ISNUMBER(SEARCH("контрол",E38))),"инженер отк",IF(ISNUMBER(SEARCH("диспетч",E38)),"инженер пдо",TRIM(SUBSTITUTE(SUBSTITUTE(SUBSTITUTE(SUBSTITUTE(SUBSTITUTE(SUBSTITUTE(SUBSTITUTE(SUBSTITUTE(SUBSTITUTE(SUBSTITUTE(SUBSTITUTE(LOWER(TRIM(D38)),"ё","е")," -","-"),"- ","-")," 2 разряда","")," 3 разряда","")," 4 разряда","")," 5 разряда","")," 6 разряда","")," 1 категории","")," 2 категории","")," 3 категории","")))),IF(TRIM(SUBSTITUTE(SUBSTITUTE(SUBSTITUTE(SUBSTITUTE(SUBSTITUTE(SUBSTITUTE(SUBSTITUTE(SUBSTITUTE(SUBSTITUTE(SUBSTITUTE(SUBSTITUTE(LOWER(TRIM(D38)),"ё","е")," -","-"),"- ","-")," 2 разряда","")," 3 разряда","")," 4 разряда","")," 5 разряда","")," 6 разряда","")," 1 категории","")," 2 категории","")," 3 категории",""))="ведущий инженер",IF(ISNUMBER(SEARCH("диспетч",E38)),"ведущий инженер пдо",TRIM(SUBSTITUTE(SUBSTITUTE(SUBSTITUTE(SUBSTITUTE(SUBSTITUTE(SUBSTITUTE(SUBSTITUTE(SUBSTITUTE(SUBSTITUTE(SUBSTITUTE(SUBSTITUTE(LOWER(TRIM(D38)),"ё","е")," -","-"),"- ","-")," 2 разряда","")," 3 разряда","")," 4 разряда","")," 5 разряда","")," 6 разряда","")," 1 категории","")," 2 категории","")," 3 категории",""))),IF(TRIM(SUBSTITUTE(SUBSTITUTE(SUBSTITUTE(SUBSTITUTE(SUBSTITUTE(SUBSTITUTE(SUBSTITUTE(SUBSTITUTE(SUBSTITUTE(SUBSTITUTE(SUBSTITUTE(LOWER(TRIM(D38)),"ё","е")," -","-"),"- ","-")," 2 разряда","")," 3 разряда","")," 4 разряда","")," 5 разряда","")," 6 разряда","")," 1 категории","")," 2 категории","")," 3 категории",""))="контролер","контролер отк",TRIM(SUBSTITUTE(SUBSTITUTE(SUBSTITUTE(SUBSTITUTE(SUBSTITUTE(SUBSTITUTE(SUBSTITUTE(SUBSTITUTE(SUBSTITUTE(SUBSTITUTE(SUBSTITUTE(LOWER(TRIM(D38)),"ё","е")," -","-"),"- ","-")," 2 разряда","")," 3 разряда","")," 4 разряда","")," 5 разряда","")," 6 разряда","")," 1 категории","")," 2 категории","")," 3 категории","")))))) -> слесарь-сборщик | H38: =IF(C38="","",IF(AND(G38="мастер участка",ISNUMBER(SEARCH("РЭО",E38))),29,IFERROR(INDEX(Соответствие!$B$2:$B$100,MATCH(G38,Соответствие!$A$2:$A$100,0)),"?"))) -> 19 | I38: =IF(C38="","",IFERROR(INDEX(Перечень!$C$6:$C$52,MATCH(H38,Перечень!$A$6:$A$52,0)),"")) -> п.4.3.1, п.4.3.2, п.4.4, п.5.1, п.6.2, п.15 | J38: =IF(C38="","",IFERROR(INDEX(Перечень!$D$6:$D$52,MATCH(H38,Перечень!$A$6:$A$52,0)),12)) -> 12 | M38: =IF(AND(K38="",L38=""),"",EDATE(MAX(K38,L38),J38)) | N38: =IF(C38="","",IFERROR(INDEX(Перечень!$F$6:$F$52,MATCH(H38,Перечень!$A$6:$A$52,0)),"")) -> - | P38: =IF(O38="","",EDATE(O38,60)) | Q38: =IF(AND(K38<>"",F38<>"",K38>F38),"Да","") | R38: =IF(C38="","",IF(M38="","Нет сведений",IF(M38<TODAY(),"Просрочен",IF(M38-TODAY()<=30,"Истекает","В срок")))) -> Нет сведений | S38: =IF(AND(N38="Да",O38=""),"Не пройдено","")
A39: =IF(C39="","",ROW()-5) -> 34 | B39: Воронеж | C39: Косменко Игорь Юрьевич | D39: Слесарь-сборщик 4 разряда | E39: Участок сборки В | F39: 46073 | G39: =IF(C39="","",IF(TRIM(SUBSTITUTE(SUBSTITUTE(SUBSTITUTE(SUBSTITUTE(SUBSTITUTE(SUBSTITUTE(SUBSTITUTE(SUBSTITUTE(SUBSTITUTE(SUBSTITUTE(SUBSTITUTE(LOWER(TRIM(D39)),"ё","е")," -","-"),"- ","-")," 2 разряда","")," 3 разряда","")," 4 разряда","")," 5 разряда","")," 6 разряда","")," 1 категории","")," 2 категории","")," 3 категории",""))="инженер",IF(AND(ISNUMBER(SEARCH("техническ",E39)),ISNUMBER(SEARCH("контрол",E39))),"инженер отк",IF(ISNUMBER(SEARCH("диспетч",E39)),"инженер пдо",TRIM(SUBSTITUTE(SUBSTITUTE(SUBSTITUTE(SUBSTITUTE(SUBSTITUTE(SUBSTITUTE(SUBSTITUTE(SUBSTITUTE(SUBSTITUTE(SUBSTITUTE(SUBSTITUTE(LOWER(TRIM(D39)),"ё","е")," -","-"),"- ","-")," 2 разряда","")," 3 разряда","")," 4 разряда","")," 5 разряда","")," 6 разряда","")," 1 категории","")," 2 категории","")," 3 категории","")))),IF(TRIM(SUBSTITUTE(SUBSTITUTE(SUBSTITUTE(SUBSTITUTE(SUBSTITUTE(SUBSTITUTE(SUBSTITUTE(SUBSTITUTE(SUBSTITUTE(SUBSTITUTE(SUBSTITUTE(LOWER(TRIM(D39)),"ё","е")," -","-"),"- ","-")," 2 разряда","")," 3 разряда","")," 4 разряда","")," 5 разряда","")," 6 разряда","")," 1 категории","")," 2 категории","")," 3 категории",""))="ведущий инженер",IF(ISNUMBER(SEARCH("диспетч",E39)),"ведущий инженер пдо",TRIM(SUBSTITUTE(SUBSTITUTE(SUBSTITUTE(SUBSTITUTE(SUBSTITUTE(SUBSTITUTE(SUBSTITUTE(SUBSTITUTE(SUBSTITUTE(SUBSTITUTE(SUBSTITUTE(LOWER(TRIM(D39)),"ё","е")," -","-"),"- ","-")," 2 разряда","")," 3 разряда","")," 4 разряда","")," 5 разряда","")," 6 разряда","")," 1 категории","")," 2 категории","")," 3 категории",""))),IF(TRIM(SUBSTITUTE(SUBSTITUTE(SUBSTITUTE(SUBSTITUTE(SUBSTITUTE(SUBSTITUTE(SUBSTITUTE(SUBSTITUTE(SUBSTITUTE(SUBSTITUTE(SUBSTITUTE(LOWER(TRIM(D39)),"ё","е")," -","-"),"- ","-")," 2 разряда","")," 3 разряда","")," 4 разряда","")," 5 разряда","")," 6 разряда","")," 1 категории","")," 2 категории","")," 3 категории",""))="контролер","контролер отк",TRIM(SUBSTITUTE(SUBSTITUTE(SUBSTITUTE(SUBSTITUTE(SUBSTITUTE(SUBSTITUTE(SUBSTITUTE(SUBSTITUTE(SUBSTITUTE(SUBSTITUTE(SUBSTITUTE(LOWER(TRIM(D39)),"ё","е")," -","-"),"- ","-")," 2 разряда","")," 3 разряда","")," 4 разряда","")," 5 разряда","")," 6 разряда","")," 1 категории","")," 2 категории","")," 3 категории","")))))) -> слесарь-сборщик | H39: =IF(C39="","",IF(AND(G39="мастер участка",ISNUMBER(SEARCH("РЭО",E39))),29,IFERROR(INDEX(Соответствие!$B$2:$B$100,MATCH(G39,Соответствие!$A$2:$A$100,0)),"?"))) -> 19 | I39: =IF(C39="","",IFERROR(INDEX(Перечень!$C$6:$C$52,MATCH(H39,Перечень!$A$6:$A$52,0)),"")) -> п.4.3.1, п.4.3.2, п.4.4, п.5.1, п.6.2, п.15 | J39: =IF(C39="","",IFERROR(INDEX(Перечень!$D$6:$D$52,MATCH(H39,Перечень!$A$6:$A$52,0)),12)) -> 12 | K39: 46059 | M39: =IF(AND(K39="",L39=""),"",EDATE(MAX(K39,L39),J39)) -> 46424 | N39: =IF(C39="","",IFERROR(INDEX(Перечень!$F$6:$F$52,MATCH(H39,Перечень!$A$6:$A$52,0)),"")) -> - | P39: =IF(O39="","",EDATE(O39,60)) | Q39: =IF(AND(K39<>"",F39<>"",K39>F39),"Да","") | R39: =IF(C39="","",IF(M39="","Нет сведений",IF(M39<TODAY(),"Просрочен",IF(M39-TODAY()<=30,"Истекает","В срок")))) -> В срок | S39: =IF(AND(N39="Да",O39=""),"Не пройдено","")
A40: =IF(C40="","",ROW()-5) -> 35 | B40: Воронеж | C40: Кумицкий Алексей Иванович | D40: Слесарь-сборщик 4 разряда | E40: Участок сборки В | F40: 45847 | G40: =IF(C40="","",IF(TRIM(SUBSTITUTE(SUBSTITUTE(SUBSTITUTE(SUBSTITUTE(SUBSTITUTE(SUBSTITUTE(SUBSTITUTE(SUBSTITUTE(SUBSTITUTE(SUBSTITUTE(SUBSTITUTE(LOWER(TRIM(D40)),"ё","е")," -","-"),"- ","-")," 2 разряда","")," 3 разряда","")," 4 разряда","")," 5 разряда","")," 6 разряда","")," 1 категории","")," 2 категории","")," 3 категории",""))="инженер",IF(AND(ISNUMBER(SEARCH("техническ",E40)),ISNUMBER(SEARCH("контрол",E40))),"инженер отк",IF(ISNUMBER(SEARCH("диспетч",E40)),"инженер пдо",TRIM(SUBSTITUTE(SUBSTITUTE(SUBSTITUTE(SUBSTITUTE(SUBSTITUTE(SUBSTITUTE(SUBSTITUTE(SUBSTITUTE(SUBSTITUTE(SUBSTITUTE(SUBSTITUTE(LOWER(TRIM(D40)),"ё","е")," -","-"),"- ","-")," 2 разряда","")," 3 разряда","")," 4 разряда","")," 5 разряда","")," 6 разряда","")," 1 категории","")," 2 категории","")," 3 категории","")))),IF(TRIM(SUBSTITUTE(SUBSTITUTE(SUBSTITUTE(SUBSTITUTE(SUBSTITUTE(SUBSTITUTE(SUBSTITUTE(SUBSTITUTE(SUBSTITUTE(SUBSTITUTE(SUBSTITUTE(LOWER(TRIM(D40)),"ё","е")," -","-"),"- ","-")," 2 разряда","")," 3 разряда","")," 4 разряда","")," 5 разряда","")," 6 разряда","")," 1 категории","")," 2 категории","")," 3 категории",""))="ведущий инженер",IF(ISNUMBER(SEARCH("диспетч",E40)),"ведущий инженер пдо",TRIM(SUBSTITUTE(SUBSTITUTE(SUBSTITUTE(SUBSTITUTE(SUBSTITUTE(SUBSTITUTE(SUBSTITUTE(SUBSTITUTE(SUBSTITUTE(SUBSTITUTE(SUBSTITUTE(LOWER(TRIM(D40)),"ё","е")," -","-"),"- ","-")," 2 разряда","")," 3 разряда","")," 4 разряда","")," 5 разряда","")," 6 разряда","")," 1 категории","")," 2 категории","")," 3 категории",""))),IF(TRIM(SUBSTITUTE(SUBSTITUTE(SUBSTITUTE(SUBSTITUTE(SUBSTITUTE(SUBSTITUTE(SUBSTITUTE(SUBSTITUTE(SUBSTITUTE(SUBSTITUTE(SUBSTITUTE(LOWER(TRIM(D40)),"ё","е")," -","-"),"- ","-")," 2 разряда","")," 3 разряда","")," 4 разряда","")," 5 разряда","")," 6 разряда","")," 1 категории","")," 2 категории","")," 3 категории",""))="контролер","контролер отк",TRIM(SUBSTITUTE(SUBSTITUTE(SUBSTITUTE(SUBSTITUTE(SUBSTITUTE(SUBSTITUTE(SUBSTITUTE(SUBSTITUTE(SUBSTITUTE(SUBSTITUTE(SUBSTITUTE(LOWER(TRIM(D40)),"ё","е")," -","-"),"- ","-")," 2 разряда","")," 3 разряда","")," 4 разряда","")," 5 разряда","")," 6 разряда","")," 1 категории","")," 2 категории","")," 3 категории","")))))) -> слесарь-сборщик | H40: =IF(C40="","",IF(AND(G40="мастер участка",ISNUMBER(SEARCH("РЭО",E40))),29,IFERROR(INDEX(Соответствие!$B$2:$B$100,MATCH(G40,Соответствие!$A$2:$A$100,0)),"?"))) -> 19 | I40: =IF(C40="","",IFERROR(INDEX(Перечень!$C$6:$C$52,MATCH(H40,Перечень!$A$6:$A$52,0)),"")) -> п.4.3.1, п.4.3.2, п.4.4, п.5.1, п.6.2, п.15 | J40: =IF(C40="","",IFERROR(INDEX(Перечень!$D$6:$D$52,MATCH(H40,Перечень!$A$6:$A$52,0)),12)) -> 12 | M40: =IF(AND(K40="",L40=""),"",EDATE(MAX(K40,L40),J40)) | N40: =IF(C40="","",IFERROR(INDEX(Перечень!$F$6:$F$52,MATCH(H40,Перечень!$A$6:$A$52,0)),"")) -> - | P40: =IF(O40="","",EDATE(O40,60)) | Q40: =IF(AND(K40<>"",F40<>"",K40>F40),"Да","") | R40: =IF(C40="","",IF(M40="","Нет сведений",IF(M40<TODAY(),"Просрочен",IF(M40-TODAY()<=30,"Истекает","В срок")))) -> Нет сведений | S40: =IF(AND(N40="Да",O40=""),"Не пройдено","")
A41: =IF(C41="","",ROW()-5) -> 36 | B41: Воронеж | C41: Михайлов Никита Алексеевич | D41: Слесарь-сборщик 4 разряда | E41: Участок сборки В | F41: 45969 | G41: =IF(C41="","",IF(TRIM(SUBSTITUTE(SUBSTITUTE(SUBSTITUTE(SUBSTITUTE(SUBSTITUTE(SUBSTITUTE(SUBSTITUTE(SUBSTITUTE(SUBSTITUTE(SUBSTITUTE(SUBSTITUTE(LOWER(TRIM(D41)),"ё","е")," -","-"),"- ","-")," 2 разряда","")," 3 разряда","")," 4 разряда","")," 5 разряда","")," 6 разряда","")," 1 категории","")," 2 категории","")," 3 категории",""))="инженер",IF(AND(ISNUMBER(SEARCH("техническ",E41)),ISNUMBER(SEARCH("контрол",E41))),"инженер отк",IF(ISNUMBER(SEARCH("диспетч",E41)),"инженер пдо",TRIM(SUBSTITUTE(SUBSTITUTE(SUBSTITUTE(SUBSTITUTE(SUBSTITUTE(SUBSTITUTE(SUBSTITUTE(SUBSTITUTE(SUBSTITUTE(SUBSTITUTE(SUBSTITUTE(LOWER(TRIM(D41)),"ё","е")," -","-"),"- ","-")," 2 разряда","")," 3 разряда","")," 4 разряда","")," 5 разряда","")," 6 разряда","")," 1 категории","")," 2 категории","")," 3 категории","")))),IF(TRIM(SUBSTITUTE(SUBSTITUTE(SUBSTITUTE(SUBSTITUTE(SUBSTITUTE(SUBSTITUTE(SUBSTITUTE(SUBSTITUTE(SUBSTITUTE(SUBSTITUTE(SUBSTITUTE(LOWER(TRIM(D41)),"ё","е")," -","-"),"- ","-")," 2 разряда","")," 3 разряда","")," 4 разряда","")," 5 разряда","")," 6 разряда","")," 1 категории","")," 2 категории","")," 3 категории",""))="ведущий инженер",IF(ISNUMBER(SEARCH("диспетч",E41)),"ведущий инженер пдо",TRIM(SUBSTITUTE(SUBSTITUTE(SUBSTITUTE(SUBSTITUTE(SUBSTITUTE(SUBSTITUTE(SUBSTITUTE(SUBSTITUTE(SUBSTITUTE(SUBSTITUTE(SUBSTITUTE(LOWER(TRIM(D41)),"ё","е")," -","-"),"- ","-")," 2 разряда","")," 3 разряда","")," 4 разряда","")," 5 разряда","")," 6 разряда","")," 1 категории","")," 2 категории","")," 3 категории",""))),IF(TRIM(SUBSTITUTE(SUBSTITUTE(SUBSTITUTE(SUBSTITUTE(SUBSTITUTE(SUBSTITUTE(SUBSTITUTE(SUBSTITUTE(SUBSTITUTE(SUBSTITUTE(SUBSTITUTE(LOWER(TRIM(D41)),"ё","е")," -","-"),"- ","-")," 2 разряда","")," 3 разряда","")," 4 разряда","")," 5 разряда","")," 6 разряда","")," 1 категории","")," 2 категории","")," 3 категории",""))="контролер","контролер отк",TRIM(SUBSTITUTE(SUBSTITUTE(SUBSTITUTE(SUBSTITUTE(SUBSTITUTE(SUBSTITUTE(SUBSTITUTE(SUBSTITUTE(SUBSTITUTE(SUBSTITUTE(SUBSTITUTE(LOWER(TRIM(D41)),"ё","е")," -","-"),"- ","-")," 2 разряда","")," 3 разряда","")," 4 разряда","")," 5 разряда","")," 6 разряда","")," 1 категории","")," 2 категории","")," 3 категории","")))))) -> слесарь-сборщик | H41: =IF(C41="","",IF(AND(G41="мастер участка",ISNUMBER(SEARCH("РЭО",E41))),29,IFERROR(INDEX(Соответствие!$B$2:$B$100,MATCH(G41,Соответствие!$A$2:$A$100,0)),"?"))) -> 19 | I41: =IF(C41="","",IFERROR(INDEX(Перечень!$C$6:$C$52,MATCH(H41,Перечень!$A$6:$A$52,0)),"")) -> п.4.3.1, п.4.3.2, п.4.4, п.5.1, п.6.2, п.15 | J41: =IF(C41="","",IFERROR(INDEX(Перечень!$D$6:$D$52,MATCH(H41,Перечень!$A$6:$A$52,0)),12)) -> 12 | K41: 45948 | M41: =IF(AND(K41="",L41=""),"",EDATE(MAX(K41,L41),J41)) -> 46313 | N41: =IF(C41="","",IFERROR(INDEX(Перечень!$F$6:$F$52,MATCH(H41,Перечень!$A$6:$A$52,0)),"")) -> - | P41: =IF(O41="","",EDATE(O41,60)) | Q41: =IF(AND(K41<>"",F41<>"",K41>F41),"Да","") | R41: =IF(C41="","",IF(M41="","Нет сведений",IF(M41<TODAY(),"Просрочен",IF(M41-TODAY()<=30,"Истекает","В срок")))) -> Просрочен | S41: =IF(AND(N41="Да",O41=""),"Не пройдено","")
A42: =IF(C42="","",ROW()-5) -> 37 | B42: Воронеж | C42: Попов Андрей Михайлович | D42: Слесарь-сборщик 4 разряда | E42: Участок сборки В | F42: 45775 | G42: =IF(C42="","",IF(TRIM(SUBSTITUTE(SUBSTITUTE(SUBSTITUTE(SUBSTITUTE(SUBSTITUTE(SUBSTITUTE(SUBSTITUTE(SUBSTITUTE(SUBSTITUTE(SUBSTITUTE(SUBSTITUTE(LOWER(TRIM(D42)),"ё","е")," -","-"),"- ","-")," 2 разряда","")," 3 разряда","")," 4 разряда","")," 5 разряда","")," 6 разряда","")," 1 категории","")," 2 категории","")," 3 категории",""))="инженер",IF(AND(ISNUMBER(SEARCH("техническ",E42)),ISNUMBER(SEARCH("контрол",E42))),"инженер отк",IF(ISNUMBER(SEARCH("диспетч",E42)),"инженер пдо",TRIM(SUBSTITUTE(SUBSTITUTE(SUBSTITUTE(SUBSTITUTE(SUBSTITUTE(SUBSTITUTE(SUBSTITUTE(SUBSTITUTE(SUBSTITUTE(SUBSTITUTE(SUBSTITUTE(LOWER(TRIM(D42)),"ё","е")," -","-"),"- ","-")," 2 разряда","")," 3 разряда","")," 4 разряда","")," 5 разряда","")," 6 разряда","")," 1 категории","")," 2 категории","")," 3 категории","")))),IF(TRIM(SUBSTITUTE(SUBSTITUTE(SUBSTITUTE(SUBSTITUTE(SUBSTITUTE(SUBSTITUTE(SUBSTITUTE(SUBSTITUTE(SUBSTITUTE(SUBSTITUTE(SUBSTITUTE(LOWER(TRIM(D42)),"ё","е")," -","-"),"- ","-")," 2 разряда","")," 3 разряда","")," 4 разряда","")," 5 разряда","")," 6 разряда","")," 1 категории","")," 2 категории","")," 3 категории",""))="ведущий инженер",IF(ISNUMBER(SEARCH("диспетч",E42)),"ведущий инженер пдо",TRIM(SUBSTITUTE(SUBSTITUTE(SUBSTITUTE(SUBSTITUTE(SUBSTITUTE(SUBSTITUTE(SUBSTITUTE(SUBSTITUTE(SUBSTITUTE(SUBSTITUTE(SUBSTITUTE(LOWER(TRIM(D42)),"ё","е")," -","-"),"- ","-")," 2 разряда","")," 3 разряда","")," 4 разряда","")," 5 разряда","")," 6 разряда","")," 1 категории","")," 2 категории","")," 3 категории",""))),IF(TRIM(SUBSTITUTE(SUBSTITUTE(SUBSTITUTE(SUBSTITUTE(SUBSTITUTE(SUBSTITUTE(SUBSTITUTE(SUBSTITUTE(SUBSTITUTE(SUBSTITUTE(SUBSTITUTE(LOWER(TRIM(D42)),"ё","е")," -","-"),"- ","-")," 2 разряда","")," 3 разряда","")," 4 разряда","")," 5 разряда","")," 6 разряда","")," 1 категории","")," 2 категории","")," 3 категории",""))="контролер","контролер отк",TRIM(SUBSTITUTE(SUBSTITUTE(SUBSTITUTE(SUBSTITUTE(SUBSTITUTE(SUBSTITUTE(SUBSTITUTE(SUBSTITUTE(SUBSTITUTE(SUBSTITUTE(SUBSTITUTE(LOWER(TRIM(D42)),"ё","е")," -","-"),"- ","-")," 2 разряда","")," 3 разряда","")," 4 разряда","")," 5 разряда","")," 6 разряда","")," 1 категории","")," 2 категории","")," 3 категории","")))))) -> слесарь-сборщик | H42: =IF(C42="","",IF(AND(G42="мастер участка",ISNUMBER(SEARCH("РЭО",E42))),29,IFERROR(INDEX(Соответствие!$B$2:$B$100,MATCH(G42,Соответствие!$A$2:$A$100,0)),"?"))) -> 19 | I42: =IF(C42="","",IFERROR(INDEX(Перечень!$C$6:$C$52,MATCH(H42,Перечень!$A$6:$A$52,0)),"")) -> п.4.3.1, п.4.3.2, п.4.4, п.5.1, п.6.2, п.15 | J42: =IF(C42="","",IFERROR(INDEX(Перечень!$D$6:$D$52,MATCH(H42,Перечень!$A$6:$A$52,0)),12)) -> 12 | M42: =IF(AND(K42="",L42=""),"",EDATE(MAX(K42,L42),J42)) | N42: =IF(C42="","",IFERROR(INDEX(Перечень!$F$6:$F$52,MATCH(H42,Перечень!$A$6:$A$52,0)),"")) -> - | P42: =IF(O42="","",EDATE(O42,60)) | Q42: =IF(AND(K42<>"",F42<>"",K42>F42),"Да","") | R42: =IF(C42="","",IF(M42="","Нет сведений",IF(M42<TODAY(),"Просрочен",IF(M42-TODAY()<=30,"Истекает","В срок")))) -> Нет сведений | S42: =IF(AND(N42="Да",O42=""),"Не пройдено","")
A43: =IF(C43="","",ROW()-5) -> 38 | B43: Воронеж | C43: Попов Роман Юрьевич | D43: Слесарь-сборщик 4 разряда | E43: Участок сборки В | F43: 45775 | G43: =IF(C43="","",IF(TRIM(SUBSTITUTE(SUBSTITUTE(SUBSTITUTE(SUBSTITUTE(SUBSTITUTE(SUBSTITUTE(SUBSTITUTE(SUBSTITUTE(SUBSTITUTE(SUBSTITUTE(SUBSTITUTE(LOWER(TRIM(D43)),"ё","е")," -","-"),"- ","-")," 2 разряда","")," 3 разряда","")," 4 разряда","")," 5 разряда","")," 6 разряда","")," 1 категории","")," 2 категории","")," 3 категории",""))="инженер",IF(AND(ISNUMBER(SEARCH("техническ",E43)),ISNUMBER(SEARCH("контрол",E43))),"инженер отк",IF(ISNUMBER(SEARCH("диспетч",E43)),"инженер пдо",TRIM(SUBSTITUTE(SUBSTITUTE(SUBSTITUTE(SUBSTITUTE(SUBSTITUTE(SUBSTITUTE(SUBSTITUTE(SUBSTITUTE(SUBSTITUTE(SUBSTITUTE(SUBSTITUTE(LOWER(TRIM(D43)),"ё","е")," -","-"),"- ","-")," 2 разряда","")," 3 разряда","")," 4 разряда","")," 5 разряда","")," 6 разряда","")," 1 категории","")," 2 категории","")," 3 категории","")))),IF(TRIM(SUBSTITUTE(SUBSTITUTE(SUBSTITUTE(SUBSTITUTE(SUBSTITUTE(SUBSTITUTE(SUBSTITUTE(SUBSTITUTE(SUBSTITUTE(SUBSTITUTE(SUBSTITUTE(LOWER(TRIM(D43)),"ё","е")," -","-"),"- ","-")," 2 разряда","")," 3 разряда","")," 4 разряда","")," 5 разряда","")," 6 разряда","")," 1 категории","")," 2 категории","")," 3 категории",""))="ведущий инженер",IF(ISNUMBER(SEARCH("диспетч",E43)),"ведущий инженер пдо",TRIM(SUBSTITUTE(SUBSTITUTE(SUBSTITUTE(SUBSTITUTE(SUBSTITUTE(SUBSTITUTE(SUBSTITUTE(SUBSTITUTE(SUBSTITUTE(SUBSTITUTE(SUBSTITUTE(LOWER(TRIM(D43)),"ё","е")," -","-"),"- ","-")," 2 разряда","")," 3 разряда","")," 4 разряда","")," 5 разряда","")," 6 разряда","")," 1 категории","")," 2 категории","")," 3 категории",""))),IF(TRIM(SUBSTITUTE(SUBSTITUTE(SUBSTITUTE(SUBSTITUTE(SUBSTITUTE(SUBSTITUTE(SUBSTITUTE(SUBSTITUTE(SUBSTITUTE(SUBSTITUTE(SUBSTITUTE(LOWER(TRIM(D43)),"ё","е")," -","-"),"- ","-")," 2 разряда","")," 3 разряда","")," 4 разряда","")," 5 разряда","")," 6 разряда","")," 1 категории","")," 2 категории","")," 3 категории",""))="контролер","контролер отк",TRIM(SUBSTITUTE(SUBSTITUTE(SUBSTITUTE(SUBSTITUTE(SUBSTITUTE(SUBSTITUTE(SUBSTITUTE(SUBSTITUTE(SUBSTITUTE(SUBSTITUTE(SUBSTITUTE(LOWER(TRIM(D43)),"ё","е")," -","-"),"- ","-")," 2 разряда","")," 3 разряда","")," 4 разряда","")," 5 разряда","")," 6 разряда","")," 1 категории","")," 2 категории","")," 3 категории","")))))) -> слесарь-сборщик | H43: =IF(C43="","",IF(AND(G43="мастер участка",ISNUMBER(SEARCH("РЭО",E43))),29,IFERROR(INDEX(Соответствие!$B$2:$B$100,MATCH(G43,Соответствие!$A$2:$A$100,0)),"?"))) -> 19 | I43: =IF(C43="","",IFERROR(INDEX(Перечень!$C$6:$C$52,MATCH(H43,Перечень!$A$6:$A$52,0)),"")) -> п.4.3.1, п.4.3.2, п.4.4, п.5.1, п.6.2, п.15 | J43: =IF(C43="","",IFERROR(INDEX(Перечень!$D$6:$D$52,MATCH(H43,Перечень!$A$6:$A$52,0)),12)) -> 12 | M43: =IF(AND(K43="",L43=""),"",EDATE(MAX(K43,L43),J43)) | N43: =IF(C43="","",IFERROR(INDEX(Перечень!$F$6:$F$52,MATCH(H43,Перечень!$A$6:$A$52,0)),"")) -> - | P43: =IF(O43="","",EDATE(O43,60)) | Q43: =IF(AND(K43<>"",F43<>"",K43>F43),"Да","") | R43: =IF(C43="","",IF(M43="","Нет сведений",IF(M43<TODAY(),"Просрочен",IF(M43-TODAY()<=30,"Истекает","В срок")))) -> Нет сведений | S43: =IF(AND(N43="Да",O43=""),"Не пройдено","")
A44: =IF(C44="","",ROW()-5) -> 39 | B44: Воронеж | C44: Потамошнев Константин Сергеевич | D44: Слесарь-сборщик 4 разряда | E44: Участок сборки В | F44: 45995 | G44: =IF(C44="","",IF(TRIM(SUBSTITUTE(SUBSTITUTE(SUBSTITUTE(SUBSTITUTE(SUBSTITUTE(SUBSTITUTE(SUBSTITUTE(SUBSTITUTE(SUBSTITUTE(SUBSTITUTE(SUBSTITUTE(LOWER(TRIM(D44)),"ё","е")," -","-"),"- ","-")," 2 разряда","")," 3 разряда","")," 4 разряда","")," 5 разряда","")," 6 разряда","")," 1 категории","")," 2 категории","")," 3 категории",""))="инженер",IF(AND(ISNUMBER(SEARCH("техническ",E44)),ISNUMBER(SEARCH("контрол",E44))),"инженер отк",IF(ISNUMBER(SEARCH("диспетч",E44)),"инженер пдо",TRIM(SUBSTITUTE(SUBSTITUTE(SUBSTITUTE(SUBSTITUTE(SUBSTITUTE(SUBSTITUTE(SUBSTITUTE(SUBSTITUTE(SUBSTITUTE(SUBSTITUTE(SUBSTITUTE(LOWER(TRIM(D44)),"ё","е")," -","-"),"- ","-")," 2 разряда","")," 3 разряда","")," 4 разряда","")," 5 разряда","")," 6 разряда","")," 1 категории","")," 2 категории","")," 3 категории","")))),IF(TRIM(SUBSTITUTE(SUBSTITUTE(SUBSTITUTE(SUBSTITUTE(SUBSTITUTE(SUBSTITUTE(SUBSTITUTE(SUBSTITUTE(SUBSTITUTE(SUBSTITUTE(SUBSTITUTE(LOWER(TRIM(D44)),"ё","е")," -","-"),"- ","-")," 2 разряда","")," 3 разряда","")," 4 разряда","")," 5 разряда","")," 6 разряда","")," 1 категории","")," 2 категории","")," 3 категории",""))="ведущий инженер",IF(ISNUMBER(SEARCH("диспетч",E44)),"ведущий инженер пдо",TRIM(SUBSTITUTE(SUBSTITUTE(SUBSTITUTE(SUBSTITUTE(SUBSTITUTE(SUBSTITUTE(SUBSTITUTE(SUBSTITUTE(SUBSTITUTE(SUBSTITUTE(SUBSTITUTE(LOWER(TRIM(D44)),"ё","е")," -","-"),"- ","-")," 2 разряда","")," 3 разряда","")," 4 разряда","")," 5 разряда","")," 6 разряда","")," 1 категории","")," 2 категории","")," 3 категории",""))),IF(TRIM(SUBSTITUTE(SUBSTITUTE(SUBSTITUTE(SUBSTITUTE(SUBSTITUTE(SUBSTITUTE(SUBSTITUTE(SUBSTITUTE(SUBSTITUTE(SUBSTITUTE(SUBSTITUTE(LOWER(TRIM(D44)),"ё","е")," -","-"),"- ","-")," 2 разряда","")," 3 разряда","")," 4 разряда","")," 5 разряда","")," 6 разряда","")," 1 категории","")," 2 категории","")," 3 категории",""))="контролер","контролер отк",TRIM(SUBSTITUTE(SUBSTITUTE(SUBSTITUTE(SUBSTITUTE(SUBSTITUTE(SUBSTITUTE(SUBSTITUTE(SUBSTITUTE(SUBSTITUTE(SUBSTITUTE(SUBSTITUTE(LOWER(TRIM(D44)),"ё","е")," -","-"),"- ","-")," 2 разряда","")," 3 разряда","")," 4 разряда","")," 5 разряда","")," 6 разряда","")," 1 категории","")," 2 категории","")," 3 категории","")))))) -> слесарь-сборщик | H44: =IF(C44="","",IF(AND(G44="мастер участка",ISNUMBER(SEARCH("РЭО",E44))),29,IFERROR(INDEX(Соответствие!$B$2:$B$100,MATCH(G44,Соответствие!$A$2:$A$100,0)),"?"))) -> 19 | I44: =IF(C44="","",IFERROR(INDEX(Перечень!$C$6:$C$52,MATCH(H44,Перечень!$A$6:$A$52,0)),"")) -> п.4.3.1, п.4.3.2, п.4.4, п.5.1, п.6.2, п.15 | J44: =IF(C44="","",IFERROR(INDEX(Перечень!$D$6:$D$52,MATCH(H44,Перечень!$A$6:$A$52,0)),12)) -> 12 | M44: =IF(AND(K44="",L44=""),"",EDATE(MAX(K44,L44),J44)) | N44: =IF(C44="","",IFERROR(INDEX(Перечень!$F$6:$F$52,MATCH(H44,Перечень!$A$6:$A$52,0)),"")) -> - | P44: =IF(O44="","",EDATE(O44,60)) | Q44: =IF(AND(K44<>"",F44<>"",K44>F44),"Да","") | R44: =IF(C44="","",IF(M44="","Нет сведений",IF(M44<TODAY(),"Просрочен",IF(M44-TODAY()<=30,"Истекает","В срок")))) -> Нет сведений | S44: =IF(AND(N44="Да",O44=""),"Не пройдено","")
A45: =IF(C45="","",ROW()-5) -> 40 | B45: Воронеж | C45: Самодуров Алексей Юрьевич | D45: Слесарь-сборщик 4 разряда | E45: Участок сборки В | F45: 44977 | G45: =IF(C45="","",IF(TRIM(SUBSTITUTE(SUBSTITUTE(SUBSTITUTE(SUBSTITUTE(SUBSTITUTE(SUBSTITUTE(SUBSTITUTE(SUBSTITUTE(SUBSTITUTE(SUBSTITUTE(SUBSTITUTE(LOWER(TRIM(D45)),"ё","е")," -","-"),"- ","-")," 2 разряда","")," 3 разряда","")," 4 разряда","")," 5 разряда","")," 6 разряда","")," 1 категории","")," 2 категории","")," 3 категории",""))="инженер",IF(AND(ISNUMBER(SEARCH("техническ",E45)),ISNUMBER(SEARCH("контрол",E45))),"инженер отк",IF(ISNUMBER(SEARCH("диспетч",E45)),"инженер пдо",TRIM(SUBSTITUTE(SUBSTITUTE(SUBSTITUTE(SUBSTITUTE(SUBSTITUTE(SUBSTITUTE(SUBSTITUTE(SUBSTITUTE(SUBSTITUTE(SUBSTITUTE(SUBSTITUTE(LOWER(TRIM(D45)),"ё","е")," -","-"),"- ","-")," 2 разряда","")," 3 разряда","")," 4 разряда","")," 5 разряда","")," 6 разряда","")," 1 категории","")," 2 категории","")," 3 категории","")))),IF(TRIM(SUBSTITUTE(SUBSTITUTE(SUBSTITUTE(SUBSTITUTE(SUBSTITUTE(SUBSTITUTE(SUBSTITUTE(SUBSTITUTE(SUBSTITUTE(SUBSTITUTE(SUBSTITUTE(LOWER(TRIM(D45)),"ё","е")," -","-"),"- ","-")," 2 разряда","")," 3 разряда","")," 4 разряда","")," 5 разряда","")," 6 разряда","")," 1 категории","")," 2 категории","")," 3 категории",""))="ведущий инженер",IF(ISNUMBER(SEARCH("диспетч",E45)),"ведущий инженер пдо",TRIM(SUBSTITUTE(SUBSTITUTE(SUBSTITUTE(SUBSTITUTE(SUBSTITUTE(SUBSTITUTE(SUBSTITUTE(SUBSTITUTE(SUBSTITUTE(SUBSTITUTE(SUBSTITUTE(LOWER(TRIM(D45)),"ё","е")," -","-"),"- ","-")," 2 разряда","")," 3 разряда","")," 4 разряда","")," 5 разряда","")," 6 разряда","")," 1 категории","")," 2 категории","")," 3 категории",""))),IF(TRIM(SUBSTITUTE(SUBSTITUTE(SUBSTITUTE(SUBSTITUTE(SUBSTITUTE(SUBSTITUTE(SUBSTITUTE(SUBSTITUTE(SUBSTITUTE(SUBSTITUTE(SUBSTITUTE(LOWER(TRIM(D45)),"ё","е")," -","-"),"- ","-")," 2 разряда","")," 3 разряда","")," 4 разряда","")," 5 разряда","")," 6 разряда","")," 1 категории","")," 2 категории","")," 3 категории",""))="контролер","контролер отк",TRIM(SUBSTITUTE(SUBSTITUTE(SUBSTITUTE(SUBSTITUTE(SUBSTITUTE(SUBSTITUTE(SUBSTITUTE(SUBSTITUTE(SUBSTITUTE(SUBSTITUTE(SUBSTITUTE(LOWER(TRIM(D45)),"ё","е")," -","-"),"- ","-")," 2 разряда","")," 3 разряда","")," 4 разряда","")," 5 разряда","")," 6 разряда","")," 1 категории","")," 2 категории","")," 3 категории","")))))) -> слесарь-сборщик | H45: =IF(C45="","",IF(AND(G45="мастер участка",ISNUMBER(SEARCH("РЭО",E45))),29,IFERROR(INDEX(Соответствие!$B$2:$B$100,MATCH(G45,Соответствие!$A$2:$A$100,0)),"?"))) -> 19 | I45: =IF(C45="","",IFERROR(INDEX(Перечень!$C$6:$C$52,MATCH(H45,Перечень!$A$6:$A$52,0)),"")) -> п.4.3.1, п.4.3.2, п.4.4, п.5.1, п.6.2, п.15 | J45: =IF(C45="","",IFERROR(INDEX(Перечень!$D$6:$D$52,MATCH(H45,Перечень!$A$6:$A$52,0)),12)) -> 12 | M45: =IF(AND(K45="",L45=""),"",EDATE(MAX(K45,L45),J45)) | N45: =IF(C45="","",IFERROR(INDEX(Перечень!$F$6:$F$52,MATCH(H45,Перечень!$A$6:$A$52,0)),"")) -> - | P45: =IF(O45="","",EDATE(O45,60)) | Q45: =IF(AND(K45<>"",F45<>"",K45>F45),"Да","") | R45: =IF(C45="","",IF(M45="","Нет сведений",IF(M45<TODAY(),"Просрочен",IF(M45-TODAY()<=30,"Истекает","В срок")))) -> Нет сведений | S45: =IF(AND(N45="Да",O45=""),"Не пройдено","")
A46: =IF(C46="","",ROW()-5) -> 41 | B46: Воронеж | C46: Сидоренко Сергей Владимирович | D46: Слесарь-сборщик 4 разряда | E46: Участок сборки В | F46: 45567 | G46: =IF(C46="","",IF(TRIM(SUBSTITUTE(SUBSTITUTE(SUBSTITUTE(SUBSTITUTE(SUBSTITUTE(SUBSTITUTE(SUBSTITUTE(SUBSTITUTE(SUBSTITUTE(SUBSTITUTE(SUBSTITUTE(LOWER(TRIM(D46)),"ё","е")," -","-"),"- ","-")," 2 разряда","")," 3 разряда","")," 4 разряда","")," 5 разряда","")," 6 разряда","")," 1 категории","")," 2 категории","")," 3 категории",""))="инженер",IF(AND(ISNUMBER(SEARCH("техническ",E46)),ISNUMBER(SEARCH("контрол",E46))),"инженер отк",IF(ISNUMBER(SEARCH("диспетч",E46)),"инженер пдо",TRIM(SUBSTITUTE(SUBSTITUTE(SUBSTITUTE(SUBSTITUTE(SUBSTITUTE(SUBSTITUTE(SUBSTITUTE(SUBSTITUTE(SUBSTITUTE(SUBSTITUTE(SUBSTITUTE(LOWER(TRIM(D46)),"ё","е")," -","-"),"- ","-")," 2 разряда","")," 3 разряда","")," 4 разряда","")," 5 разряда","")," 6 разряда","")," 1 категории","")," 2 категории","")," 3 категории","")))),IF(TRIM(SUBSTITUTE(SUBSTITUTE(SUBSTITUTE(SUBSTITUTE(SUBSTITUTE(SUBSTITUTE(SUBSTITUTE(SUBSTITUTE(SUBSTITUTE(SUBSTITUTE(SUBSTITUTE(LOWER(TRIM(D46)),"ё","е")," -","-"),"- ","-")," 2 разряда","")," 3 разряда","")," 4 разряда","")," 5 разряда","")," 6 разряда","")," 1 категории","")," 2 категории","")," 3 категории",""))="ведущий инженер",IF(ISNUMBER(SEARCH("диспетч",E46)),"ведущий инженер пдо",TRIM(SUBSTITUTE(SUBSTITUTE(SUBSTITUTE(SUBSTITUTE(SUBSTITUTE(SUBSTITUTE(SUBSTITUTE(SUBSTITUTE(SUBSTITUTE(SUBSTITUTE(SUBSTITUTE(LOWER(TRIM(D46)),"ё","е")," -","-"),"- ","-")," 2 разряда","")," 3 разряда","")," 4 разряда","")," 5 разряда","")," 6 разряда","")," 1 категории","")," 2 категории","")," 3 категории",""))),IF(TRIM(SUBSTITUTE(SUBSTITUTE(SUBSTITUTE(SUBSTITUTE(SUBSTITUTE(SUBSTITUTE(SUBSTITUTE(SUBSTITUTE(SUBSTITUTE(SUBSTITUTE(SUBSTITUTE(LOWER(TRIM(D46)),"ё","е")," -","-"),"- ","-")," 2 разряда","")," 3 разряда","")," 4 разряда","")," 5 разряда","")," 6 разряда","")," 1 категории","")," 2 категории","")," 3 категории",""))="контролер","контролер отк",TRIM(SUBSTITUTE(SUBSTITUTE(SUBSTITUTE(SUBSTITUTE(SUBSTITUTE(SUBSTITUTE(SUBSTITUTE(SUBSTITUTE(SUBSTITUTE(SUBSTITUTE(SUBSTITUTE(LOWER(TRIM(D46)),"ё","е")," -","-"),"- ","-")," 2 разряда","")," 3 разряда","")," 4 разряда","")," 5 разряда","")," 6 разряда","")," 1 категории","")," 2 категории","")," 3 категории","")))))) -> слесарь-сборщик | H46: =IF(C46="","",IF(AND(G46="мастер участка",ISNUMBER(SEARCH("РЭО",E46))),29,IFERROR(INDEX(Соответствие!$B$2:$B$100,MATCH(G46,Соответствие!$A$2:$A$100,0)),"?"))) -> 19 | I46: =IF(C46="","",IFERROR(INDEX(Перечень!$C$6:$C$52,MATCH(H46,Перечень!$A$6:$A$52,0)),"")) -> п.4.3.1, п.4.3.2, п.4.4, п.5.1, п.6.2, п.15 | J46: =IF(C46="","",IFERROR(INDEX(Перечень!$D$6:$D$52,MATCH(H46,Перечень!$A$6:$A$52,0)),12)) -> 12 | M46: =IF(AND(K46="",L46=""),"",EDATE(MAX(K46,L46),J46)) | N46: =IF(C46="","",IFERROR(INDEX(Перечень!$F$6:$F$52,MATCH(H46,Перечень!$A$6:$A$52,0)),"")) -> - | P46: =IF(O46="","",EDATE(O46,60)) | Q46: =IF(AND(K46<>"",F46<>"",K46>F46),"Да","") | R46: =IF(C46="","",IF(M46="","Нет сведений",IF(M46<TODAY(),"Просрочен",IF(M46-TODAY()<=30,"Истекает","В срок")))) -> Нет сведений | S46: =IF(AND(N46="Да",O46=""),"Не пройдено","")
A47: =IF(C47="","",ROW()-5) -> 42 | B47: Воронеж | C47: Сорокин Олег Владимирович | D47: Слесарь-сборщик 4 разряда | E47: Участок сборки В | F47: 45896 | G47: =IF(C47="","",IF(TRIM(SUBSTITUTE(SUBSTITUTE(SUBSTITUTE(SUBSTITUTE(SUBSTITUTE(SUBSTITUTE(SUBSTITUTE(SUBSTITUTE(SUBSTITUTE(SUBSTITUTE(SUBSTITUTE(LOWER(TRIM(D47)),"ё","е")," -","-"),"- ","-")," 2 разряда","")," 3 разряда","")," 4 разряда","")," 5 разряда","")," 6 разряда","")," 1 категории","")," 2 категории","")," 3 категории",""))="инженер",IF(AND(ISNUMBER(SEARCH("техническ",E47)),ISNUMBER(SEARCH("контрол",E47))),"инженер отк",IF(ISNUMBER(SEARCH("диспетч",E47)),"инженер пдо",TRIM(SUBSTITUTE(SUBSTITUTE(SUBSTITUTE(SUBSTITUTE(SUBSTITUTE(SUBSTITUTE(SUBSTITUTE(SUBSTITUTE(SUBSTITUTE(SUBSTITUTE(SUBSTITUTE(LOWER(TRIM(D47)),"ё","е")," -","-"),"- ","-")," 2 разряда","")," 3 разряда","")," 4 разряда","")," 5 разряда","")," 6 разряда","")," 1 категории","")," 2 категории","")," 3 категории","")))),IF(TRIM(SUBSTITUTE(SUBSTITUTE(SUBSTITUTE(SUBSTITUTE(SUBSTITUTE(SUBSTITUTE(SUBSTITUTE(SUBSTITUTE(SUBSTITUTE(SUBSTITUTE(SUBSTITUTE(LOWER(TRIM(D47)),"ё","е")," -","-"),"- ","-")," 2 разряда","")," 3 разряда","")," 4 разряда","")," 5 разряда","")," 6 разряда","")," 1 категории","")," 2 категории","")," 3 категории",""))="ведущий инженер",IF(ISNUMBER(SEARCH("диспетч",E47)),"ведущий инженер пдо",TRIM(SUBSTITUTE(SUBSTITUTE(SUBSTITUTE(SUBSTITUTE(SUBSTITUTE(SUBSTITUTE(SUBSTITUTE(SUBSTITUTE(SUBSTITUTE(SUBSTITUTE(SUBSTITUTE(LOWER(TRIM(D47)),"ё","е")," -","-"),"- ","-")," 2 разряда","")," 3 разряда","")," 4 разряда","")," 5 разряда","")," 6 разряда","")," 1 категории","")," 2 категории","")," 3 категории",""))),IF(TRIM(SUBSTITUTE(SUBSTITUTE(SUBSTITUTE(SUBSTITUTE(SUBSTITUTE(SUBSTITUTE(SUBSTITUTE(SUBSTITUTE(SUBSTITUTE(SUBSTITUTE(SUBSTITUTE(LOWER(TRIM(D47)),"ё","е")," -","-"),"- ","-")," 2 разряда","")," 3 разряда","")," 4 разряда","")," 5 разряда","")," 6 разряда","")," 1 категории","")," 2 категории","")," 3 категории",""))="контролер","контролер отк",TRIM(SUBSTITUTE(SUBSTITUTE(SUBSTITUTE(SUBSTITUTE(SUBSTITUTE(SUBSTITUTE(SUBSTITUTE(SUBSTITUTE(SUBSTITUTE(SUBSTITUTE(SUBSTITUTE(LOWER(TRIM(D47)),"ё","е")," -","-"),"- ","-")," 2 разряда","")," 3 разряда","")," 4 разряда","")," 5 разряда","")," 6 разряда","")," 1 категории","")," 2 категории","")," 3 категории","")))))) -> слесарь-сборщик | H47: =IF(C47="","",IF(AND(G47="мастер участка",ISNUMBER(SEARCH("РЭО",E47))),29,IFERROR(INDEX(Соответствие!$B$2:$B$100,MATCH(G47,Соответствие!$A$2:$A$100,0)),"?"))) -> 19 | I47: =IF(C47="","",IFERROR(INDEX(Перечень!$C$6:$C$52,MATCH(H47,Перечень!$A$6:$A$52,0)),"")) -> п.4.3.1, п.4.3.2, п.4.4, п.5.1, п.6.2, п.15 | J47: =IF(C47="","",IFERROR(INDEX(Перечень!$D$6:$D$52,MATCH(H47,Перечень!$A$6:$A$52,0)),12)) -> 12 | M47: =IF(AND(K47="",L47=""),"",EDATE(MAX(K47,L47),J47)) | N47: =IF(C47="","",IFERROR(INDEX(Перечень!$F$6:$F$52,MATCH(H47,Перечень!$A$6:$A$52,0)),"")) -> - | P47: =IF(O47="","",EDATE(O47,60)) | Q47: =IF(AND(K47<>"",F47<>"",K47>F47),"Да","") | R47: =IF(C47="","",IF(M47="","Нет сведений",IF(M47<TODAY(),"Просрочен",IF(M47-TODAY()<=30,"Истекает","В срок")))) -> Нет сведений | S47: =IF(AND(N47="Да",O47=""),"Не пройдено","")
A48: =IF(C48="","",ROW()-5) -> 43 | B48: Воронеж | C48: Сухинин Андрей Алексеевич | D48: Слесарь-сборщик 4 разряда | E48: Участок сборки В | F48: 45765 | G48: =IF(C48="","",IF(TRIM(SUBSTITUTE(SUBSTITUTE(SUBSTITUTE(SUBSTITUTE(SUBSTITUTE(SUBSTITUTE(SUBSTITUTE(SUBSTITUTE(SUBSTITUTE(SUBSTITUTE(SUBSTITUTE(LOWER(TRIM(D48)),"ё","е")," -","-"),"- ","-")," 2 разряда","")," 3 разряда","")," 4 разряда","")," 5 разряда","")," 6 разряда","")," 1 категории","")," 2 категории","")," 3 категории",""))="инженер",IF(AND(ISNUMBER(SEARCH("техническ",E48)),ISNUMBER(SEARCH("контрол",E48))),"инженер отк",IF(ISNUMBER(SEARCH("диспетч",E48)),"инженер пдо",TRIM(SUBSTITUTE(SUBSTITUTE(SUBSTITUTE(SUBSTITUTE(SUBSTITUTE(SUBSTITUTE(SUBSTITUTE(SUBSTITUTE(SUBSTITUTE(SUBSTITUTE(SUBSTITUTE(LOWER(TRIM(D48)),"ё","е")," -","-"),"- ","-")," 2 разряда","")," 3 разряда","")," 4 разряда","")," 5 разряда","")," 6 разряда","")," 1 категории","")," 2 категории","")," 3 категории","")))),IF(TRIM(SUBSTITUTE(SUBSTITUTE(SUBSTITUTE(SUBSTITUTE(SUBSTITUTE(SUBSTITUTE(SUBSTITUTE(SUBSTITUTE(SUBSTITUTE(SUBSTITUTE(SUBSTITUTE(LOWER(TRIM(D48)),"ё","е")," -","-"),"- ","-")," 2 разряда","")," 3 разряда","")," 4 разряда","")," 5 разряда","")," 6 разряда","")," 1 категории","")," 2 категории","")," 3 категории",""))="ведущий инженер",IF(ISNUMBER(SEARCH("диспетч",E48)),"ведущий инженер пдо",TRIM(SUBSTITUTE(SUBSTITUTE(SUBSTITUTE(SUBSTITUTE(SUBSTITUTE(SUBSTITUTE(SUBSTITUTE(SUBSTITUTE(SUBSTITUTE(SUBSTITUTE(SUBSTITUTE(LOWER(TRIM(D48)),"ё","е")," -","-"),"- ","-")," 2 разряда","")," 3 разряда","")," 4 разряда","")," 5 разряда","")," 6 разряда","")," 1 категории","")," 2 категории","")," 3 категории",""))),IF(TRIM(SUBSTITUTE(SUBSTITUTE(SUBSTITUTE(SUBSTITUTE(SUBSTITUTE(SUBSTITUTE(SUBSTITUTE(SUBSTITUTE(SUBSTITUTE(SUBSTITUTE(SUBSTITUTE(LOWER(TRIM(D48)),"ё","е")," -","-"),"- ","-")," 2 разряда","")," 3 разряда","")," 4 разряда","")," 5 разряда","")," 6 разряда","")," 1 категории","")," 2 категории","")," 3 категории",""))="контролер","контролер отк",TRIM(SUBSTITUTE(SUBSTITUTE(SUBSTITUTE(SUBSTITUTE(SUBSTITUTE(SUBSTITUTE(SUBSTITUTE(SUBSTITUTE(SUBSTITUTE(SUBSTITUTE(SUBSTITUTE(LOWER(TRIM(D48)),"ё","е")," -","-"),"- ","-")," 2 разряда","")," 3 разряда","")," 4 разряда","")," 5 разряда","")," 6 разряда","")," 1 категории","")," 2 категории","")," 3 категории","")))))) -> слесарь-сборщик | H48: =IF(C48="","",IF(AND(G48="мастер участка",ISNUMBER(SEARCH("РЭО",E48))),29,IFERROR(INDEX(Соответствие!$B$2:$B$100,MATCH(G48,Соответствие!$A$2:$A$100,0)),"?"))) -> 19 | I48: =IF(C48="","",IFERROR(INDEX(Перечень!$C$6:$C$52,MATCH(H48,Перечень!$A$6:$A$52,0)),"")) -> п.4.3.1, п.4.3.2, п.4.4, п.5.1, п.6.2, п.15 | J48: =IF(C48="","",IFERROR(INDEX(Перечень!$D$6:$D$52,MATCH(H48,Перечень!$A$6:$A$52,0)),12)) -> 12 | M48: =IF(AND(K48="",L48=""),"",EDATE(MAX(K48,L48),J48)) | N48: =IF(C48="","",IFERROR(INDEX(Перечень!$F$6:$F$52,MATCH(H48,Перечень!$A$6:$A$52,0)),"")) -> - | P48: =IF(O48="","",EDATE(O48,60)) | Q48: =IF(AND(K48<>"",F48<>"",K48>F48),"Да","") | R48: =IF(C48="","",IF(M48="","Нет сведений",IF(M48<TODAY(),"Просрочен",IF(M48-TODAY()<=30,"Истекает","В срок")))) -> Нет сведений | S48: =IF(AND(N48="Да",O48=""),"Не пройдено","")
A49: =IF(C49="","",ROW()-5) -> 44 | B49: Воронеж | C49: Червяков Владислав Вячеславович | D49: Слесарь-сборщик 4 разряда | E49: Участок сборки В | F49: 45666 | G49: =IF(C49="","",IF(TRIM(SUBSTITUTE(SUBSTITUTE(SUBSTITUTE(SUBSTITUTE(SUBSTITUTE(SUBSTITUTE(SUBSTITUTE(SUBSTITUTE(SUBSTITUTE(SUBSTITUTE(SUBSTITUTE(LOWER(TRIM(D49)),"ё","е")," -","-"),"- ","-")," 2 разряда","")," 3 разряда","")," 4 разряда","")," 5 разряда","")," 6 разряда","")," 1 категории","")," 2 категории","")," 3 категории",""))="инженер",IF(AND(ISNUMBER(SEARCH("техническ",E49)),ISNUMBER(SEARCH("контрол",E49))),"инженер отк",IF(ISNUMBER(SEARCH("диспетч",E49)),"инженер пдо",TRIM(SUBSTITUTE(SUBSTITUTE(SUBSTITUTE(SUBSTITUTE(SUBSTITUTE(SUBSTITUTE(SUBSTITUTE(SUBSTITUTE(SUBSTITUTE(SUBSTITUTE(SUBSTITUTE(LOWER(TRIM(D49)),"ё","е")," -","-"),"- ","-")," 2 разряда","")," 3 разряда","")," 4 разряда","")," 5 разряда","")," 6 разряда","")," 1 категории","")," 2 категории","")," 3 категории","")))),IF(TRIM(SUBSTITUTE(SUBSTITUTE(SUBSTITUTE(SUBSTITUTE(SUBSTITUTE(SUBSTITUTE(SUBSTITUTE(SUBSTITUTE(SUBSTITUTE(SUBSTITUTE(SUBSTITUTE(LOWER(TRIM(D49)),"ё","е")," -","-"),"- ","-")," 2 разряда","")," 3 разряда","")," 4 разряда","")," 5 разряда","")," 6 разряда","")," 1 категории","")," 2 категории","")," 3 категории",""))="ведущий инженер",IF(ISNUMBER(SEARCH("диспетч",E49)),"ведущий инженер пдо",TRIM(SUBSTITUTE(SUBSTITUTE(SUBSTITUTE(SUBSTITUTE(SUBSTITUTE(SUBSTITUTE(SUBSTITUTE(SUBSTITUTE(SUBSTITUTE(SUBSTITUTE(SUBSTITUTE(LOWER(TRIM(D49)),"ё","е")," -","-"),"- ","-")," 2 разряда","")," 3 разряда","")," 4 разряда","")," 5 разряда","")," 6 разряда","")," 1 категории","")," 2 категории","")," 3 категории",""))),IF(TRIM(SUBSTITUTE(SUBSTITUTE(SUBSTITUTE(SUBSTITUTE(SUBSTITUTE(SUBSTITUTE(SUBSTITUTE(SUBSTITUTE(SUBSTITUTE(SUBSTITUTE(SUBSTITUTE(LOWER(TRIM(D49)),"ё","е")," -","-"),"- ","-")," 2 разряда","")," 3 разряда","")," 4 разряда","")," 5 разряда","")," 6 разряда","")," 1 категории","")," 2 категории","")," 3 категории",""))="контролер","контролер отк",TRIM(SUBSTITUTE(SUBSTITUTE(SUBSTITUTE(SUBSTITUTE(SUBSTITUTE(SUBSTITUTE(SUBSTITUTE(SUBSTITUTE(SUBSTITUTE(SUBSTITUTE(SUBSTITUTE(LOWER(TRIM(D49)),"ё","е")," -","-"),"- ","-")," 2 разряда","")," 3 разряда","")," 4 разряда","")," 5 разряда","")," 6 разряда","")," 1 категории","")," 2 категории","")," 3 категории","")))))) -> слесарь-сборщик | H49: =IF(C49="","",IF(AND(G49="мастер участка",ISNUMBER(SEARCH("РЭО",E49))),29,IFERROR(INDEX(Соответствие!$B$2:$B$100,MATCH(G49,Соответствие!$A$2:$A$100,0)),"?"))) -> 19 | I49: =IF(C49="","",IFERROR(INDEX(Перечень!$C$6:$C$52,MATCH(H49,Перечень!$A$6:$A$52,0)),"")) -> п.4.3.1, п.4.3.2, п.4.4, п.5.1, п.6.2, п.15 | J49: =IF(C49="","",IFERROR(INDEX(Перечень!$D$6:$D$52,MATCH(H49,Перечень!$A$6:$A$52,0)),12)) -> 12 | M49: =IF(AND(K49="",L49=""),"",EDATE(MAX(K49,L49),J49)) | N49: =IF(C49="","",IFERROR(INDEX(Перечень!$F$6:$F$52,MATCH(H49,Перечень!$A$6:$A$52,0)),"")) -> - | P49: =IF(O49="","",EDATE(O49,60)) | Q49: =IF(AND(K49<>"",F49<>"",K49>F49),"Да","") | R49: =IF(C49="","",IF(M49="","Нет сведений",IF(M49<TODAY(),"Просрочен",IF(M49-TODAY()<=30,"Истекает","В срок")))) -> Нет сведений | S49: =IF(AND(N49="Да",O49=""),"Не пройдено","")
A50: =IF(C50="","",ROW()-5) -> 45 | B50: Воронеж | C50: Юрьев Александр Николаевич | D50: Слесарь-сборщик 4 разряда | E50: Участок сборки В | F50: 46062 | G50: =IF(C50="","",IF(TRIM(SUBSTITUTE(SUBSTITUTE(SUBSTITUTE(SUBSTITUTE(SUBSTITUTE(SUBSTITUTE(SUBSTITUTE(SUBSTITUTE(SUBSTITUTE(SUBSTITUTE(SUBSTITUTE(LOWER(TRIM(D50)),"ё","е")," -","-"),"- ","-")," 2 разряда","")," 3 разряда","")," 4 разряда","")," 5 разряда","")," 6 разряда","")," 1 категории","")," 2 категории","")," 3 категории",""))="инженер",IF(AND(ISNUMBER(SEARCH("техническ",E50)),ISNUMBER(SEARCH("контрол",E50))),"инженер отк",IF(ISNUMBER(SEARCH("диспетч",E50)),"инженер пдо",TRIM(SUBSTITUTE(SUBSTITUTE(SUBSTITUTE(SUBSTITUTE(SUBSTITUTE(SUBSTITUTE(SUBSTITUTE(SUBSTITUTE(SUBSTITUTE(SUBSTITUTE(SUBSTITUTE(LOWER(TRIM(D50)),"ё","е")," -","-"),"- ","-")," 2 разряда","")," 3 разряда","")," 4 разряда","")," 5 разряда","")," 6 разряда","")," 1 категории","")," 2 категории","")," 3 категории","")))),IF(TRIM(SUBSTITUTE(SUBSTITUTE(SUBSTITUTE(SUBSTITUTE(SUBSTITUTE(SUBSTITUTE(SUBSTITUTE(SUBSTITUTE(SUBSTITUTE(SUBSTITUTE(SUBSTITUTE(LOWER(TRIM(D50)),"ё","е")," -","-"),"- ","-")," 2 разряда","")," 3 разряда","")," 4 разряда","")," 5 разряда","")," 6 разряда","")," 1 категории","")," 2 категории","")," 3 категории",""))="ведущий инженер",IF(ISNUMBER(SEARCH("диспетч",E50)),"ведущий инженер пдо",TRIM(SUBSTITUTE(SUBSTITUTE(SUBSTITUTE(SUBSTITUTE(SUBSTITUTE(SUBSTITUTE(SUBSTITUTE(SUBSTITUTE(SUBSTITUTE(SUBSTITUTE(SUBSTITUTE(LOWER(TRIM(D50)),"ё","е")," -","-"),"- ","-")," 2 разряда","")," 3 разряда","")," 4 разряда","")," 5 разряда","")," 6 разряда","")," 1 категории","")," 2 категории","")," 3 категории",""))),IF(TRIM(SUBSTITUTE(SUBSTITUTE(SUBSTITUTE(SUBSTITUTE(SUBSTITUTE(SUBSTITUTE(SUBSTITUTE(SUBSTITUTE(SUBSTITUTE(SUBSTITUTE(SUBSTITUTE(LOWER(TRIM(D50)),"ё","е")," -","-"),"- ","-")," 2 разряда","")," 3 разряда","")," 4 разряда","")," 5 разряда","")," 6 разряда","")," 1 категории","")," 2 категории","")," 3 категории",""))="контролер","контролер отк",TRIM(SUBSTITUTE(SUBSTITUTE(SUBSTITUTE(SUBSTITUTE(SUBSTITUTE(SUBSTITUTE(SUBSTITUTE(SUBSTITUTE(SUBSTITUTE(SUBSTITUTE(SUBSTITUTE(LOWER(TRIM(D50)),"ё","е")," -","-"),"- ","-")," 2 разряда","")," 3 разряда","")," 4 разряда","")," 5 разряда","")," 6 разряда","")," 1 категории","")," 2 категории","")," 3 категории","")))))) -> слесарь-сборщик | H50: =IF(C50="","",IF(AND(G50="мастер участка",ISNUMBER(SEARCH("РЭО",E50))),29,IFERROR(INDEX(Соответствие!$B$2:$B$100,MATCH(G50,Соответствие!$A$2:$A$100,0)),"?"))) -> 19 | I50: =IF(C50="","",IFERROR(INDEX(Перечень!$C$6:$C$52,MATCH(H50,Перечень!$A$6:$A$52,0)),"")) -> п.4.3.1, п.4.3.2, п.4.4, п.5.1, п.6.2, п.15 | J50: =IF(C50="","",IFERROR(INDEX(Перечень!$D$6:$D$52,MATCH(H50,Перечень!$A$6:$A$52,0)),12)) -> 12 | M50: =IF(AND(K50="",L50=""),"",EDATE(MAX(K50,L50),J50)) | N50: =IF(C50="","",IFERROR(INDEX(Перечень!$F$6:$F$52,MATCH(H50,Перечень!$A$6:$A$52,0)),"")) -> - | P50: =IF(O50="","",EDATE(O50,60)) | Q50: =IF(AND(K50<>"",F50<>"",K50>F50),"Да","") | R50: =IF(C50="","",IF(M50="","Нет сведений",IF(M50<TODAY(),"Просрочен",IF(M50-TODAY()<=30,"Истекает","В срок")))) -> Нет сведений | S50: =IF(AND(N50="Да",O50=""),"Не пройдено","")
A51: =IF(C51="","",ROW()-5) -> 46 | B51: Воронеж | C51: Белоусова Людмила Владимировна | D51: Кладовщик | E51: Склад В | F51: 46127 | G51: =IF(C51="","",IF(TRIM(SUBSTITUTE(SUBSTITUTE(SUBSTITUTE(SUBSTITUTE(SUBSTITUTE(SUBSTITUTE(SUBSTITUTE(SUBSTITUTE(SUBSTITUTE(SUBSTITUTE(SUBSTITUTE(LOWER(TRIM(D51)),"ё","е")," -","-"),"- ","-")," 2 разряда","")," 3 разряда","")," 4 разряда","")," 5 разряда","")," 6 разряда","")," 1 категории","")," 2 категории","")," 3 категории",""))="инженер",IF(AND(ISNUMBER(SEARCH("техническ",E51)),ISNUMBER(SEARCH("контрол",E51))),"инженер отк",IF(ISNUMBER(SEARCH("диспетч",E51)),"инженер пдо",TRIM(SUBSTITUTE(SUBSTITUTE(SUBSTITUTE(SUBSTITUTE(SUBSTITUTE(SUBSTITUTE(SUBSTITUTE(SUBSTITUTE(SUBSTITUTE(SUBSTITUTE(SUBSTITUTE(LOWER(TRIM(D51)),"ё","е")," -","-"),"- ","-")," 2 разряда","")," 3 разряда","")," 4 разряда","")," 5 разряда","")," 6 разряда","")," 1 категории","")," 2 категории","")," 3 категории","")))),IF(TRIM(SUBSTITUTE(SUBSTITUTE(SUBSTITUTE(SUBSTITUTE(SUBSTITUTE(SUBSTITUTE(SUBSTITUTE(SUBSTITUTE(SUBSTITUTE(SUBSTITUTE(SUBSTITUTE(LOWER(TRIM(D51)),"ё","е")," -","-"),"- ","-")," 2 разряда","")," 3 разряда","")," 4 разряда","")," 5 разряда","")," 6 разряда","")," 1 категории","")," 2 категории","")," 3 категории",""))="ведущий инженер",IF(ISNUMBER(SEARCH("диспетч",E51)),"ведущий инженер пдо",TRIM(SUBSTITUTE(SUBSTITUTE(SUBSTITUTE(SUBSTITUTE(SUBSTITUTE(SUBSTITUTE(SUBSTITUTE(SUBSTITUTE(SUBSTITUTE(SUBSTITUTE(SUBSTITUTE(LOWER(TRIM(D51)),"ё","е")," -","-"),"- ","-")," 2 разряда","")," 3 разряда","")," 4 разряда","")," 5 разряда","")," 6 разряда","")," 1 категории","")," 2 категории","")," 3 категории",""))),IF(TRIM(SUBSTITUTE(SUBSTITUTE(SUBSTITUTE(SUBSTITUTE(SUBSTITUTE(SUBSTITUTE(SUBSTITUTE(SUBSTITUTE(SUBSTITUTE(SUBSTITUTE(SUBSTITUTE(LOWER(TRIM(D51)),"ё","е")," -","-"),"- ","-")," 2 разряда","")," 3 разряда","")," 4 разряда","")," 5 разряда","")," 6 разряда","")," 1 категории","")," 2 категории","")," 3 категории",""))="контролер","контролер отк",TRIM(SUBSTITUTE(SUBSTITUTE(SUBSTITUTE(SUBSTITUTE(SUBSTITUTE(SUBSTITUTE(SUBSTITUTE(SUBSTITUTE(SUBSTITUTE(SUBSTITUTE(SUBSTITUTE(LOWER(TRIM(D51)),"ё","е")," -","-"),"- ","-")," 2 разряда","")," 3 разряда","")," 4 разряда","")," 5 разряда","")," 6 разряда","")," 1 категории","")," 2 категории","")," 3 категории","")))))) -> кладовщик | H51: =IF(C51="","",IF(AND(G51="мастер участка",ISNUMBER(SEARCH("РЭО",E51))),29,IFERROR(INDEX(Соответствие!$B$2:$B$100,MATCH(G51,Соответствие!$A$2:$A$100,0)),"?"))) -> 14 | I51: =IF(C51="","",IFERROR(INDEX(Перечень!$C$6:$C$52,MATCH(H51,Перечень!$A$6:$A$52,0)),"")) -> п.4.4, п.5.1, п.6.2 | J51: =IF(C51="","",IFERROR(INDEX(Перечень!$D$6:$D$52,MATCH(H51,Перечень!$A$6:$A$52,0)),12)) -> 12 | M51: =IF(AND(K51="",L51=""),"",EDATE(MAX(K51,L51),J51)) | N51: =IF(C51="","",IFERROR(INDEX(Перечень!$F$6:$F$52,MATCH(H51,Перечень!$A$6:$A$52,0)),"")) -> - | P51: =IF(O51="","",EDATE(O51,60)) | Q51: =IF(AND(K51<>"",F51<>"",K51>F51),"Да","") | R51: =IF(C51="","",IF(M51="","Нет сведений",IF(M51<TODAY(),"Просрочен",IF(M51-TODAY()<=30,"Истекает","В срок")))) -> Нет сведений | S51: =IF(AND(N51="Да",O51=""),"Не пройдено","")
A52: =IF(C52="","",ROW()-5) -> 47 | B52: Воронеж | C52: Басов Вадим Романович | D52: Электромонтажник 5 разряда | E52: Участок РЭО В | F52: 45852 | G52: =IF(C52="","",IF(TRIM(SUBSTITUTE(SUBSTITUTE(SUBSTITUTE(SUBSTITUTE(SUBSTITUTE(SUBSTITUTE(SUBSTITUTE(SUBSTITUTE(SUBSTITUTE(SUBSTITUTE(SUBSTITUTE(LOWER(TRIM(D52)),"ё","е")," -","-"),"- ","-")," 2 разряда","")," 3 разряда","")," 4 разряда","")," 5 разряда","")," 6 разряда","")," 1 категории","")," 2 категории","")," 3 категории",""))="инженер",IF(AND(ISNUMBER(SEARCH("техническ",E52)),ISNUMBER(SEARCH("контрол",E52))),"инженер отк",IF(ISNUMBER(SEARCH("диспетч",E52)),"инженер пдо",TRIM(SUBSTITUTE(SUBSTITUTE(SUBSTITUTE(SUBSTITUTE(SUBSTITUTE(SUBSTITUTE(SUBSTITUTE(SUBSTITUTE(SUBSTITUTE(SUBSTITUTE(SUBSTITUTE(LOWER(TRIM(D52)),"ё","е")," -","-"),"- ","-")," 2 разряда","")," 3 разряда","")," 4 разряда","")," 5 разряда","")," 6 разряда","")," 1 категории","")," 2 категории","")," 3 категории","")))),IF(TRIM(SUBSTITUTE(SUBSTITUTE(SUBSTITUTE(SUBSTITUTE(SUBSTITUTE(SUBSTITUTE(SUBSTITUTE(SUBSTITUTE(SUBSTITUTE(SUBSTITUTE(SUBSTITUTE(LOWER(TRIM(D52)),"ё","е")," -","-"),"- ","-")," 2 разряда","")," 3 разряда","")," 4 разряда","")," 5 разряда","")," 6 разряда","")," 1 категории","")," 2 категории","")," 3 категории",""))="ведущий инженер",IF(ISNUMBER(SEARCH("диспетч",E52)),"ведущий инженер пдо",TRIM(SUBSTITUTE(SUBSTITUTE(SUBSTITUTE(SUBSTITUTE(SUBSTITUTE(SUBSTITUTE(SUBSTITUTE(SUBSTITUTE(SUBSTITUTE(SUBSTITUTE(SUBSTITUTE(LOWER(TRIM(D52)),"ё","е")," -","-"),"- ","-")," 2 разряда","")," 3 разряда","")," 4 разряда","")," 5 разряда","")," 6 разряда","")," 1 категории","")," 2 категории","")," 3 категории",""))),IF(TRIM(SUBSTITUTE(SUBSTITUTE(SUBSTITUTE(SUBSTITUTE(SUBSTITUTE(SUBSTITUTE(SUBSTITUTE(SUBSTITUTE(SUBSTITUTE(SUBSTITUTE(SUBSTITUTE(LOWER(TRIM(D52)),"ё","е")," -","-"),"- ","-")," 2 разряда","")," 3 разряда","")," 4 разряда","")," 5 разряда","")," 6 разряда","")," 1 категории","")," 2 категории","")," 3 категории",""))="контролер","контролер отк",TRIM(SUBSTITUTE(SUBSTITUTE(SUBSTITUTE(SUBSTITUTE(SUBSTITUTE(SUBSTITUTE(SUBSTITUTE(SUBSTITUTE(SUBSTITUTE(SUBSTITUTE(SUBSTITUTE(LOWER(TRIM(D52)),"ё","е")," -","-"),"- ","-")," 2 разряда","")," 3 разряда","")," 4 разряда","")," 5 разряда","")," 6 разряда","")," 1 категории","")," 2 категории","")," 3 категории","")))))) -> электромонтажник | H52: =IF(C52="","",IF(AND(G52="мастер участка",ISNUMBER(SEARCH("РЭО",E52))),29,IFERROR(INDEX(Соответствие!$B$2:$B$100,MATCH(G52,Соответствие!$A$2:$A$100,0)),"?"))) -> 20 | I52: =IF(C52="","",IFERROR(INDEX(Перечень!$C$6:$C$52,MATCH(H52,Перечень!$A$6:$A$52,0)),"")) -> п.4.3.1, п.4.3.2, п.4.4, п.4.9, п.5.1, п.5.2, п.6.2, п.9 | J52: =IF(C52="","",IFERROR(INDEX(Перечень!$D$6:$D$52,MATCH(H52,Перечень!$A$6:$A$52,0)),12)) -> 12 | M52: =IF(AND(K52="",L52=""),"",EDATE(MAX(K52,L52),J52)) | N52: =IF(C52="","",IFERROR(INDEX(Перечень!$F$6:$F$52,MATCH(H52,Перечень!$A$6:$A$52,0)),"")) -> Да | P52: =IF(O52="","",EDATE(O52,60)) | Q52: =IF(AND(K52<>"",F52<>"",K52>F52),"Да","") | R52: =IF(C52="","",IF(M52="","Нет сведений",IF(M52<TODAY(),"Просрочен",IF(M52-TODAY()<=30,"Истекает","В срок")))) -> Нет сведений | S52: =IF(AND(N52="Да",O52=""),"Не пройдено","") -> Не пройдено
A53: =IF(C53="","",ROW()-5) -> 48 | B53: Воронеж | C53: Левин Александр Владимирович | D53: Электромонтажник 4 разряда | E53: Участок РЭО В | F53: 46140 | G53: =IF(C53="","",IF(TRIM(SUBSTITUTE(SUBSTITUTE(SUBSTITUTE(SUBSTITUTE(SUBSTITUTE(SUBSTITUTE(SUBSTITUTE(SUBSTITUTE(SUBSTITUTE(SUBSTITUTE(SUBSTITUTE(LOWER(TRIM(D53)),"ё","е")," -","-"),"- ","-")," 2 разряда","")," 3 разряда","")," 4 разряда","")," 5 разряда","")," 6 разряда","")," 1 категории","")," 2 категории","")," 3 категории",""))="инженер",IF(AND(ISNUMBER(SEARCH("техническ",E53)),ISNUMBER(SEARCH("контрол",E53))),"инженер отк",IF(ISNUMBER(SEARCH("диспетч",E53)),"инженер пдо",TRIM(SUBSTITUTE(SUBSTITUTE(SUBSTITUTE(SUBSTITUTE(SUBSTITUTE(SUBSTITUTE(SUBSTITUTE(SUBSTITUTE(SUBSTITUTE(SUBSTITUTE(SUBSTITUTE(LOWER(TRIM(D53)),"ё","е")," -","-"),"- ","-")," 2 разряда","")," 3 разряда","")," 4 разряда","")," 5 разряда","")," 6 разряда","")," 1 категории","")," 2 категории","")," 3 категории","")))),IF(TRIM(SUBSTITUTE(SUBSTITUTE(SUBSTITUTE(SUBSTITUTE(SUBSTITUTE(SUBSTITUTE(SUBSTITUTE(SUBSTITUTE(SUBSTITUTE(SUBSTITUTE(SUBSTITUTE(LOWER(TRIM(D53)),"ё","е")," -","-"),"- ","-")," 2 разряда","")," 3 разряда","")," 4 разряда","")," 5 разряда","")," 6 разряда","")," 1 категории","")," 2 категории","")," 3 категории",""))="ведущий инженер",IF(ISNUMBER(SEARCH("диспетч",E53)),"ведущий инженер пдо",TRIM(SUBSTITUTE(SUBSTITUTE(SUBSTITUTE(SUBSTITUTE(SUBSTITUTE(SUBSTITUTE(SUBSTITUTE(SUBSTITUTE(SUBSTITUTE(SUBSTITUTE(SUBSTITUTE(LOWER(TRIM(D53)),"ё","е")," -","-"),"- ","-")," 2 разряда","")," 3 разряда","")," 4 разряда","")," 5 разряда","")," 6 разряда","")," 1 категории","")," 2 категории","")," 3 категории",""))),IF(TRIM(SUBSTITUTE(SUBSTITUTE(SUBSTITUTE(SUBSTITUTE(SUBSTITUTE(SUBSTITUTE(SUBSTITUTE(SUBSTITUTE(SUBSTITUTE(SUBSTITUTE(SUBSTITUTE(LOWER(TRIM(D53)),"ё","е")," -","-"),"- ","-")," 2 разряда","")," 3 разряда","")," 4 разряда","")," 5 разряда","")," 6 разряда","")," 1 категории","")," 2 категории","")," 3 категории",""))="контролер","контролер отк",TRIM(SUBSTITUTE(SUBSTITUTE(SUBSTITUTE(SUBSTITUTE(SUBSTITUTE(SUBSTITUTE(SUBSTITUTE(SUBSTITUTE(SUBSTITUTE(SUBSTITUTE(SUBSTITUTE(LOWER(TRIM(D53)),"ё","е")," -","-"),"- ","-")," 2 разряда","")," 3 разряда","")," 4 разряда","")," 5 разряда","")," 6 разряда","")," 1 категории","")," 2 категории","")," 3 категории","")))))) -> электромонтажник | H53: =IF(C53="","",IF(AND(G53="мастер участка",ISNUMBER(SEARCH("РЭО",E53))),29,IFERROR(INDEX(Соответствие!$B$2:$B$100,MATCH(G53,Соответствие!$A$2:$A$100,0)),"?"))) -> 20 | I53: =IF(C53="","",IFERROR(INDEX(Перечень!$C$6:$C$52,MATCH(H53,Перечень!$A$6:$A$52,0)),"")) -> п.4.3.1, п.4.3.2, п.4.4, п.4.9, п.5.1, п.5.2, п.6.2, п.9 | J53: =IF(C53="","",IFERROR(INDEX(Перечень!$D$6:$D$52,MATCH(H53,Перечень!$A$6:$A$52,0)),12)) -> 12 | M53: =IF(AND(K53="",L53=""),"",EDATE(MAX(K53,L53),J53)) | N53: =IF(C53="","",IFERROR(INDEX(Перечень!$F$6:$F$52,MATCH(H53,Перечень!$A$6:$A$52,0)),"")) -> Да | P53: =IF(O53="","",EDATE(O53,60)) | Q53: =IF(AND(K53<>"",F53<>"",K53>F53),"Да","") | R53: =IF(C53="","",IF(M53="","Нет сведений",IF(M53<TODAY(),"Просрочен",IF(M53-TODAY()<=30,"Истекает","В срок")))) -> Нет сведений | S53: =IF(AND(N53="Да",O53=""),"Не пройдено","") -> Не пройдено
A54: =IF(C54="","",ROW()-5) -> 49 | B54: Воронеж | C54: Лисунов Кирилл Андреевич | D54: Электромонтажник 4 разряда | E54: Участок РЭО В | F54: 45796 | G54: =IF(C54="","",IF(TRIM(SUBSTITUTE(SUBSTITUTE(SUBSTITUTE(SUBSTITUTE(SUBSTITUTE(SUBSTITUTE(SUBSTITUTE(SUBSTITUTE(SUBSTITUTE(SUBSTITUTE(SUBSTITUTE(LOWER(TRIM(D54)),"ё","е")," -","-"),"- ","-")," 2 разряда","")," 3 разряда","")," 4 разряда","")," 5 разряда","")," 6 разряда","")," 1 категории","")," 2 категории","")," 3 категории",""))="инженер",IF(AND(ISNUMBER(SEARCH("техническ",E54)),ISNUMBER(SEARCH("контрол",E54))),"инженер отк",IF(ISNUMBER(SEARCH("диспетч",E54)),"инженер пдо",TRIM(SUBSTITUTE(SUBSTITUTE(SUBSTITUTE(SUBSTITUTE(SUBSTITUTE(SUBSTITUTE(SUBSTITUTE(SUBSTITUTE(SUBSTITUTE(SUBSTITUTE(SUBSTITUTE(LOWER(TRIM(D54)),"ё","е")," -","-"),"- ","-")," 2 разряда","")," 3 разряда","")," 4 разряда","")," 5 разряда","")," 6 разряда","")," 1 категории","")," 2 категории","")," 3 категории","")))),IF(TRIM(SUBSTITUTE(SUBSTITUTE(SUBSTITUTE(SUBSTITUTE(SUBSTITUTE(SUBSTITUTE(SUBSTITUTE(SUBSTITUTE(SUBSTITUTE(SUBSTITUTE(SUBSTITUTE(LOWER(TRIM(D54)),"ё","е")," -","-"),"- ","-")," 2 разряда","")," 3 разряда","")," 4 разряда","")," 5 разряда","")," 6 разряда","")," 1 категории","")," 2 категории","")," 3 категории",""))="ведущий инженер",IF(ISNUMBER(SEARCH("диспетч",E54)),"ведущий инженер пдо",TRIM(SUBSTITUTE(SUBSTITUTE(SUBSTITUTE(SUBSTITUTE(SUBSTITUTE(SUBSTITUTE(SUBSTITUTE(SUBSTITUTE(SUBSTITUTE(SUBSTITUTE(SUBSTITUTE(LOWER(TRIM(D54)),"ё","е")," -","-"),"- ","-")," 2 разряда","")," 3 разряда","")," 4 разряда","")," 5 разряда","")," 6 разряда","")," 1 категории","")," 2 категории","")," 3 категории",""))),IF(TRIM(SUBSTITUTE(SUBSTITUTE(SUBSTITUTE(SUBSTITUTE(SUBSTITUTE(SUBSTITUTE(SUBSTITUTE(SUBSTITUTE(SUBSTITUTE(SUBSTITUTE(SUBSTITUTE(LOWER(TRIM(D54)),"ё","е")," -","-"),"- ","-")," 2 разряда","")," 3 разряда","")," 4 разряда","")," 5 разряда","")," 6 разряда","")," 1 категории","")," 2 категории","")," 3 категории",""))="контролер","контролер отк",TRIM(SUBSTITUTE(SUBSTITUTE(SUBSTITUTE(SUBSTITUTE(SUBSTITUTE(SUBSTITUTE(SUBSTITUTE(SUBSTITUTE(SUBSTITUTE(SUBSTITUTE(SUBSTITUTE(LOWER(TRIM(D54)),"ё","е")," -","-"),"- ","-")," 2 разряда","")," 3 разряда","")," 4 разряда","")," 5 разряда","")," 6 разряда","")," 1 категории","")," 2 категории","")," 3 категории","")))))) -> электромонтажник | H54: =IF(C54="","",IF(AND(G54="мастер участка",ISNUMBER(SEARCH("РЭО",E54))),29,IFERROR(INDEX(Соответствие!$B$2:$B$100,MATCH(G54,Соответствие!$A$2:$A$100,0)),"?"))) -> 20 | I54: =IF(C54="","",IFERROR(INDEX(Перечень!$C$6:$C$52,MATCH(H54,Перечень!$A$6:$A$52,0)),"")) -> п.4.3.1, п.4.3.2, п.4.4, п.4.9, п.5.1, п.5.2, п.6.2, п.9 | J54: =IF(C54="","",IFERROR(INDEX(Перечень!$D$6:$D$52,MATCH(H54,Перечень!$A$6:$A$52,0)),12)) -> 12 | K54: 45784 | M54: =IF(AND(K54="",L54=""),"",EDATE(MAX(K54,L54),J54)) -> 46149 | N54: =IF(C54="","",IFERROR(INDEX(Перечень!$F$6:$F$52,MATCH(H54,Перечень!$A$6:$A$52,0)),"")) -> Да | P54: =IF(O54="","",EDATE(O54,60)) | Q54: =IF(AND(K54<>"",F54<>"",K54>F54),"Да","") | R54: =IF(C54="","",IF(M54="","Нет сведений",IF(M54<TODAY(),"Просрочен",IF(M54-TODAY()<=30,"Истекает","В срок")))) -> Просрочен | S54: =IF(AND(N54="Да",O54=""),"Не пройдено","") -> Не пройдено
A55: =IF(C55="","",ROW()-5) -> 50 | B55: Воронеж | C55: Попов Денис Игоревич | D55: Электромонтажник 4 разряда | E55: Участок РЭО В | F55: 45873 | G55: =IF(C55="","",IF(TRIM(SUBSTITUTE(SUBSTITUTE(SUBSTITUTE(SUBSTITUTE(SUBSTITUTE(SUBSTITUTE(SUBSTITUTE(SUBSTITUTE(SUBSTITUTE(SUBSTITUTE(SUBSTITUTE(LOWER(TRIM(D55)),"ё","е")," -","-"),"- ","-")," 2 разряда","")," 3 разряда","")," 4 разряда","")," 5 разряда","")," 6 разряда","")," 1 категории","")," 2 категории","")," 3 категории",""))="инженер",IF(AND(ISNUMBER(SEARCH("техническ",E55)),ISNUMBER(SEARCH("контрол",E55))),"инженер отк",IF(ISNUMBER(SEARCH("диспетч",E55)),"инженер пдо",TRIM(SUBSTITUTE(SUBSTITUTE(SUBSTITUTE(SUBSTITUTE(SUBSTITUTE(SUBSTITUTE(SUBSTITUTE(SUBSTITUTE(SUBSTITUTE(SUBSTITUTE(SUBSTITUTE(LOWER(TRIM(D55)),"ё","е")," -","-"),"- ","-")," 2 разряда","")," 3 разряда","")," 4 разряда","")," 5 разряда","")," 6 разряда","")," 1 категории","")," 2 категории","")," 3 категории","")))),IF(TRIM(SUBSTITUTE(SUBSTITUTE(SUBSTITUTE(SUBSTITUTE(SUBSTITUTE(SUBSTITUTE(SUBSTITUTE(SUBSTITUTE(SUBSTITUTE(SUBSTITUTE(SUBSTITUTE(LOWER(TRIM(D55)),"ё","е")," -","-"),"- ","-")," 2 разряда","")," 3 разряда","")," 4 разряда","")," 5 разряда","")," 6 разряда","")," 1 категории","")," 2 категории","")," 3 категории",""))="ведущий инженер",IF(ISNUMBER(SEARCH("диспетч",E55)),"ведущий инженер пдо",TRIM(SUBSTITUTE(SUBSTITUTE(SUBSTITUTE(SUBSTITUTE(SUBSTITUTE(SUBSTITUTE(SUBSTITUTE(SUBSTITUTE(SUBSTITUTE(SUBSTITUTE(SUBSTITUTE(LOWER(TRIM(D55)),"ё","е")," -","-"),"- ","-")," 2 разряда","")," 3 разряда","")," 4 разряда","")," 5 разряда","")," 6 разряда","")," 1 категории","")," 2 категории","")," 3 категории",""))),IF(TRIM(SUBSTITUTE(SUBSTITUTE(SUBSTITUTE(SUBSTITUTE(SUBSTITUTE(SUBSTITUTE(SUBSTITUTE(SUBSTITUTE(SUBSTITUTE(SUBSTITUTE(SUBSTITUTE(LOWER(TRIM(D55)),"ё","е")," -","-"),"- ","-")," 2 разряда","")," 3 разряда","")," 4 разряда","")," 5 разряда","")," 6 разряда","")," 1 категории","")," 2 категории","")," 3 категории",""))="контролер","контролер отк",TRIM(SUBSTITUTE(SUBSTITUTE(SUBSTITUTE(SUBSTITUTE(SUBSTITUTE(SUBSTITUTE(SUBSTITUTE(SUBSTITUTE(SUBSTITUTE(SUBSTITUTE(SUBSTITUTE(LOWER(TRIM(D55)),"ё","е")," -","-"),"- ","-")," 2 разряда","")," 3 разряда","")," 4 разряда","")," 5 разряда","")," 6 разряда","")," 1 категории","")," 2 категории","")," 3 категории","")))))) -> электромонтажник | H55: =IF(C55="","",IF(AND(G55="мастер участка",ISNUMBER(SEARCH("РЭО",E55))),29,IFERROR(INDEX(Соответствие!$B$2:$B$100,MATCH(G55,Соответствие!$A$2:$A$100,0)),"?"))) -> 20 | I55: =IF(C55="","",IFERROR(INDEX(Перечень!$C$6:$C$52,MATCH(H55,Перечень!$A$6:$A$52,0)),"")) -> п.4.3.1, п.4.3.2, п.4.4, п.4.9, п.5.1, п.5.2, п.6.2, п.9 | J55: =IF(C55="","",IFERROR(INDEX(Перечень!$D$6:$D$52,MATCH(H55,Перечень!$A$6:$A$52,0)),12)) -> 12 | M55: =IF(AND(K55="",L55=""),"",EDATE(MAX(K55,L55),J55)) | N55: =IF(C55="","",IFERROR(INDEX(Перечень!$F$6:$F$52,MATCH(H55,Перечень!$A$6:$A$52,0)),"")) -> Да | P55: =IF(O55="","",EDATE(O55,60)) | Q55: =IF(AND(K55<>"",F55<>"",K55>F55),"Да","") | R55: =IF(C55="","",IF(M55="","Нет сведений",IF(M55<TODAY(),"Просрочен",IF(M55-TODAY()<=30,"Истекает","В срок")))) -> Нет сведений | S55: =IF(AND(N55="Да",O55=""),"Не пройдено","") -> Не пройдено
A56: =IF(C56="","",ROW()-5) -> 51 | B56: Воронеж | C56: Тимофеев Владимир Николаевич | D56: Электромонтажник 4 разряда | E56: Участок РЭО В | F56: 45813 | G56: =IF(C56="","",IF(TRIM(SUBSTITUTE(SUBSTITUTE(SUBSTITUTE(SUBSTITUTE(SUBSTITUTE(SUBSTITUTE(SUBSTITUTE(SUBSTITUTE(SUBSTITUTE(SUBSTITUTE(SUBSTITUTE(LOWER(TRIM(D56)),"ё","е")," -","-"),"- ","-")," 2 разряда","")," 3 разряда","")," 4 разряда","")," 5 разряда","")," 6 разряда","")," 1 категории","")," 2 категории","")," 3 категории",""))="инженер",IF(AND(ISNUMBER(SEARCH("техническ",E56)),ISNUMBER(SEARCH("контрол",E56))),"инженер отк",IF(ISNUMBER(SEARCH("диспетч",E56)),"инженер пдо",TRIM(SUBSTITUTE(SUBSTITUTE(SUBSTITUTE(SUBSTITUTE(SUBSTITUTE(SUBSTITUTE(SUBSTITUTE(SUBSTITUTE(SUBSTITUTE(SUBSTITUTE(SUBSTITUTE(LOWER(TRIM(D56)),"ё","е")," -","-"),"- ","-")," 2 разряда","")," 3 разряда","")," 4 разряда","")," 5 разряда","")," 6 разряда","")," 1 категории","")," 2 категории","")," 3 категории","")))),IF(TRIM(SUBSTITUTE(SUBSTITUTE(SUBSTITUTE(SUBSTITUTE(SUBSTITUTE(SUBSTITUTE(SUBSTITUTE(SUBSTITUTE(SUBSTITUTE(SUBSTITUTE(SUBSTITUTE(LOWER(TRIM(D56)),"ё","е")," -","-"),"- ","-")," 2 разряда","")," 3 разряда","")," 4 разряда","")," 5 разряда","")," 6 разряда","")," 1 категории","")," 2 категории","")," 3 категории",""))="ведущий инженер",IF(ISNUMBER(SEARCH("диспетч",E56)),"ведущий инженер пдо",TRIM(SUBSTITUTE(SUBSTITUTE(SUBSTITUTE(SUBSTITUTE(SUBSTITUTE(SUBSTITUTE(SUBSTITUTE(SUBSTITUTE(SUBSTITUTE(SUBSTITUTE(SUBSTITUTE(LOWER(TRIM(D56)),"ё","е")," -","-"),"- ","-")," 2 разряда","")," 3 разряда","")," 4 разряда","")," 5 разряда","")," 6 разряда","")," 1 категории","")," 2 категории","")," 3 категории",""))),IF(TRIM(SUBSTITUTE(SUBSTITUTE(SUBSTITUTE(SUBSTITUTE(SUBSTITUTE(SUBSTITUTE(SUBSTITUTE(SUBSTITUTE(SUBSTITUTE(SUBSTITUTE(SUBSTITUTE(LOWER(TRIM(D56)),"ё","е")," -","-"),"- ","-")," 2 разряда","")," 3 разряда","")," 4 разряда","")," 5 разряда","")," 6 разряда","")," 1 категории","")," 2 категории","")," 3 категории",""))="контролер","контролер отк",TRIM(SUBSTITUTE(SUBSTITUTE(SUBSTITUTE(SUBSTITUTE(SUBSTITUTE(SUBSTITUTE(SUBSTITUTE(SUBSTITUTE(SUBSTITUTE(SUBSTITUTE(SUBSTITUTE(LOWER(TRIM(D56)),"ё","е")," -","-"),"- ","-")," 2 разряда","")," 3 разряда","")," 4 разряда","")," 5 разряда","")," 6 разряда","")," 1 категории","")," 2 категории","")," 3 категории","")))))) -> электромонтажник | H56: =IF(C56="","",IF(AND(G56="мастер участка",ISNUMBER(SEARCH("РЭО",E56))),29,IFERROR(INDEX(Соответствие!$B$2:$B$100,MATCH(G56,Соответствие!$A$2:$A$100,0)),"?"))) -> 20 | I56: =IF(C56="","",IFERROR(INDEX(Перечень!$C$6:$C$52,MATCH(H56,Перечень!$A$6:$A$52,0)),"")) -> п.4.3.1, п.4.3.2, п.4.4, п.4.9, п.5.1, п.5.2, п.6.2, п.9 | J56: =IF(C56="","",IFERROR(INDEX(Перечень!$D$6:$D$52,MATCH(H56,Перечень!$A$6:$A$52,0)),12)) -> 12 | K56: 45810 | M56: =IF(AND(K56="",L56=""),"",EDATE(MAX(K56,L56),J56)) -> 46175 | N56: =IF(C56="","",IFERROR(INDEX(Перечень!$F$6:$F$52,MATCH(H56,Перечень!$A$6:$A$52,0)),"")) -> Да | P56: =IF(O56="","",EDATE(O56,60)) | Q56: =IF(AND(K56<>"",F56<>"",K56>F56),"Да","") | R56: =IF(C56="","",IF(M56="","Нет сведений",IF(M56<TODAY(),"Просрочен",IF(M56-TODAY()<=30,"Истекает","В срок")))) -> Просрочен | S56: =IF(AND(N56="Да",O56=""),"Не пройдено","") -> Не пройдено
A57: =IF(C57="","",ROW()-5) -> 52 | B57: Воронеж | C57: Труфанов Павел Игоревич | D57: Электромонтажник 4 разряда | E57: Участок РЭО В | F57: 45789 | G57: =IF(C57="","",IF(TRIM(SUBSTITUTE(SUBSTITUTE(SUBSTITUTE(SUBSTITUTE(SUBSTITUTE(SUBSTITUTE(SUBSTITUTE(SUBSTITUTE(SUBSTITUTE(SUBSTITUTE(SUBSTITUTE(LOWER(TRIM(D57)),"ё","е")," -","-"),"- ","-")," 2 разряда","")," 3 разряда","")," 4 разряда","")," 5 разряда","")," 6 разряда","")," 1 категории","")," 2 категории","")," 3 категории",""))="инженер",IF(AND(ISNUMBER(SEARCH("техническ",E57)),ISNUMBER(SEARCH("контрол",E57))),"инженер отк",IF(ISNUMBER(SEARCH("диспетч",E57)),"инженер пдо",TRIM(SUBSTITUTE(SUBSTITUTE(SUBSTITUTE(SUBSTITUTE(SUBSTITUTE(SUBSTITUTE(SUBSTITUTE(SUBSTITUTE(SUBSTITUTE(SUBSTITUTE(SUBSTITUTE(LOWER(TRIM(D57)),"ё","е")," -","-"),"- ","-")," 2 разряда","")," 3 разряда","")," 4 разряда","")," 5 разряда","")," 6 разряда","")," 1 категории","")," 2 категории","")," 3 категории","")))),IF(TRIM(SUBSTITUTE(SUBSTITUTE(SUBSTITUTE(SUBSTITUTE(SUBSTITUTE(SUBSTITUTE(SUBSTITUTE(SUBSTITUTE(SUBSTITUTE(SUBSTITUTE(SUBSTITUTE(LOWER(TRIM(D57)),"ё","е")," -","-"),"- ","-")," 2 разряда","")," 3 разряда","")," 4 разряда","")," 5 разряда","")," 6 разряда","")," 1 категории","")," 2 категории","")," 3 категории",""))="ведущий инженер",IF(ISNUMBER(SEARCH("диспетч",E57)),"ведущий инженер пдо",TRIM(SUBSTITUTE(SUBSTITUTE(SUBSTITUTE(SUBSTITUTE(SUBSTITUTE(SUBSTITUTE(SUBSTITUTE(SUBSTITUTE(SUBSTITUTE(SUBSTITUTE(SUBSTITUTE(LOWER(TRIM(D57)),"ё","е")," -","-"),"- ","-")," 2 разряда","")," 3 разряда","")," 4 разряда","")," 5 разряда","")," 6 разряда","")," 1 категории","")," 2 категории","")," 3 категории",""))),IF(TRIM(SUBSTITUTE(SUBSTITUTE(SUBSTITUTE(SUBSTITUTE(SUBSTITUTE(SUBSTITUTE(SUBSTITUTE(SUBSTITUTE(SUBSTITUTE(SUBSTITUTE(SUBSTITUTE(LOWER(TRIM(D57)),"ё","е")," -","-"),"- ","-")," 2 разряда","")," 3 разряда","")," 4 разряда","")," 5 разряда","")," 6 разряда","")," 1 категории","")," 2 категории","")," 3 категории",""))="контролер","контролер отк",TRIM(SUBSTITUTE(SUBSTITUTE(SUBSTITUTE(SUBSTITUTE(SUBSTITUTE(SUBSTITUTE(SUBSTITUTE(SUBSTITUTE(SUBSTITUTE(SUBSTITUTE(SUBSTITUTE(LOWER(TRIM(D57)),"ё","е")," -","-"),"- ","-")," 2 разряда","")," 3 разряда","")," 4 разряда","")," 5 разряда","")," 6 разряда","")," 1 категории","")," 2 категории","")," 3 категории","")))))) -> электромонтажник | H57: =IF(C57="","",IF(AND(G57="мастер участка",ISNUMBER(SEARCH("РЭО",E57))),29,IFERROR(INDEX(Соответствие!$B$2:$B$100,MATCH(G57,Соответствие!$A$2:$A$100,0)),"?"))) -> 20 | I57: =IF(C57="","",IFERROR(INDEX(Перечень!$C$6:$C$52,MATCH(H57,Перечень!$A$6:$A$52,0)),"")) -> п.4.3.1, п.4.3.2, п.4.4, п.4.9, п.5.1, п.5.2, п.6.2, п.9 | J57: =IF(C57="","",IFERROR(INDEX(Перечень!$D$6:$D$52,MATCH(H57,Перечень!$A$6:$A$52,0)),12)) -> 12 | M57: =IF(AND(K57="",L57=""),"",EDATE(MAX(K57,L57),J57)) | N57: =IF(C57="","",IFERROR(INDEX(Перечень!$F$6:$F$52,MATCH(H57,Перечень!$A$6:$A$52,0)),"")) -> Да | P57: =IF(O57="","",EDATE(O57,60)) | Q57: =IF(AND(K57<>"",F57<>"",K57>F57),"Да","") | R57: =IF(C57="","",IF(M57="","Нет сведений",IF(M57<TODAY(),"Просрочен",IF(M57-TODAY()<=30,"Истекает","В срок")))) -> Нет сведений | S57: =IF(AND(N57="Да",O57=""),"Не пройдено","") -> Не пройдено
A58: =IF(C58="","",ROW()-5) -> 53 | B58: Воронеж | C58: Ячмень Евгений Григорьевич | D58: Электромонтажник 4 разряда | E58: Участок РЭО В | F58: 45769 | G58: =IF(C58="","",IF(TRIM(SUBSTITUTE(SUBSTITUTE(SUBSTITUTE(SUBSTITUTE(SUBSTITUTE(SUBSTITUTE(SUBSTITUTE(SUBSTITUTE(SUBSTITUTE(SUBSTITUTE(SUBSTITUTE(LOWER(TRIM(D58)),"ё","е")," -","-"),"- ","-")," 2 разряда","")," 3 разряда","")," 4 разряда","")," 5 разряда","")," 6 разряда","")," 1 категории","")," 2 категории","")," 3 категории",""))="инженер",IF(AND(ISNUMBER(SEARCH("техническ",E58)),ISNUMBER(SEARCH("контрол",E58))),"инженер отк",IF(ISNUMBER(SEARCH("диспетч",E58)),"инженер пдо",TRIM(SUBSTITUTE(SUBSTITUTE(SUBSTITUTE(SUBSTITUTE(SUBSTITUTE(SUBSTITUTE(SUBSTITUTE(SUBSTITUTE(SUBSTITUTE(SUBSTITUTE(SUBSTITUTE(LOWER(TRIM(D58)),"ё","е")," -","-"),"- ","-")," 2 разряда","")," 3 разряда","")," 4 разряда","")," 5 разряда","")," 6 разряда","")," 1 категории","")," 2 категории","")," 3 категории","")))),IF(TRIM(SUBSTITUTE(SUBSTITUTE(SUBSTITUTE(SUBSTITUTE(SUBSTITUTE(SUBSTITUTE(SUBSTITUTE(SUBSTITUTE(SUBSTITUTE(SUBSTITUTE(SUBSTITUTE(LOWER(TRIM(D58)),"ё","е")," -","-"),"- ","-")," 2 разряда","")," 3 разряда","")," 4 разряда","")," 5 разряда","")," 6 разряда","")," 1 категории","")," 2 категории","")," 3 категории",""))="ведущий инженер",IF(ISNUMBER(SEARCH("диспетч",E58)),"ведущий инженер пдо",TRIM(SUBSTITUTE(SUBSTITUTE(SUBSTITUTE(SUBSTITUTE(SUBSTITUTE(SUBSTITUTE(SUBSTITUTE(SUBSTITUTE(SUBSTITUTE(SUBSTITUTE(SUBSTITUTE(LOWER(TRIM(D58)),"ё","е")," -","-"),"- ","-")," 2 разряда","")," 3 разряда","")," 4 разряда","")," 5 разряда","")," 6 разряда","")," 1 категории","")," 2 категории","")," 3 категории",""))),IF(TRIM(SUBSTITUTE(SUBSTITUTE(SUBSTITUTE(SUBSTITUTE(SUBSTITUTE(SUBSTITUTE(SUBSTITUTE(SUBSTITUTE(SUBSTITUTE(SUBSTITUTE(SUBSTITUTE(LOWER(TRIM(D58)),"ё","е")," -","-"),"- ","-")," 2 разряда","")," 3 разряда","")," 4 разряда","")," 5 разряда","")," 6 разряда","")," 1 категории","")," 2 категории","")," 3 категории",""))="контролер","контролер отк",TRIM(SUBSTITUTE(SUBSTITUTE(SUBSTITUTE(SUBSTITUTE(SUBSTITUTE(SUBSTITUTE(SUBSTITUTE(SUBSTITUTE(SUBSTITUTE(SUBSTITUTE(SUBSTITUTE(LOWER(TRIM(D58)),"ё","е")," -","-"),"- ","-")," 2 разряда","")," 3 разряда","")," 4 разряда","")," 5 разряда","")," 6 разряда","")," 1 категории","")," 2 категории","")," 3 категории","")))))) -> электромонтажник | H58: =IF(C58="","",IF(AND(G58="мастер участка",ISNUMBER(SEARCH("РЭО",E58))),29,IFERROR(INDEX(Соответствие!$B$2:$B$100,MATCH(G58,Соответствие!$A$2:$A$100,0)),"?"))) -> 20 | I58: =IF(C58="","",IFERROR(INDEX(Перечень!$C$6:$C$52,MATCH(H58,Перечень!$A$6:$A$52,0)),"")) -> п.4.3.1, п.4.3.2, п.4.4, п.4.9, п.5.1, п.5.2, п.6.2, п.9 | J58: =IF(C58="","",IFERROR(INDEX(Перечень!$D$6:$D$52,MATCH(H58,Перечень!$A$6:$A$52,0)),12)) -> 12 | M58: =IF(AND(K58="",L58=""),"",EDATE(MAX(K58,L58),J58)) | N58: =IF(C58="","",IFERROR(INDEX(Перечень!$F$6:$F$52,MATCH(H58,Перечень!$A$6:$A$52,0)),"")) -> Да | P58: =IF(O58="","",EDATE(O58,60)) | Q58: =IF(AND(K58<>"",F58<>"",K58>F58),"Да","") | R58: =IF(C58="","",IF(M58="","Нет сведений",IF(M58<TODAY(),"Просрочен",IF(M58-TODAY()<=30,"Истекает","В срок")))) -> Нет сведений | S58: =IF(AND(N58="Да",O58=""),"Не пройдено","") -> Не пройдено
A59: =IF(C59="","",ROW()-5) -> 54 | B59: Воронеж | C59: Воробьев Николай Александрович | D59: Электромонтажник 5 разряда | E59: Участок РЭО В | F59: 45797 | G59: =IF(C59="","",IF(TRIM(SUBSTITUTE(SUBSTITUTE(SUBSTITUTE(SUBSTITUTE(SUBSTITUTE(SUBSTITUTE(SUBSTITUTE(SUBSTITUTE(SUBSTITUTE(SUBSTITUTE(SUBSTITUTE(LOWER(TRIM(D59)),"ё","е")," -","-"),"- ","-")," 2 разряда","")," 3 разряда","")," 4 разряда","")," 5 разряда","")," 6 разряда","")," 1 категории","")," 2 категории","")," 3 категории",""))="инженер",IF(AND(ISNUMBER(SEARCH("техническ",E59)),ISNUMBER(SEARCH("контрол",E59))),"инженер отк",IF(ISNUMBER(SEARCH("диспетч",E59)),"инженер пдо",TRIM(SUBSTITUTE(SUBSTITUTE(SUBSTITUTE(SUBSTITUTE(SUBSTITUTE(SUBSTITUTE(SUBSTITUTE(SUBSTITUTE(SUBSTITUTE(SUBSTITUTE(SUBSTITUTE(LOWER(TRIM(D59)),"ё","е")," -","-"),"- ","-")," 2 разряда","")," 3 разряда","")," 4 разряда","")," 5 разряда","")," 6 разряда","")," 1 категории","")," 2 категории","")," 3 категории","")))),IF(TRIM(SUBSTITUTE(SUBSTITUTE(SUBSTITUTE(SUBSTITUTE(SUBSTITUTE(SUBSTITUTE(SUBSTITUTE(SUBSTITUTE(SUBSTITUTE(SUBSTITUTE(SUBSTITUTE(LOWER(TRIM(D59)),"ё","е")," -","-"),"- ","-")," 2 разряда","")," 3 разряда","")," 4 разряда","")," 5 разряда","")," 6 разряда","")," 1 категории","")," 2 категории","")," 3 категории",""))="ведущий инженер",IF(ISNUMBER(SEARCH("диспетч",E59)),"ведущий инженер пдо",TRIM(SUBSTITUTE(SUBSTITUTE(SUBSTITUTE(SUBSTITUTE(SUBSTITUTE(SUBSTITUTE(SUBSTITUTE(SUBSTITUTE(SUBSTITUTE(SUBSTITUTE(SUBSTITUTE(LOWER(TRIM(D59)),"ё","е")," -","-"),"- ","-")," 2 разряда","")," 3 разряда","")," 4 разряда","")," 5 разряда","")," 6 разряда","")," 1 категории","")," 2 категории","")," 3 категории",""))),IF(TRIM(SUBSTITUTE(SUBSTITUTE(SUBSTITUTE(SUBSTITUTE(SUBSTITUTE(SUBSTITUTE(SUBSTITUTE(SUBSTITUTE(SUBSTITUTE(SUBSTITUTE(SUBSTITUTE(LOWER(TRIM(D59)),"ё","е")," -","-"),"- ","-")," 2 разряда","")," 3 разряда","")," 4 разряда","")," 5 разряда","")," 6 разряда","")," 1 категории","")," 2 категории","")," 3 категории",""))="контролер","контролер отк",TRIM(SUBSTITUTE(SUBSTITUTE(SUBSTITUTE(SUBSTITUTE(SUBSTITUTE(SUBSTITUTE(SUBSTITUTE(SUBSTITUTE(SUBSTITUTE(SUBSTITUTE(SUBSTITUTE(LOWER(TRIM(D59)),"ё","е")," -","-"),"- ","-")," 2 разряда","")," 3 разряда","")," 4 разряда","")," 5 разряда","")," 6 разряда","")," 1 категории","")," 2 категории","")," 3 категории","")))))) -> электромонтажник | H59: =IF(C59="","",IF(AND(G59="мастер участка",ISNUMBER(SEARCH("РЭО",E59))),29,IFERROR(INDEX(Соответствие!$B$2:$B$100,MATCH(G59,Соответствие!$A$2:$A$100,0)),"?"))) -> 20 | I59: =IF(C59="","",IFERROR(INDEX(Перечень!$C$6:$C$52,MATCH(H59,Перечень!$A$6:$A$52,0)),"")) -> п.4.3.1, п.4.3.2, п.4.4, п.4.9, п.5.1, п.5.2, п.6.2, п.9 | J59: =IF(C59="","",IFERROR(INDEX(Перечень!$D$6:$D$52,MATCH(H59,Перечень!$A$6:$A$52,0)),12)) -> 12 | K59: 45768 | M59: =IF(AND(K59="",L59=""),"",EDATE(MAX(K59,L59),J59)) -> 46133 | N59: =IF(C59="","",IFERROR(INDEX(Перечень!$F$6:$F$52,MATCH(H59,Перечень!$A$6:$A$52,0)),"")) -> Да | P59: =IF(O59="","",EDATE(O59,60)) | Q59: =IF(AND(K59<>"",F59<>"",K59>F59),"Да","") | R59: =IF(C59="","",IF(M59="","Нет сведений",IF(M59<TODAY(),"Просрочен",IF(M59-TODAY()<=30,"Истекает","В срок")))) -> Просрочен | S59: =IF(AND(N59="Да",O59=""),"Не пройдено","") -> Не пройдено
A60: =IF(C60="","",ROW()-5) -> 55 | B60: Воронеж | C60: Зеленов Михаил Валерьевич | D60: Электромонтажник 5 разряда | E60: Участок РЭО В | F60: 44124 | G60: =IF(C60="","",IF(TRIM(SUBSTITUTE(SUBSTITUTE(SUBSTITUTE(SUBSTITUTE(SUBSTITUTE(SUBSTITUTE(SUBSTITUTE(SUBSTITUTE(SUBSTITUTE(SUBSTITUTE(SUBSTITUTE(LOWER(TRIM(D60)),"ё","е")," -","-"),"- ","-")," 2 разряда","")," 3 разряда","")," 4 разряда","")," 5 разряда","")," 6 разряда","")," 1 категории","")," 2 категории","")," 3 категории",""))="инженер",IF(AND(ISNUMBER(SEARCH("техническ",E60)),ISNUMBER(SEARCH("контрол",E60))),"инженер отк",IF(ISNUMBER(SEARCH("диспетч",E60)),"инженер пдо",TRIM(SUBSTITUTE(SUBSTITUTE(SUBSTITUTE(SUBSTITUTE(SUBSTITUTE(SUBSTITUTE(SUBSTITUTE(SUBSTITUTE(SUBSTITUTE(SUBSTITUTE(SUBSTITUTE(LOWER(TRIM(D60)),"ё","е")," -","-"),"- ","-")," 2 разряда","")," 3 разряда","")," 4 разряда","")," 5 разряда","")," 6 разряда","")," 1 категории","")," 2 категории","")," 3 категории","")))),IF(TRIM(SUBSTITUTE(SUBSTITUTE(SUBSTITUTE(SUBSTITUTE(SUBSTITUTE(SUBSTITUTE(SUBSTITUTE(SUBSTITUTE(SUBSTITUTE(SUBSTITUTE(SUBSTITUTE(LOWER(TRIM(D60)),"ё","е")," -","-"),"- ","-")," 2 разряда","")," 3 разряда","")," 4 разряда","")," 5 разряда","")," 6 разряда","")," 1 категории","")," 2 категории","")," 3 категории",""))="ведущий инженер",IF(ISNUMBER(SEARCH("диспетч",E60)),"ведущий инженер пдо",TRIM(SUBSTITUTE(SUBSTITUTE(SUBSTITUTE(SUBSTITUTE(SUBSTITUTE(SUBSTITUTE(SUBSTITUTE(SUBSTITUTE(SUBSTITUTE(SUBSTITUTE(SUBSTITUTE(LOWER(TRIM(D60)),"ё","е")," -","-"),"- ","-")," 2 разряда","")," 3 разряда","")," 4 разряда","")," 5 разряда","")," 6 разряда","")," 1 категории","")," 2 категории","")," 3 категории",""))),IF(TRIM(SUBSTITUTE(SUBSTITUTE(SUBSTITUTE(SUBSTITUTE(SUBSTITUTE(SUBSTITUTE(SUBSTITUTE(SUBSTITUTE(SUBSTITUTE(SUBSTITUTE(SUBSTITUTE(LOWER(TRIM(D60)),"ё","е")," -","-"),"- ","-")," 2 разряда","")," 3 разряда","")," 4 разряда","")," 5 разряда","")," 6 разряда","")," 1 категории","")," 2 категории","")," 3 категории",""))="контролер","контролер отк",TRIM(SUBSTITUTE(SUBSTITUTE(SUBSTITUTE(SUBSTITUTE(SUBSTITUTE(SUBSTITUTE(SUBSTITUTE(SUBSTITUTE(SUBSTITUTE(SUBSTITUTE(SUBSTITUTE(LOWER(TRIM(D60)),"ё","е")," -","-"),"- ","-")," 2 разряда","")," 3 разряда","")," 4 разряда","")," 5 разряда","")," 6 разряда","")," 1 категории","")," 2 категории","")," 3 категории","")))))) -> электромонтажник | H60: =IF(C60="","",IF(AND(G60="мастер участка",ISNUMBER(SEARCH("РЭО",E60))),29,IFERROR(INDEX(Соответствие!$B$2:$B$100,MATCH(G60,Соответствие!$A$2:$A$100,0)),"?"))) -> 20 | I60: =IF(C60="","",IFERROR(INDEX(Перечень!$C$6:$C$52,MATCH(H60,Перечень!$A$6:$A$52,0)),"")) -> п.4.3.1, п.4.3.2, п.4.4, п.4.9, п.5.1, п.5.2, п.6.2, п.9 | J60: =IF(C60="","",IFERROR(INDEX(Перечень!$D$6:$D$52,MATCH(H60,Перечень!$A$6:$A$52,0)),12)) -> 12 | K60: 44662 | M60: =IF(AND(K60="",L60=""),"",EDATE(MAX(K60,L60),J60)) -> 45027 | N60: =IF(C60="","",IFERROR(INDEX(Перечень!$F$6:$F$52,MATCH(H60,Перечень!$A$6:$A$52,0)),"")) -> Да | P60: =IF(O60="","",EDATE(O60,60)) | Q60: =IF(AND(K60<>"",F60<>"",K60>F60),"Да","") -> Да | R60: =IF(C60="","",IF(M60="","Нет сведений",IF(M60<TODAY(),"Просрочен",IF(M60-TODAY()<=30,"Истекает","В срок")))) -> Просрочен | S60: =IF(AND(N60="Да",O60=""),"Не пройдено","") -> Не пройдено
A61: =IF(C61="","",ROW()-5) -> 56 | B61: Воронеж | C61: Золотарев Сергей Константинович | D61: Электромонтажник 5 разряда | E61: Участок РЭО В | F61: 45793 | G61: =IF(C61="","",IF(TRIM(SUBSTITUTE(SUBSTITUTE(SUBSTITUTE(SUBSTITUTE(SUBSTITUTE(SUBSTITUTE(SUBSTITUTE(SUBSTITUTE(SUBSTITUTE(SUBSTITUTE(SUBSTITUTE(LOWER(TRIM(D61)),"ё","е")," -","-"),"- ","-")," 2 разряда","")," 3 разряда","")," 4 разряда","")," 5 разряда","")," 6 разряда","")," 1 категории","")," 2 категории","")," 3 категории",""))="инженер",IF(AND(ISNUMBER(SEARCH("техническ",E61)),ISNUMBER(SEARCH("контрол",E61))),"инженер отк",IF(ISNUMBER(SEARCH("диспетч",E61)),"инженер пдо",TRIM(SUBSTITUTE(SUBSTITUTE(SUBSTITUTE(SUBSTITUTE(SUBSTITUTE(SUBSTITUTE(SUBSTITUTE(SUBSTITUTE(SUBSTITUTE(SUBSTITUTE(SUBSTITUTE(LOWER(TRIM(D61)),"ё","е")," -","-"),"- ","-")," 2 разряда","")," 3 разряда","")," 4 разряда","")," 5 разряда","")," 6 разряда","")," 1 категории","")," 2 категории","")," 3 категории","")))),IF(TRIM(SUBSTITUTE(SUBSTITUTE(SUBSTITUTE(SUBSTITUTE(SUBSTITUTE(SUBSTITUTE(SUBSTITUTE(SUBSTITUTE(SUBSTITUTE(SUBSTITUTE(SUBSTITUTE(LOWER(TRIM(D61)),"ё","е")," -","-"),"- ","-")," 2 разряда","")," 3 разряда","")," 4 разряда","")," 5 разряда","")," 6 разряда","")," 1 категории","")," 2 категории","")," 3 категории",""))="ведущий инженер",IF(ISNUMBER(SEARCH("диспетч",E61)),"ведущий инженер пдо",TRIM(SUBSTITUTE(SUBSTITUTE(SUBSTITUTE(SUBSTITUTE(SUBSTITUTE(SUBSTITUTE(SUBSTITUTE(SUBSTITUTE(SUBSTITUTE(SUBSTITUTE(SUBSTITUTE(LOWER(TRIM(D61)),"ё","е")," -","-"),"- ","-")," 2 разряда","")," 3 разряда","")," 4 разряда","")," 5 разряда","")," 6 разряда","")," 1 категории","")," 2 категории","")," 3 категории",""))),IF(TRIM(SUBSTITUTE(SUBSTITUTE(SUBSTITUTE(SUBSTITUTE(SUBSTITUTE(SUBSTITUTE(SUBSTITUTE(SUBSTITUTE(SUBSTITUTE(SUBSTITUTE(SUBSTITUTE(LOWER(TRIM(D61)),"ё","е")," -","-"),"- ","-")," 2 разряда","")," 3 разряда","")," 4 разряда","")," 5 разряда","")," 6 разряда","")," 1 категории","")," 2 категории","")," 3 категории",""))="контролер","контролер отк",TRIM(SUBSTITUTE(SUBSTITUTE(SUBSTITUTE(SUBSTITUTE(SUBSTITUTE(SUBSTITUTE(SUBSTITUTE(SUBSTITUTE(SUBSTITUTE(SUBSTITUTE(SUBSTITUTE(LOWER(TRIM(D61)),"ё","е")," -","-"),"- ","-")," 2 разряда","")," 3 разряда","")," 4 разряда","")," 5 разряда","")," 6 разряда","")," 1 категории","")," 2 категории","")," 3 категории","")))))) -> электромонтажник | H61: =IF(C61="","",IF(AND(G61="мастер участка",ISNUMBER(SEARCH("РЭО",E61))),29,IFERROR(INDEX(Соответствие!$B$2:$B$100,MATCH(G61,Соответствие!$A$2:$A$100,0)),"?"))) -> 20 | I61: =IF(C61="","",IFERROR(INDEX(Перечень!$C$6:$C$52,MATCH(H61,Перечень!$A$6:$A$52,0)),"")) -> п.4.3.1, п.4.3.2, п.4.4, п.4.9, п.5.1, п.5.2, п.6.2, п.9 | J61: =IF(C61="","",IFERROR(INDEX(Перечень!$D$6:$D$52,MATCH(H61,Перечень!$A$6:$A$52,0)),12)) -> 12 | K61: 45791 | M61: =IF(AND(K61="",L61=""),"",EDATE(MAX(K61,L61),J61)) -> 46156 | N61: =IF(C61="","",IFERROR(INDEX(Перечень!$F$6:$F$52,MATCH(H61,Перечень!$A$6:$A$52,0)),"")) -> Да | P61: =IF(O61="","",EDATE(O61,60)) | Q61: =IF(AND(K61<>"",F61<>"",K61>F61),"Да","") | R61: =IF(C61="","",IF(M61="","Нет сведений",IF(M61<TODAY(),"Просрочен",IF(M61-TODAY()<=30,"Истекает","В срок")))) -> Просрочен | S61: =IF(AND(N61="Да",O61=""),"Не пройдено","") -> Не пройдено
A62: =IF(C62="","",ROW()-5) -> 57 | B62: Воронеж | C62: Ковалёв Алексей Александрович | D62: Электромонтажник 5 разряда | E62: Участок РЭО В | F62: 44322 | G62: =IF(C62="","",IF(TRIM(SUBSTITUTE(SUBSTITUTE(SUBSTITUTE(SUBSTITUTE(SUBSTITUTE(SUBSTITUTE(SUBSTITUTE(SUBSTITUTE(SUBSTITUTE(SUBSTITUTE(SUBSTITUTE(LOWER(TRIM(D62)),"ё","е")," -","-"),"- ","-")," 2 разряда","")," 3 разряда","")," 4 разряда","")," 5 разряда","")," 6 разряда","")," 1 категории","")," 2 категории","")," 3 категории",""))="инженер",IF(AND(ISNUMBER(SEARCH("техническ",E62)),ISNUMBER(SEARCH("контрол",E62))),"инженер отк",IF(ISNUMBER(SEARCH("диспетч",E62)),"инженер пдо",TRIM(SUBSTITUTE(SUBSTITUTE(SUBSTITUTE(SUBSTITUTE(SUBSTITUTE(SUBSTITUTE(SUBSTITUTE(SUBSTITUTE(SUBSTITUTE(SUBSTITUTE(SUBSTITUTE(LOWER(TRIM(D62)),"ё","е")," -","-"),"- ","-")," 2 разряда","")," 3 разряда","")," 4 разряда","")," 5 разряда","")," 6 разряда","")," 1 категории","")," 2 категории","")," 3 категории","")))),IF(TRIM(SUBSTITUTE(SUBSTITUTE(SUBSTITUTE(SUBSTITUTE(SUBSTITUTE(SUBSTITUTE(SUBSTITUTE(SUBSTITUTE(SUBSTITUTE(SUBSTITUTE(SUBSTITUTE(LOWER(TRIM(D62)),"ё","е")," -","-"),"- ","-")," 2 разряда","")," 3 разряда","")," 4 разряда","")," 5 разряда","")," 6 разряда","")," 1 категории","")," 2 категории","")," 3 категории",""))="ведущий инженер",IF(ISNUMBER(SEARCH("диспетч",E62)),"ведущий инженер пдо",TRIM(SUBSTITUTE(SUBSTITUTE(SUBSTITUTE(SUBSTITUTE(SUBSTITUTE(SUBSTITUTE(SUBSTITUTE(SUBSTITUTE(SUBSTITUTE(SUBSTITUTE(SUBSTITUTE(LOWER(TRIM(D62)),"ё","е")," -","-"),"- ","-")," 2 разряда","")," 3 разряда","")," 4 разряда","")," 5 разряда","")," 6 разряда","")," 1 категории","")," 2 категории","")," 3 категории",""))),IF(TRIM(SUBSTITUTE(SUBSTITUTE(SUBSTITUTE(SUBSTITUTE(SUBSTITUTE(SUBSTITUTE(SUBSTITUTE(SUBSTITUTE(SUBSTITUTE(SUBSTITUTE(SUBSTITUTE(LOWER(TRIM(D62)),"ё","е")," -","-"),"- ","-")," 2 разряда","")," 3 разряда","")," 4 разряда","")," 5 разряда","")," 6 разряда","")," 1 категории","")," 2 категории","")," 3 категории",""))="контролер","контролер отк",TRIM(SUBSTITUTE(SUBSTITUTE(SUBSTITUTE(SUBSTITUTE(SUBSTITUTE(SUBSTITUTE(SUBSTITUTE(SUBSTITUTE(SUBSTITUTE(SUBSTITUTE(SUBSTITUTE(LOWER(TRIM(D62)),"ё","е")," -","-"),"- ","-")," 2 разряда","")," 3 разряда","")," 4 разряда","")," 5 разряда","")," 6 разряда","")," 1 категории","")," 2 категории","")," 3 категории","")))))) -> электромонтажник | H62: =IF(C62="","",IF(AND(G62="мастер участка",ISNUMBER(SEARCH("РЭО",E62))),29,IFERROR(INDEX(Соответствие!$B$2:$B$100,MATCH(G62,Соответствие!$A$2:$A$100,0)),"?"))) -> 20 | I62: =IF(C62="","",IFERROR(INDEX(Перечень!$C$6:$C$52,MATCH(H62,Перечень!$A$6:$A$52,0)),"")) -> п.4.3.1, п.4.3.2, п.4.4, п.4.9, п.5.1, п.5.2, п.6.2, п.9 | J62: =IF(C62="","",IFERROR(INDEX(Перечень!$D$6:$D$52,MATCH(H62,Перечень!$A$6:$A$52,0)),12)) -> 12 | K62: 44662 | M62: =IF(AND(K62="",L62=""),"",EDATE(MAX(K62,L62),J62)) -> 45027 | N62: =IF(C62="","",IFERROR(INDEX(Перечень!$F$6:$F$52,MATCH(H62,Перечень!$A$6:$A$52,0)),"")) -> Да | P62: =IF(O62="","",EDATE(O62,60)) | Q62: =IF(AND(K62<>"",F62<>"",K62>F62),"Да","") -> Да | R62: =IF(C62="","",IF(M62="","Нет сведений",IF(M62<TODAY(),"Просрочен",IF(M62-TODAY()<=30,"Истекает","В срок")))) -> Просрочен | S62: =IF(AND(N62="Да",O62=""),"Не пройдено","") -> Не пройдено
A63: =IF(C63="","",ROW()-5) -> 58 | B63: Воронеж | C63: Силуянов Виктор Ильич | D63: Электромонтажник 5 разряда | E63: Участок РЭО В | F63: 45810 | G63: =IF(C63="","",IF(TRIM(SUBSTITUTE(SUBSTITUTE(SUBSTITUTE(SUBSTITUTE(SUBSTITUTE(SUBSTITUTE(SUBSTITUTE(SUBSTITUTE(SUBSTITUTE(SUBSTITUTE(SUBSTITUTE(LOWER(TRIM(D63)),"ё","е")," -","-"),"- ","-")," 2 разряда","")," 3 разряда","")," 4 разряда","")," 5 разряда","")," 6 разряда","")," 1 категории","")," 2 категории","")," 3 категории",""))="инженер",IF(AND(ISNUMBER(SEARCH("техническ",E63)),ISNUMBER(SEARCH("контрол",E63))),"инженер отк",IF(ISNUMBER(SEARCH("диспетч",E63)),"инженер пдо",TRIM(SUBSTITUTE(SUBSTITUTE(SUBSTITUTE(SUBSTITUTE(SUBSTITUTE(SUBSTITUTE(SUBSTITUTE(SUBSTITUTE(SUBSTITUTE(SUBSTITUTE(SUBSTITUTE(LOWER(TRIM(D63)),"ё","е")," -","-"),"- ","-")," 2 разряда","")," 3 разряда","")," 4 разряда","")," 5 разряда","")," 6 разряда","")," 1 категории","")," 2 категории","")," 3 категории","")))),IF(TRIM(SUBSTITUTE(SUBSTITUTE(SUBSTITUTE(SUBSTITUTE(SUBSTITUTE(SUBSTITUTE(SUBSTITUTE(SUBSTITUTE(SUBSTITUTE(SUBSTITUTE(SUBSTITUTE(LOWER(TRIM(D63)),"ё","е")," -","-"),"- ","-")," 2 разряда","")," 3 разряда","")," 4 разряда","")," 5 разряда","")," 6 разряда","")," 1 категории","")," 2 категории","")," 3 категории",""))="ведущий инженер",IF(ISNUMBER(SEARCH("диспетч",E63)),"ведущий инженер пдо",TRIM(SUBSTITUTE(SUBSTITUTE(SUBSTITUTE(SUBSTITUTE(SUBSTITUTE(SUBSTITUTE(SUBSTITUTE(SUBSTITUTE(SUBSTITUTE(SUBSTITUTE(SUBSTITUTE(LOWER(TRIM(D63)),"ё","е")," -","-"),"- ","-")," 2 разряда","")," 3 разряда","")," 4 разряда","")," 5 разряда","")," 6 разряда","")," 1 категории","")," 2 категории","")," 3 категории",""))),IF(TRIM(SUBSTITUTE(SUBSTITUTE(SUBSTITUTE(SUBSTITUTE(SUBSTITUTE(SUBSTITUTE(SUBSTITUTE(SUBSTITUTE(SUBSTITUTE(SUBSTITUTE(SUBSTITUTE(LOWER(TRIM(D63)),"ё","е")," -","-"),"- ","-")," 2 разряда","")," 3 разряда","")," 4 разряда","")," 5 разряда","")," 6 разряда","")," 1 категории","")," 2 категории","")," 3 категории",""))="контролер","контролер отк",TRIM(SUBSTITUTE(SUBSTITUTE(SUBSTITUTE(SUBSTITUTE(SUBSTITUTE(SUBSTITUTE(SUBSTITUTE(SUBSTITUTE(SUBSTITUTE(SUBSTITUTE(SUBSTITUTE(LOWER(TRIM(D63)),"ё","е")," -","-"),"- ","-")," 2 разряда","")," 3 разряда","")," 4 разряда","")," 5 разряда","")," 6 разряда","")," 1 категории","")," 2 категории","")," 3 категории","")))))) -> электромонтажник | H63: =IF(C63="","",IF(AND(G63="мастер участка",ISNUMBER(SEARCH("РЭО",E63))),29,IFERROR(INDEX(Соответствие!$B$2:$B$100,MATCH(G63,Соответствие!$A$2:$A$100,0)),"?"))) -> 20 | I63: =IF(C63="","",IFERROR(INDEX(Перечень!$C$6:$C$52,MATCH(H63,Перечень!$A$6:$A$52,0)),"")) -> п.4.3.1, п.4.3.2, п.4.4, п.4.9, п.5.1, п.5.2, п.6.2, п.9 | J63: =IF(C63="","",IFERROR(INDEX(Перечень!$D$6:$D$52,MATCH(H63,Перечень!$A$6:$A$52,0)),12)) -> 12 | K63: 45805 | M63: =IF(AND(K63="",L63=""),"",EDATE(MAX(K63,L63),J63)) -> 46170 | N63: =IF(C63="","",IFERROR(INDEX(Перечень!$F$6:$F$52,MATCH(H63,Перечень!$A$6:$A$52,0)),"")) -> Да | P63: =IF(O63="","",EDATE(O63,60)) | Q63: =IF(AND(K63<>"",F63<>"",K63>F63),"Да","") | R63: =IF(C63="","",IF(M63="","Нет сведений",IF(M63<TODAY(),"Просрочен",IF(M63-TODAY()<=30,"Истекает","В срок")))) -> Просрочен | S63: =IF(AND(N63="Да",O63=""),"Не пройдено","") -> Не пройдено
A64: =IF(C64="","",ROW()-5) -> 59 | B64: Воронеж | C64: Соболев Виталий Юрьевич | D64: Электромонтажник 5 разряда | E64: Участок РЭО В | F64: 45846 | G64: =IF(C64="","",IF(TRIM(SUBSTITUTE(SUBSTITUTE(SUBSTITUTE(SUBSTITUTE(SUBSTITUTE(SUBSTITUTE(SUBSTITUTE(SUBSTITUTE(SUBSTITUTE(SUBSTITUTE(SUBSTITUTE(LOWER(TRIM(D64)),"ё","е")," -","-"),"- ","-")," 2 разряда","")," 3 разряда","")," 4 разряда","")," 5 разряда","")," 6 разряда","")," 1 категории","")," 2 категории","")," 3 категории",""))="инженер",IF(AND(ISNUMBER(SEARCH("техническ",E64)),ISNUMBER(SEARCH("контрол",E64))),"инженер отк",IF(ISNUMBER(SEARCH("диспетч",E64)),"инженер пдо",TRIM(SUBSTITUTE(SUBSTITUTE(SUBSTITUTE(SUBSTITUTE(SUBSTITUTE(SUBSTITUTE(SUBSTITUTE(SUBSTITUTE(SUBSTITUTE(SUBSTITUTE(SUBSTITUTE(LOWER(TRIM(D64)),"ё","е")," -","-"),"- ","-")," 2 разряда","")," 3 разряда","")," 4 разряда","")," 5 разряда","")," 6 разряда","")," 1 категории","")," 2 категории","")," 3 категории","")))),IF(TRIM(SUBSTITUTE(SUBSTITUTE(SUBSTITUTE(SUBSTITUTE(SUBSTITUTE(SUBSTITUTE(SUBSTITUTE(SUBSTITUTE(SUBSTITUTE(SUBSTITUTE(SUBSTITUTE(LOWER(TRIM(D64)),"ё","е")," -","-"),"- ","-")," 2 разряда","")," 3 разряда","")," 4 разряда","")," 5 разряда","")," 6 разряда","")," 1 категории","")," 2 категории","")," 3 категории",""))="ведущий инженер",IF(ISNUMBER(SEARCH("диспетч",E64)),"ведущий инженер пдо",TRIM(SUBSTITUTE(SUBSTITUTE(SUBSTITUTE(SUBSTITUTE(SUBSTITUTE(SUBSTITUTE(SUBSTITUTE(SUBSTITUTE(SUBSTITUTE(SUBSTITUTE(SUBSTITUTE(LOWER(TRIM(D64)),"ё","е")," -","-"),"- ","-")," 2 разряда","")," 3 разряда","")," 4 разряда","")," 5 разряда","")," 6 разряда","")," 1 категории","")," 2 категории","")," 3 категории",""))),IF(TRIM(SUBSTITUTE(SUBSTITUTE(SUBSTITUTE(SUBSTITUTE(SUBSTITUTE(SUBSTITUTE(SUBSTITUTE(SUBSTITUTE(SUBSTITUTE(SUBSTITUTE(SUBSTITUTE(LOWER(TRIM(D64)),"ё","е")," -","-"),"- ","-")," 2 разряда","")," 3 разряда","")," 4 разряда","")," 5 разряда","")," 6 разряда","")," 1 категории","")," 2 категории","")," 3 категории",""))="контролер","контролер отк",TRIM(SUBSTITUTE(SUBSTITUTE(SUBSTITUTE(SUBSTITUTE(SUBSTITUTE(SUBSTITUTE(SUBSTITUTE(SUBSTITUTE(SUBSTITUTE(SUBSTITUTE(SUBSTITUTE(LOWER(TRIM(D64)),"ё","е")," -","-"),"- ","-")," 2 разряда","")," 3 разряда","")," 4 разряда","")," 5 разряда","")," 6 разряда","")," 1 категории","")," 2 категории","")," 3 категории","")))))) -> электромонтажник | H64: =IF(C64="","",IF(AND(G64="мастер участка",ISNUMBER(SEARCH("РЭО",E64))),29,IFERROR(INDEX(Соответствие!$B$2:$B$100,MATCH(G64,Соответствие!$A$2:$A$100,0)),"?"))) -> 20 | I64: =IF(C64="","",IFERROR(INDEX(Перечень!$C$6:$C$52,MATCH(H64,Перечень!$A$6:$A$52,0)),"")) -> п.4.3.1, п.4.3.2, п.4.4, п.4.9, п.5.1, п.5.2, п.6.2, п.9 | J64: =IF(C64="","",IFERROR(INDEX(Перечень!$D$6:$D$52,MATCH(H64,Перечень!$A$6:$A$52,0)),12)) -> 12 | M64: =IF(AND(K64="",L64=""),"",EDATE(MAX(K64,L64),J64)) | N64: =IF(C64="","",IFERROR(INDEX(Перечень!$F$6:$F$52,MATCH(H64,Перечень!$A$6:$A$52,0)),"")) -> Да | P64: =IF(O64="","",EDATE(O64,60)) | Q64: =IF(AND(K64<>"",F64<>"",K64>F64),"Да","") | R64: =IF(C64="","",IF(M64="","Нет сведений",IF(M64<TODAY(),"Просрочен",IF(M64-TODAY()<=30,"Истекает","В срок")))) -> Нет сведений | S64: =IF(AND(N64="Да",O64=""),"Не пройдено","") -> Не пройдено
A65: =IF(C65="","",ROW()-5) -> 60 | B65: Воронеж | C65: Солмин Александр Юрьевич | D65: Электромонтажник 5 разряда | E65: Участок РЭО В | F65: 44153 | G65: =IF(C65="","",IF(TRIM(SUBSTITUTE(SUBSTITUTE(SUBSTITUTE(SUBSTITUTE(SUBSTITUTE(SUBSTITUTE(SUBSTITUTE(SUBSTITUTE(SUBSTITUTE(SUBSTITUTE(SUBSTITUTE(LOWER(TRIM(D65)),"ё","е")," -","-"),"- ","-")," 2 разряда","")," 3 разряда","")," 4 разряда","")," 5 разряда","")," 6 разряда","")," 1 категории","")," 2 категории","")," 3 категории",""))="инженер",IF(AND(ISNUMBER(SEARCH("техническ",E65)),ISNUMBER(SEARCH("контрол",E65))),"инженер отк",IF(ISNUMBER(SEARCH("диспетч",E65)),"инженер пдо",TRIM(SUBSTITUTE(SUBSTITUTE(SUBSTITUTE(SUBSTITUTE(SUBSTITUTE(SUBSTITUTE(SUBSTITUTE(SUBSTITUTE(SUBSTITUTE(SUBSTITUTE(SUBSTITUTE(LOWER(TRIM(D65)),"ё","е")," -","-"),"- ","-")," 2 разряда","")," 3 разряда","")," 4 разряда","")," 5 разряда","")," 6 разряда","")," 1 категории","")," 2 категории","")," 3 категории","")))),IF(TRIM(SUBSTITUTE(SUBSTITUTE(SUBSTITUTE(SUBSTITUTE(SUBSTITUTE(SUBSTITUTE(SUBSTITUTE(SUBSTITUTE(SUBSTITUTE(SUBSTITUTE(SUBSTITUTE(LOWER(TRIM(D65)),"ё","е")," -","-"),"- ","-")," 2 разряда","")," 3 разряда","")," 4 разряда","")," 5 разряда","")," 6 разряда","")," 1 категории","")," 2 категории","")," 3 категории",""))="ведущий инженер",IF(ISNUMBER(SEARCH("диспетч",E65)),"ведущий инженер пдо",TRIM(SUBSTITUTE(SUBSTITUTE(SUBSTITUTE(SUBSTITUTE(SUBSTITUTE(SUBSTITUTE(SUBSTITUTE(SUBSTITUTE(SUBSTITUTE(SUBSTITUTE(SUBSTITUTE(LOWER(TRIM(D65)),"ё","е")," -","-"),"- ","-")," 2 разряда","")," 3 разряда","")," 4 разряда","")," 5 разряда","")," 6 разряда","")," 1 категории","")," 2 категории","")," 3 категории",""))),IF(TRIM(SUBSTITUTE(SUBSTITUTE(SUBSTITUTE(SUBSTITUTE(SUBSTITUTE(SUBSTITUTE(SUBSTITUTE(SUBSTITUTE(SUBSTITUTE(SUBSTITUTE(SUBSTITUTE(LOWER(TRIM(D65)),"ё","е")," -","-"),"- ","-")," 2 разряда","")," 3 разряда","")," 4 разряда","")," 5 разряда","")," 6 разряда","")," 1 категории","")," 2 категории","")," 3 категории",""))="контролер","контролер отк",TRIM(SUBSTITUTE(SUBSTITUTE(SUBSTITUTE(SUBSTITUTE(SUBSTITUTE(SUBSTITUTE(SUBSTITUTE(SUBSTITUTE(SUBSTITUTE(SUBSTITUTE(SUBSTITUTE(LOWER(TRIM(D65)),"ё","е")," -","-"),"- ","-")," 2 разряда","")," 3 разряда","")," 4 разряда","")," 5 разряда","")," 6 разряда","")," 1 категории","")," 2 категории","")," 3 категории","")))))) -> электромонтажник | H65: =IF(C65="","",IF(AND(G65="мастер участка",ISNUMBER(SEARCH("РЭО",E65))),29,IFERROR(INDEX(Соответствие!$B$2:$B$100,MATCH(G65,Соответствие!$A$2:$A$100,0)),"?"))) -> 20 | I65: =IF(C65="","",IFERROR(INDEX(Перечень!$C$6:$C$52,MATCH(H65,Перечень!$A$6:$A$52,0)),"")) -> п.4.3.1, п.4.3.2, п.4.4, п.4.9, п.5.1, п.5.2, п.6.2, п.9 | J65: =IF(C65="","",IFERROR(INDEX(Перечень!$D$6:$D$52,MATCH(H65,Перечень!$A$6:$A$52,0)),12)) -> 12 | K65: 44662 | M65: =IF(AND(K65="",L65=""),"",EDATE(MAX(K65,L65),J65)) -> 45027 | N65: =IF(C65="","",IFERROR(INDEX(Перечень!$F$6:$F$52,MATCH(H65,Перечень!$A$6:$A$52,0)),"")) -> Да | P65: =IF(O65="","",EDATE(O65,60)) | Q65: =IF(AND(K65<>"",F65<>"",K65>F65),"Да","") -> Да | R65: =IF(C65="","",IF(M65="","Нет сведений",IF(M65<TODAY(),"Просрочен",IF(M65-TODAY()<=30,"Истекает","В срок")))) -> Просрочен | S65: =IF(AND(N65="Да",O65=""),"Не пройдено","") -> Не пройдено
A66: =IF(C66="","",ROW()-5) -> 61 | B66: Воронеж | C66: Толстоплётов Денис Анатольевич | D66: Электромонтажник 5 разряда | E66: Участок РЭО В | F66: 45806 | G66: =IF(C66="","",IF(TRIM(SUBSTITUTE(SUBSTITUTE(SUBSTITUTE(SUBSTITUTE(SUBSTITUTE(SUBSTITUTE(SUBSTITUTE(SUBSTITUTE(SUBSTITUTE(SUBSTITUTE(SUBSTITUTE(LOWER(TRIM(D66)),"ё","е")," -","-"),"- ","-")," 2 разряда","")," 3 разряда","")," 4 разряда","")," 5 разряда","")," 6 разряда","")," 1 категории","")," 2 категории","")," 3 категории",""))="инженер",IF(AND(ISNUMBER(SEARCH("техническ",E66)),ISNUMBER(SEARCH("контрол",E66))),"инженер отк",IF(ISNUMBER(SEARCH("диспетч",E66)),"инженер пдо",TRIM(SUBSTITUTE(SUBSTITUTE(SUBSTITUTE(SUBSTITUTE(SUBSTITUTE(SUBSTITUTE(SUBSTITUTE(SUBSTITUTE(SUBSTITUTE(SUBSTITUTE(SUBSTITUTE(LOWER(TRIM(D66)),"ё","е")," -","-"),"- ","-")," 2 разряда","")," 3 разряда","")," 4 разряда","")," 5 разряда","")," 6 разряда","")," 1 категории","")," 2 категории","")," 3 категории","")))),IF(TRIM(SUBSTITUTE(SUBSTITUTE(SUBSTITUTE(SUBSTITUTE(SUBSTITUTE(SUBSTITUTE(SUBSTITUTE(SUBSTITUTE(SUBSTITUTE(SUBSTITUTE(SUBSTITUTE(LOWER(TRIM(D66)),"ё","е")," -","-"),"- ","-")," 2 разряда","")," 3 разряда","")," 4 разряда","")," 5 разряда","")," 6 разряда","")," 1 категории","")," 2 категории","")," 3 категории",""))="ведущий инженер",IF(ISNUMBER(SEARCH("диспетч",E66)),"ведущий инженер пдо",TRIM(SUBSTITUTE(SUBSTITUTE(SUBSTITUTE(SUBSTITUTE(SUBSTITUTE(SUBSTITUTE(SUBSTITUTE(SUBSTITUTE(SUBSTITUTE(SUBSTITUTE(SUBSTITUTE(LOWER(TRIM(D66)),"ё","е")," -","-"),"- ","-")," 2 разряда","")," 3 разряда","")," 4 разряда","")," 5 разряда","")," 6 разряда","")," 1 категории","")," 2 категории","")," 3 категории",""))),IF(TRIM(SUBSTITUTE(SUBSTITUTE(SUBSTITUTE(SUBSTITUTE(SUBSTITUTE(SUBSTITUTE(SUBSTITUTE(SUBSTITUTE(SUBSTITUTE(SUBSTITUTE(SUBSTITUTE(LOWER(TRIM(D66)),"ё","е")," -","-"),"- ","-")," 2 разряда","")," 3 разряда","")," 4 разряда","")," 5 разряда","")," 6 разряда","")," 1 категории","")," 2 категории","")," 3 категории",""))="контролер","контролер отк",TRIM(SUBSTITUTE(SUBSTITUTE(SUBSTITUTE(SUBSTITUTE(SUBSTITUTE(SUBSTITUTE(SUBSTITUTE(SUBSTITUTE(SUBSTITUTE(SUBSTITUTE(SUBSTITUTE(LOWER(TRIM(D66)),"ё","е")," -","-"),"- ","-")," 2 разряда","")," 3 разряда","")," 4 разряда","")," 5 разряда","")," 6 разряда","")," 1 категории","")," 2 категории","")," 3 категории","")))))) -> электромонтажник | H66: =IF(C66="","",IF(AND(G66="мастер участка",ISNUMBER(SEARCH("РЭО",E66))),29,IFERROR(INDEX(Соответствие!$B$2:$B$100,MATCH(G66,Соответствие!$A$2:$A$100,0)),"?"))) -> 20 | I66: =IF(C66="","",IFERROR(INDEX(Перечень!$C$6:$C$52,MATCH(H66,Перечень!$A$6:$A$52,0)),"")) -> п.4.3.1, п.4.3.2, п.4.4, п.4.9, п.5.1, п.5.2, п.6.2, п.9 | J66: =IF(C66="","",IFERROR(INDEX(Перечень!$D$6:$D$52,MATCH(H66,Перечень!$A$6:$A$52,0)),12)) -> 12 | K66: 45784 | M66: =IF(AND(K66="",L66=""),"",EDATE(MAX(K66,L66),J66)) -> 46149 | N66: =IF(C66="","",IFERROR(INDEX(Перечень!$F$6:$F$52,MATCH(H66,Перечень!$A$6:$A$52,0)),"")) -> Да | P66: =IF(O66="","",EDATE(O66,60)) | Q66: =IF(AND(K66<>"",F66<>"",K66>F66),"Да","") | R66: =IF(C66="","",IF(M66="","Нет сведений",IF(M66<TODAY(),"Просрочен",IF(M66-TODAY()<=30,"Истекает","В срок")))) -> Просрочен | S66: =IF(AND(N66="Да",O66=""),"Не пройдено","") -> Не пройдено
